{
  "schema": "f18-qualification-reset-local-proof-v1",
  "label": "F18 LOCAL CORRECTION CANDIDATE — AWAITING QA / LOCAL TX PROOF",
  "helper": "scripts/prove-f3-qualification-reset-local.mjs",
  "hostedIdentityProof": false,
  "disposableContact": false,
  "productionContact": false,
  "wipeRejectionCode": "F3_WIPE_FORBIDDEN_FOR_STUB_LIVE_PIN_AUTH",
  "mustLocal": false,
  "localPg": {
    "available": true,
    "reason": null,
    "classification": "LOCAL_PG_EXECUTED",
    "serverVersion": "17.11 (Ubuntu 17.11-1.pgdg24.04+2)"
  },
  "distinctions": {
    "checks": 24,
    "scenarios": 9,
    "executedTransactions": 8
  },
  "cases": [
    {
      "id": "WIPE_STILL_REJECTED",
      "kind": "check",
      "ok": true,
      "capture": null,
      "resetApply": null,
      "sql": null,
      "observedPhase": null,
      "commit": null,
      "rollback": null,
      "replay": false,
      "code": "F3_WIPE_FORBIDDEN_FOR_STUB_LIVE_PIN_AUTH",
      "verdict": null,
      "executedTransaction": false,
      "note": null,
      "captureCalls": null,
      "transportCalls": null,
      "applyCalls": null,
      "sqlCalls": null,
      "mutationPhaseReached": false,
      "processStatus": null,
      "signal": null,
      "timeout": null,
      "structuredError": null,
      "streams": null,
      "stdout": null,
      "stderr": null,
      "lockWaitObserved": null,
      "lockSamples": null,
      "preResetCommittedDrift": null,
      "interleaving": null,
      "backendBoundLock": null,
      "holderCommitted": null,
      "holderResult": null,
      "timedOut": null,
      "status": null,
      "appliedSqlIdentity": null,
      "reparseAttestation": null
    },
    {
      "id": "INVENTORY_PSQL_ARGV_MACHINE_READABLE",
      "kind": "check",
      "ok": true,
      "capture": null,
      "resetApply": null,
      "sql": true,
      "observedPhase": null,
      "commit": null,
      "rollback": null,
      "replay": false,
      "code": null,
      "verdict": null,
      "executedTransaction": false,
      "note": null,
      "captureCalls": null,
      "transportCalls": null,
      "applyCalls": null,
      "sqlCalls": true,
      "mutationPhaseReached": false,
      "processStatus": null,
      "signal": null,
      "timeout": null,
      "structuredError": null,
      "streams": null,
      "stdout": null,
      "stderr": null,
      "lockWaitObserved": null,
      "lockSamples": null,
      "preResetCommittedDrift": null,
      "interleaving": null,
      "backendBoundLock": null,
      "holderCommitted": null,
      "holderResult": null,
      "timedOut": null,
      "status": null,
      "appliedSqlIdentity": null,
      "reparseAttestation": null
    },
    {
      "id": "ALIGNED_FRAMING_REJECTED",
      "kind": "check",
      "ok": true,
      "capture": "rejected",
      "resetApply": null,
      "sql": null,
      "observedPhase": null,
      "commit": null,
      "rollback": null,
      "replay": false,
      "code": "F13_INVENTORY_CAPTURE_FRAMING",
      "verdict": null,
      "executedTransaction": false,
      "note": null,
      "captureCalls": null,
      "transportCalls": null,
      "applyCalls": null,
      "sqlCalls": null,
      "mutationPhaseReached": false,
      "processStatus": null,
      "signal": null,
      "timeout": null,
      "structuredError": null,
      "streams": null,
      "stdout": null,
      "stderr": null,
      "lockWaitObserved": null,
      "lockSamples": null,
      "preResetCommittedDrift": null,
      "interleaving": null,
      "backendBoundLock": null,
      "holderCommitted": null,
      "holderResult": null,
      "timedOut": null,
      "status": null,
      "appliedSqlIdentity": null,
      "reparseAttestation": null
    },
    {
      "id": "FUNCTION_IDENTITY_NAMED_ARGS",
      "kind": "check",
      "ok": true,
      "capture": null,
      "resetApply": null,
      "sql": true,
      "observedPhase": null,
      "commit": null,
      "rollback": null,
      "replay": false,
      "code": null,
      "verdict": null,
      "executedTransaction": false,
      "note": null,
      "captureCalls": null,
      "transportCalls": null,
      "applyCalls": null,
      "sqlCalls": true,
      "mutationPhaseReached": false,
      "processStatus": null,
      "signal": null,
      "timeout": null,
      "structuredError": null,
      "streams": null,
      "stdout": null,
      "stderr": null,
      "lockWaitObserved": null,
      "lockSamples": null,
      "preResetCommittedDrift": null,
      "interleaving": null,
      "backendBoundLock": null,
      "holderCommitted": null,
      "holderResult": null,
      "timedOut": null,
      "status": null,
      "appliedSqlIdentity": null,
      "reparseAttestation": null
    },
    {
      "id": "UNEXPECTED_OBJECT_BLOCKS",
      "kind": "check",
      "ok": true,
      "capture": null,
      "resetApply": null,
      "sql": null,
      "observedPhase": null,
      "commit": null,
      "rollback": null,
      "replay": false,
      "code": "F13_UNEXPECTED_OBJECT_OR_DEPENDENCY",
      "verdict": null,
      "executedTransaction": false,
      "note": null,
      "captureCalls": null,
      "transportCalls": null,
      "applyCalls": null,
      "sqlCalls": null,
      "mutationPhaseReached": false,
      "processStatus": null,
      "signal": null,
      "timeout": null,
      "structuredError": null,
      "streams": null,
      "stdout": null,
      "stderr": null,
      "lockWaitObserved": null,
      "lockSamples": null,
      "preResetCommittedDrift": null,
      "interleaving": null,
      "backendBoundLock": null,
      "holderCommitted": null,
      "holderResult": null,
      "timedOut": null,
      "status": null,
      "appliedSqlIdentity": null,
      "reparseAttestation": null
    },
    {
      "id": "CLEAN_BASELINE_AUTH_TRIGGER_HOLD",
      "kind": "check",
      "ok": true,
      "capture": null,
      "resetApply": null,
      "sql": null,
      "observedPhase": null,
      "commit": null,
      "rollback": null,
      "replay": false,
      "code": "F13_UNSUPPORTED_MANAGED_LEFTOVER",
      "verdict": "HOLD",
      "executedTransaction": false,
      "note": null,
      "captureCalls": null,
      "transportCalls": null,
      "applyCalls": null,
      "sqlCalls": null,
      "mutationPhaseReached": false,
      "processStatus": null,
      "signal": null,
      "timeout": null,
      "structuredError": null,
      "streams": null,
      "stdout": null,
      "stderr": null,
      "lockWaitObserved": null,
      "lockSamples": null,
      "preResetCommittedDrift": null,
      "interleaving": null,
      "backendBoundLock": null,
      "holderCommitted": null,
      "holderResult": null,
      "timedOut": null,
      "status": null,
      "appliedSqlIdentity": null,
      "reparseAttestation": null
    },
    {
      "id": "CLEAN_BASELINE_UNNEST_HOLD",
      "kind": "check",
      "ok": true,
      "capture": null,
      "resetApply": null,
      "sql": null,
      "observedPhase": null,
      "commit": null,
      "rollback": null,
      "replay": false,
      "code": "F13_INVENTORY_CAPTURE_CONTRADICTION",
      "verdict": "HOLD",
      "executedTransaction": false,
      "note": null,
      "captureCalls": null,
      "transportCalls": null,
      "applyCalls": null,
      "sqlCalls": null,
      "mutationPhaseReached": false,
      "processStatus": null,
      "signal": null,
      "timeout": null,
      "structuredError": null,
      "streams": null,
      "stdout": null,
      "stderr": null,
      "lockWaitObserved": null,
      "lockSamples": null,
      "preResetCommittedDrift": null,
      "interleaving": null,
      "backendBoundLock": null,
      "holderCommitted": null,
      "holderResult": null,
      "timedOut": null,
      "status": null,
      "appliedSqlIdentity": null,
      "reparseAttestation": null
    },
    {
      "id": "CLEAN_BASELINE_UNEXPECTED_STORAGE_HOLD",
      "kind": "check",
      "ok": true,
      "capture": null,
      "resetApply": null,
      "sql": null,
      "observedPhase": null,
      "commit": null,
      "rollback": null,
      "replay": false,
      "code": "F13_UNSUPPORTED_MANAGED_LEFTOVER",
      "verdict": "HOLD",
      "executedTransaction": false,
      "note": null,
      "captureCalls": null,
      "transportCalls": null,
      "applyCalls": null,
      "sqlCalls": null,
      "mutationPhaseReached": false,
      "processStatus": null,
      "signal": null,
      "timeout": null,
      "structuredError": null,
      "streams": null,
      "stdout": null,
      "stderr": null,
      "lockWaitObserved": null,
      "lockSamples": null,
      "preResetCommittedDrift": null,
      "interleaving": null,
      "backendBoundLock": null,
      "holderCommitted": null,
      "holderResult": null,
      "timedOut": null,
      "status": null,
      "appliedSqlIdentity": null,
      "reparseAttestation": null
    },
    {
      "id": "CLEAN_BASELINE_UNEXPECTED_BUCKET_HOLD",
      "kind": "check",
      "ok": true,
      "capture": null,
      "resetApply": null,
      "sql": null,
      "observedPhase": null,
      "commit": null,
      "rollback": null,
      "replay": false,
      "code": "F13_UNSUPPORTED_MANAGED_LEFTOVER",
      "verdict": "HOLD",
      "executedTransaction": false,
      "note": null,
      "captureCalls": null,
      "transportCalls": null,
      "applyCalls": null,
      "sqlCalls": null,
      "mutationPhaseReached": false,
      "processStatus": null,
      "signal": null,
      "timeout": null,
      "structuredError": null,
      "streams": null,
      "stdout": null,
      "stderr": null,
      "lockWaitObserved": null,
      "lockSamples": null,
      "preResetCommittedDrift": null,
      "interleaving": null,
      "backendBoundLock": null,
      "holderCommitted": null,
      "holderResult": null,
      "timedOut": null,
      "status": null,
      "appliedSqlIdentity": null,
      "reparseAttestation": null
    },
    {
      "id": "CLEAN_BASELINE_UNEXPECTED_PLUS_NAMED_BUCKET_HOLD",
      "kind": "check",
      "ok": true,
      "capture": null,
      "resetApply": null,
      "sql": null,
      "observedPhase": null,
      "commit": null,
      "rollback": null,
      "replay": false,
      "code": "F13_UNSUPPORTED_MANAGED_LEFTOVER",
      "verdict": "HOLD",
      "executedTransaction": false,
      "note": null,
      "captureCalls": null,
      "transportCalls": null,
      "applyCalls": null,
      "sqlCalls": null,
      "mutationPhaseReached": false,
      "processStatus": null,
      "signal": null,
      "timeout": null,
      "structuredError": null,
      "streams": null,
      "stdout": null,
      "stderr": null,
      "lockWaitObserved": null,
      "lockSamples": null,
      "preResetCommittedDrift": null,
      "interleaving": null,
      "backendBoundLock": null,
      "holderCommitted": null,
      "holderResult": null,
      "timedOut": null,
      "status": null,
      "appliedSqlIdentity": null,
      "reparseAttestation": null
    },
    {
      "id": "GENUINE_CLEAN_STILL_CLEAN",
      "kind": "check",
      "ok": true,
      "capture": null,
      "resetApply": null,
      "sql": null,
      "observedPhase": null,
      "commit": null,
      "rollback": null,
      "replay": false,
      "code": null,
      "verdict": "CLEAN_BASELINE",
      "executedTransaction": false,
      "note": null,
      "captureCalls": null,
      "transportCalls": null,
      "applyCalls": null,
      "sqlCalls": null,
      "mutationPhaseReached": false,
      "processStatus": null,
      "signal": null,
      "timeout": null,
      "structuredError": null,
      "streams": null,
      "stdout": null,
      "stderr": null,
      "lockWaitObserved": null,
      "lockSamples": null,
      "preResetCommittedDrift": null,
      "interleaving": null,
      "backendBoundLock": null,
      "holderCommitted": null,
      "holderResult": null,
      "timedOut": null,
      "status": null,
      "appliedSqlIdentity": null,
      "reparseAttestation": null
    },
    {
      "id": "ELIGIBLE_LEFTOVER_NAMED_STORAGE",
      "kind": "check",
      "ok": true,
      "capture": null,
      "resetApply": null,
      "sql": null,
      "observedPhase": null,
      "commit": null,
      "rollback": null,
      "replay": false,
      "code": null,
      "verdict": "RESET_ELIGIBLE",
      "executedTransaction": false,
      "note": null,
      "captureCalls": null,
      "transportCalls": null,
      "applyCalls": null,
      "sqlCalls": null,
      "mutationPhaseReached": false,
      "processStatus": null,
      "signal": null,
      "timeout": null,
      "structuredError": null,
      "streams": null,
      "stdout": null,
      "stderr": null,
      "lockWaitObserved": null,
      "lockSamples": null,
      "preResetCommittedDrift": null,
      "interleaving": null,
      "backendBoundLock": null,
      "holderCommitted": null,
      "holderResult": null,
      "timedOut": null,
      "status": null,
      "appliedSqlIdentity": null,
      "reparseAttestation": null
    },
    {
      "id": "STATUS0_WITHOUT_COMMIT_OBS",
      "kind": "check",
      "ok": true,
      "capture": null,
      "resetApply": null,
      "sql": null,
      "observedPhase": null,
      "commit": false,
      "rollback": null,
      "replay": false,
      "code": null,
      "verdict": null,
      "executedTransaction": false,
      "note": null,
      "captureCalls": null,
      "transportCalls": null,
      "applyCalls": null,
      "sqlCalls": null,
      "mutationPhaseReached": false,
      "processStatus": null,
      "signal": null,
      "timeout": null,
      "structuredError": null,
      "streams": null,
      "stdout": null,
      "stderr": null,
      "lockWaitObserved": null,
      "lockSamples": null,
      "preResetCommittedDrift": null,
      "interleaving": null,
      "backendBoundLock": null,
      "holderCommitted": null,
      "holderResult": null,
      "timedOut": null,
      "status": null,
      "appliedSqlIdentity": null,
      "reparseAttestation": null
    },
    {
      "id": "COMMIT_CONNECTION_LOSS_UNCERTAIN",
      "kind": "check",
      "ok": true,
      "capture": null,
      "resetApply": null,
      "sql": null,
      "observedPhase": "T7_COMMIT",
      "commit": false,
      "rollback": null,
      "replay": false,
      "code": null,
      "verdict": null,
      "executedTransaction": false,
      "note": null,
      "captureCalls": null,
      "transportCalls": null,
      "applyCalls": null,
      "sqlCalls": null,
      "mutationPhaseReached": false,
      "processStatus": null,
      "signal": null,
      "timeout": null,
      "structuredError": null,
      "streams": null,
      "stdout": null,
      "stderr": null,
      "lockWaitObserved": null,
      "lockSamples": null,
      "preResetCommittedDrift": null,
      "interleaving": null,
      "backendBoundLock": null,
      "holderCommitted": null,
      "holderResult": null,
      "timedOut": null,
      "status": null,
      "appliedSqlIdentity": null,
      "reparseAttestation": null
    },
    {
      "id": "ADVISORY_LOCK_NO_VOID_SELECT",
      "kind": "check",
      "ok": true,
      "capture": null,
      "resetApply": null,
      "sql": true,
      "observedPhase": null,
      "commit": null,
      "rollback": null,
      "replay": false,
      "code": null,
      "verdict": null,
      "executedTransaction": false,
      "note": null,
      "captureCalls": null,
      "transportCalls": null,
      "applyCalls": null,
      "sqlCalls": true,
      "mutationPhaseReached": false,
      "processStatus": null,
      "signal": null,
      "timeout": null,
      "structuredError": null,
      "streams": null,
      "stdout": null,
      "stderr": null,
      "lockWaitObserved": null,
      "lockSamples": null,
      "preResetCommittedDrift": null,
      "interleaving": null,
      "backendBoundLock": null,
      "holderCommitted": null,
      "holderResult": null,
      "timedOut": null,
      "status": null,
      "appliedSqlIdentity": null,
      "reparseAttestation": null
    },
    {
      "id": "T1_SQL_BOUND_BACKEND_IDENTITY",
      "kind": "check",
      "ok": true,
      "capture": null,
      "resetApply": null,
      "sql": true,
      "observedPhase": null,
      "commit": null,
      "rollback": null,
      "replay": false,
      "code": null,
      "verdict": null,
      "executedTransaction": false,
      "note": null,
      "captureCalls": null,
      "transportCalls": null,
      "applyCalls": null,
      "sqlCalls": true,
      "mutationPhaseReached": false,
      "processStatus": null,
      "signal": null,
      "timeout": null,
      "structuredError": null,
      "streams": null,
      "stdout": null,
      "stderr": null,
      "lockWaitObserved": null,
      "lockSamples": null,
      "preResetCommittedDrift": null,
      "interleaving": null,
      "backendBoundLock": null,
      "holderCommitted": null,
      "holderResult": null,
      "timedOut": null,
      "status": null,
      "appliedSqlIdentity": null,
      "reparseAttestation": null
    },
    {
      "id": "T3_SQL_LIVE_CATALOG_TUPLES",
      "kind": "check",
      "ok": true,
      "capture": null,
      "resetApply": null,
      "sql": true,
      "observedPhase": null,
      "commit": null,
      "rollback": null,
      "replay": false,
      "code": null,
      "verdict": null,
      "executedTransaction": false,
      "note": null,
      "captureCalls": null,
      "transportCalls": null,
      "applyCalls": null,
      "sqlCalls": true,
      "mutationPhaseReached": false,
      "processStatus": null,
      "signal": null,
      "timeout": null,
      "structuredError": null,
      "streams": null,
      "stdout": null,
      "stderr": null,
      "lockWaitObserved": null,
      "lockSamples": null,
      "preResetCommittedDrift": null,
      "interleaving": null,
      "backendBoundLock": null,
      "holderCommitted": null,
      "holderResult": null,
      "timedOut": null,
      "status": null,
      "appliedSqlIdentity": null,
      "reparseAttestation": null
    },
    {
      "id": "ADVISORY_LOCK_VOID_SELECT_FRAMING",
      "kind": "check",
      "ok": true,
      "capture": null,
      "resetApply": null,
      "sql": null,
      "observedPhase": "T7_COMMIT",
      "commit": true,
      "rollback": null,
      "replay": false,
      "code": null,
      "verdict": null,
      "executedTransaction": false,
      "note": "protocol-defined whitespace from void SELECT is ignored; PREFIX/SUFFIX still rejected",
      "captureCalls": null,
      "transportCalls": null,
      "applyCalls": null,
      "sqlCalls": null,
      "mutationPhaseReached": false,
      "processStatus": null,
      "signal": null,
      "timeout": null,
      "structuredError": null,
      "streams": null,
      "stdout": null,
      "stderr": null,
      "lockWaitObserved": null,
      "lockSamples": null,
      "preResetCommittedDrift": null,
      "interleaving": null,
      "backendBoundLock": null,
      "holderCommitted": null,
      "holderResult": null,
      "timedOut": null,
      "status": null,
      "appliedSqlIdentity": null,
      "reparseAttestation": null
    },
    {
      "id": "RUNTIME_CLOSURE_NOT_SUMMARY",
      "kind": "check",
      "ok": true,
      "capture": null,
      "resetApply": null,
      "sql": null,
      "observedPhase": null,
      "commit": null,
      "rollback": null,
      "replay": false,
      "code": null,
      "verdict": null,
      "executedTransaction": false,
      "note": null,
      "captureCalls": null,
      "transportCalls": null,
      "applyCalls": null,
      "sqlCalls": null,
      "mutationPhaseReached": false,
      "processStatus": null,
      "signal": null,
      "timeout": null,
      "structuredError": null,
      "streams": null,
      "stdout": null,
      "stderr": null,
      "lockWaitObserved": null,
      "lockSamples": null,
      "preResetCommittedDrift": null,
      "interleaving": null,
      "backendBoundLock": null,
      "holderCommitted": null,
      "holderResult": null,
      "timedOut": null,
      "status": null,
      "appliedSqlIdentity": null,
      "reparseAttestation": null
    },
    {
      "id": "READ_COMMITTED_LOCK_ORDER_DOCUMENTED",
      "kind": "check",
      "ok": true,
      "capture": null,
      "resetApply": null,
      "sql": true,
      "observedPhase": null,
      "commit": null,
      "rollback": null,
      "replay": false,
      "code": null,
      "verdict": null,
      "executedTransaction": false,
      "note": null,
      "captureCalls": null,
      "transportCalls": null,
      "applyCalls": null,
      "sqlCalls": true,
      "mutationPhaseReached": false,
      "processStatus": null,
      "signal": null,
      "timeout": null,
      "structuredError": null,
      "streams": null,
      "stdout": null,
      "stderr": null,
      "lockWaitObserved": null,
      "lockSamples": null,
      "preResetCommittedDrift": null,
      "interleaving": null,
      "backendBoundLock": null,
      "holderCommitted": null,
      "holderResult": null,
      "timedOut": null,
      "status": null,
      "appliedSqlIdentity": null,
      "reparseAttestation": null
    },
    {
      "id": "PROPOSED_HOSTED_PLAN_OFFLINE",
      "kind": "check",
      "ok": true,
      "capture": null,
      "resetApply": null,
      "sql": null,
      "observedPhase": null,
      "commit": null,
      "rollback": null,
      "replay": false,
      "code": null,
      "verdict": null,
      "executedTransaction": false,
      "note": null,
      "captureCalls": null,
      "transportCalls": null,
      "applyCalls": null,
      "sqlCalls": null,
      "mutationPhaseReached": false,
      "processStatus": null,
      "signal": null,
      "timeout": null,
      "structuredError": null,
      "streams": null,
      "stdout": null,
      "stderr": null,
      "lockWaitObserved": null,
      "lockSamples": null,
      "preResetCommittedDrift": null,
      "interleaving": null,
      "backendBoundLock": null,
      "holderCommitted": null,
      "holderResult": null,
      "timedOut": null,
      "status": null,
      "appliedSqlIdentity": null,
      "reparseAttestation": null
    },
    {
      "id": "BACKEND_BOUND_LOCK_PROOF_POSITIVE",
      "kind": "check",
      "ok": true,
      "capture": null,
      "resetApply": null,
      "sql": null,
      "observedPhase": null,
      "commit": null,
      "rollback": null,
      "replay": false,
      "code": null,
      "verdict": null,
      "executedTransaction": false,
      "note": null,
      "captureCalls": null,
      "transportCalls": null,
      "applyCalls": null,
      "sqlCalls": null,
      "mutationPhaseReached": false,
      "processStatus": null,
      "signal": null,
      "timeout": null,
      "structuredError": null,
      "streams": null,
      "stdout": null,
      "stderr": null,
      "lockWaitObserved": null,
      "lockSamples": null,
      "preResetCommittedDrift": null,
      "interleaving": null,
      "backendBoundLock": null,
      "holderCommitted": null,
      "holderResult": null,
      "timedOut": null,
      "status": null,
      "appliedSqlIdentity": null,
      "reparseAttestation": null
    },
    {
      "id": "BACKEND_BOUND_LOCK_PROOF_NEGATIVES",
      "kind": "check",
      "ok": true,
      "capture": null,
      "resetApply": null,
      "sql": null,
      "observedPhase": null,
      "commit": null,
      "rollback": null,
      "replay": false,
      "code": null,
      "verdict": null,
      "executedTransaction": false,
      "note": "unrelated waiter, mismatched backend, missing commit, missing acquisition cannot PASS",
      "captureCalls": null,
      "transportCalls": null,
      "applyCalls": null,
      "sqlCalls": null,
      "mutationPhaseReached": false,
      "processStatus": null,
      "signal": null,
      "timeout": null,
      "structuredError": null,
      "streams": null,
      "stdout": null,
      "stderr": null,
      "lockWaitObserved": null,
      "lockSamples": null,
      "preResetCommittedDrift": null,
      "interleaving": null,
      "backendBoundLock": null,
      "holderCommitted": null,
      "holderResult": null,
      "timedOut": null,
      "status": null,
      "appliedSqlIdentity": null,
      "reparseAttestation": null
    },
    {
      "id": "STORED_PROCESS_STATUS_NOT_DEFAULTED",
      "kind": "check",
      "ok": true,
      "capture": null,
      "resetApply": null,
      "sql": null,
      "observedPhase": null,
      "commit": null,
      "rollback": null,
      "replay": false,
      "code": null,
      "verdict": null,
      "executedTransaction": false,
      "note": null,
      "captureCalls": null,
      "transportCalls": null,
      "applyCalls": null,
      "sqlCalls": null,
      "mutationPhaseReached": false,
      "processStatus": null,
      "signal": null,
      "timeout": null,
      "structuredError": null,
      "streams": null,
      "stdout": null,
      "stderr": null,
      "lockWaitObserved": null,
      "lockSamples": null,
      "preResetCommittedDrift": null,
      "interleaving": null,
      "backendBoundLock": null,
      "holderCommitted": null,
      "holderResult": null,
      "timedOut": null,
      "status": null,
      "appliedSqlIdentity": null,
      "reparseAttestation": null
    },
    {
      "id": "UNEXPECTED_OBJECT_BLOCKS_BEFORE_PLAN",
      "kind": "scenario",
      "ok": true,
      "capture": "complete-universe-with-sentinel",
      "resetApply": "not-attempted",
      "sql": null,
      "observedPhase": null,
      "commit": false,
      "rollback": null,
      "replay": false,
      "code": "F13_UNEXPECTED_OBJECT_OR_DEPENDENCY",
      "verdict": "HOLD",
      "executedTransaction": false,
      "note": "unexpected object present at capture blocks planning; no apply",
      "captureCalls": null,
      "transportCalls": null,
      "applyCalls": "not-attempted",
      "sqlCalls": null,
      "mutationPhaseReached": false,
      "processStatus": null,
      "signal": null,
      "timeout": null,
      "structuredError": null,
      "streams": null,
      "stdout": null,
      "stderr": null,
      "lockWaitObserved": null,
      "lockSamples": null,
      "preResetCommittedDrift": null,
      "interleaving": null,
      "backendBoundLock": null,
      "holderCommitted": null,
      "holderResult": null,
      "timedOut": null,
      "status": null,
      "appliedSqlIdentity": null,
      "reparseAttestation": null
    },
    {
      "id": "TX_SUCCESSFUL_RESET",
      "kind": "scenario",
      "ok": true,
      "capture": "eligible-leftover",
      "resetApply": 1,
      "sql": true,
      "observedPhase": "T7_COMMIT",
      "commit": true,
      "rollback": null,
      "replay": false,
      "code": null,
      "verdict": "CLEAN_BASELINE",
      "executedTransaction": true,
      "note": "shared runQualificationReset + local-fixture psql + generated SQL",
      "captureCalls": 1,
      "transportCalls": 1,
      "applyCalls": 1,
      "sqlCalls": 1,
      "mutationPhaseReached": true,
      "processStatus": 0,
      "signal": null,
      "timeout": false,
      "structuredError": null,
      "streams": {
        "capturedBeforeEncode": true,
        "originalStdoutSha256": "25c356f098dc6ec46f1d3552df1f48cf30a33355dc5adec58614b83642977141",
        "originalStdoutByteLength": 1088,
        "originalStderrSha256": "05b7c663a5171ca039f341d45ef30fec2bfc3b107ac63a80e8ba35ab5bf795ca",
        "originalStderrByteLength": 14181,
        "packagedStdoutSha256": "25c356f098dc6ec46f1d3552df1f48cf30a33355dc5adec58614b83642977141",
        "packagedStdoutByteLength": 1088,
        "packagedStderrSha256": "127148caed28199a12f8ed9c467382329bfc1a40715a298c0bef921a5cfa4f4d",
        "packagedStderrByteLength": 15391,
        "originalByteEqual": false,
        "reconstructedFromSummary": false,
        "transformApplied": true
      },
      "stdout": "{\"schema\" : \"f15-qualification-reset-tx-observation-v1\", \"phase\" : \"T1_BEGIN\", \"event\" : \"began\", \"backendPid\" : 28979, \"datname\" : \"f3_f15_qual_reset_27118_mu73v750\", \"applicationName\" : \"f13_qualification_reset\", \"usename\" : \"ubuntu\"}\n{\"schema\" : \"f15-qualification-reset-tx-observation-v1\", \"phase\" : \"T2_LOCK\", \"event\" : \"locked\", \"backendPid\" : 28979, \"datname\" : \"f3_f15_qual_reset_27118_mu73v750\", \"applicationName\" : \"f13_qualification_reset\", \"usename\" : \"ubuntu\"}\n{\"schema\":\"f15-qualification-reset-tx-observation-v1\",\"phase\":\"T3_REVALIDATE\",\"event\":\"revalidated\"}\n{\"schema\":\"f15-qualification-reset-tx-observation-v1\",\"phase\":\"T4_MUTATE\",\"event\":\"mutate_attempted\"}\n{\"schema\":\"f15-qualification-reset-tx-observation-v1\",\"phase\":\"T5_AFFECTED\",\"event\":\"affected_checked\"}\n{\"schema\":\"f15-qualification-reset-tx-observation-v1\",\"phase\":\"T6_FINAL\",\"event\":\"final_ok\"}\n{\"schema\":\"f15-qualification-reset-tx-observation-v1\",\"phase\":\"T7_COMMIT\",\"event\":\"commit_attempted\"}\n{\"schema\":\"f15-qualification-reset-tx-observation-v1\",\"phase\":\"T7_COMMIT\",\"event\":\"committed\",\"committed\":true}\n",
      "stderr": "psql:[REDACTED_PATH]/f15-qual-reset-XFqUzo/f15-qualification-reset.sql:27: NOTICE:  F18_RESET_BACKEND pid=28979 datname=f3_f15_qual_reset_27118_mu73v750 app=f13_qualification_reset\npsql:[REDACTED_PATH]/f15-qual-reset-XFqUzo/f15-qualification-reset.sql:178: NOTICE:  F18_RESET_LOCK_ACQUIRED pid=28979\npsql:[REDACTED_PATH]/f15-qual-reset-XFqUzo/f15-qualification-reset.sql:589: NOTICE:  function public.get_financial_cashbook(uuid,pg_catalog.timestamptz,pg_catalog.timestamptz,uuid,text,pg_catalog.int4,pg_catalog.int4) does not exist, skipping\npsql:[REDACTED_PATH]/f15-qual-reset-XFqUzo/f15-qualification-reset.sql:589: NOTICE:  function public.get_financial_projection_bundle(uuid,pg_catalog.timestamptz,pg_catalog.timestamptz,pg_catalog.timestamptz) does not exist, skipping\npsql:[REDACTED_PATH]/f15-qual-reset-XFqUzo/f15-qualification-reset.sql:589: NOTICE:  function public.post_financial_command(jsonb) does not exist, skipping\npsql:[REDACTED_PATH]/f15-qual-reset-XFqUzo/f15-qualification-reset.sql:589: NOTICE:  function public.correct_financial_event(jsonb) does not exist, skipping\npsql:[REDACTED_PATH]/f15-qual-reset-XFqUzo/f15-qualification-reset.sql:589: NOTICE:  type \"notification_channel\" does not exist, skipping\npsql:[REDACTED_PATH]/f15-qual-reset-XFqUzo/f15-qualification-reset.sql:589: NOTICE:  function public.execute_member_transfer(jsonb) does not exist, skipping\npsql:[REDACTED_PATH]/f15-qual-reset-XFqUzo/f15-qualification-reset.sql:589: NOTICE:  function public.request_member_transfer(jsonb) does not exist, skipping\npsql:[REDACTED_PATH]/f15-qual-reset-XFqUzo/f15-qualification-reset.sql:589: NOTICE:  function public.has_group_permission(uuid,text,uuid) does not exist, skipping\npsql:[REDACTED_PATH]/f15-qual-reset-XFqUzo/f15-qualification-reset.sql:589: NOTICE:  function public.compute_member_standing(uuid) does not exist, skipping\npsql:[REDACTED_PATH]/f15-qual-reset-XFqUzo/f15-qualification-reset.sql:589: NOTICE:  function public.m2_is_valid_iana_timezone(text) does not exist, skipping\npsql:[REDACTED_PATH]/f15-qual-reset-XFqUzo/f15-qualification-reset.sql:589: NOTICE:  function public.notification_policy_set_updated_at() does not exist, skipping\npsql:[REDACTED_PATH]/f15-qual-reset-XFqUzo/f15-qualification-reset.sql:589: NOTICE:  function public.uuid_generate_v5(uuid,text) does not exist, skipping\npsql:[REDACTED_PATH]/f15-qual-reset-XFqUzo/f15-qualification-reset.sql:589: NOTICE:  schema \"financial_core\" does not exist, skipping\npsql:[REDACTED_PATH]/f15-qual-reset-XFqUzo/f15-qualification-reset.sql:589: NOTICE:  schema \"financial_core\" does not exist, skipping\npsql:[REDACTED_PATH]/f15-qual-reset-XFqUzo/f15-qualification-reset.sql:589: NOTICE:  schema \"financial_core\" does not exist, skipping\npsql:[REDACTED_PATH]/f15-qual-reset-XFqUzo/f15-qualification-reset.sql:589: NOTICE:  schema \"financial_core\" does not exist, skipping\npsql:[REDACTED_PATH]/f15-qual-reset-XFqUzo/f15-qualification-reset.sql:589: NOTICE:  schema \"financial_core\" does not exist, skipping\npsql:[REDACTED_PATH]/f15-qual-reset-XFqUzo/f15-qualification-reset.sql:589: NOTICE:  schema \"financial_core\" does not exist, skipping\npsql:[REDACTED_PATH]/f15-qual-reset-XFqUzo/f15-qualification-reset.sql:589: NOTICE:  schema \"financial_core\" does not exist, skipping\npsql:[REDACTED_PATH]/f15-qual-reset-XFqUzo/f15-qualification-reset.sql:589: NOTICE:  schema \"financial_core\" does not exist, skipping\npsql:[REDACTED_PATH]/f15-qual-reset-XFqUzo/f15-qualification-reset.sql:589: NOTICE:  schema \"financial_core\" does not exist, skipping\npsql:[REDACTED_PATH]/f15-qual-reset-XFqUzo/f15-qualification-reset.sql:589: NOTICE:  schema \"financial_core\" does not exist, skipping\npsql:[REDACTED_PATH]/f15-qual-reset-XFqUzo/f15-qualification-reset.sql:589: NOTICE:  schema \"financial_core\" does not exist, skipping\npsql:[REDACTED_PATH]/f15-qual-reset-XFqUzo/f15-qualification-reset.sql:589: NOTICE:  schema \"financial_core\" does not exist, skipping\npsql:[REDACTED_PATH]/f15-qual-reset-XFqUzo/f15-qualification-reset.sql:589: NOTICE:  schema \"financial_core\" does not exist, skipping\npsql:[REDACTED_PATH]/f15-qual-reset-XFqUzo/f15-qualification-reset.sql:589: NOTICE:  schema \"financial_core\" does not exist, skipping\npsql:[REDACTED_PATH]/f15-qual-reset-XFqUzo/f15-qualification-reset.sql:589: NOTICE:  schema \"financial_core\" does not exist, skipping\npsql:[REDACTED_PATH]/f15-qual-reset-XFqUzo/f15-qualification-reset.sql:589: NOTICE:  schema \"financial_core\" does not exist, skipping\npsql:[REDACTED_PATH]/f15-qual-reset-XFqUzo/f15-qualification-reset.sql:589: NOTICE:  schema \"financial_core\" does not exist, skipping\npsql:[REDACTED_PATH]/f15-qual-reset-XFqUzo/f15-qualification-reset.sql:589: NOTICE:  schema \"financial_core\" does not exist, skipping\npsql:[REDACTED_PATH]/f15-qual-reset-XFqUzo/f15-qualification-reset.sql:589: NOTICE:  schema \"financial_core\" does not exist, skipping\npsql:[REDACTED_PATH]/f15-qual-reset-XFqUzo/f15-qualification-reset.sql:589: NOTICE:  schema \"financial_core\" does not exist, skipping\npsql:[REDACTED_PATH]/f15-qual-reset-XFqUzo/f15-qualification-reset.sql:589: NOTICE:  schema \"financial_core\" does not exist, skipping\npsql:[REDACTED_PATH]/f15-qual-reset-XFqUzo/f15-qualification-reset.sql:589: NOTICE:  schema \"financial_core\" does not exist, skipping\npsql:[REDACTED_PATH]/f15-qual-reset-XFqUzo/f15-qualification-reset.sql:589: NOTICE:  schema \"financial_core\" does not exist, skipping\npsql:[REDACTED_PATH]/f15-qual-reset-XFqUzo/f15-qualification-reset.sql:589: NOTICE:  schema \"financial_core\" does not exist, skipping\npsql:[REDACTED_PATH]/f15-qual-reset-XFqUzo/f15-qualification-reset.sql:589: NOTICE:  schema \"financial_core\" does not exist, skipping\npsql:[REDACTED_PATH]/f15-qual-reset-XFqUzo/f15-qualification-reset.sql:589: NOTICE:  schema \"financial_core\" does not exist, skipping\npsql:[REDACTED_PATH]/f15-qual-reset-XFqUzo/f15-qualification-reset.sql:589: NOTICE:  schema \"financial_core\" does not exist, skipping\npsql:[REDACTED_PATH]/f15-qual-reset-XFqUzo/f15-qualification-reset.sql:589: NOTICE:  schema \"financial_core\" does not exist, skipping\npsql:[REDACTED_PATH]/f15-qual-reset-XFqUzo/f15-qualification-reset.sql:589: NOTICE:  schema \"financial_core\" does not exist, skipping\npsql:[REDACTED_PATH]/f15-qual-reset-XFqUzo/f15-qualification-reset.sql:589: NOTICE:  schema \"financial_core\" does not exist, skipping\npsql:[REDACTED_PATH]/f15-qual-reset-XFqUzo/f15-qualification-reset.sql:589: NOTICE:  schema \"financial_core\" does not exist, skipping\npsql:[REDACTED_PATH]/f15-qual-reset-XFqUzo/f15-qualification-reset.sql:589: NOTICE:  schema \"financial_core\" does not exist, skipping\npsql:[REDACTED_PATH]/f15-qual-reset-XFqUzo/f15-qualification-reset.sql:589: NOTICE:  schema \"financial_core\" does not exist, skipping\npsql:[REDACTED_PATH]/f15-qual-reset-XFqUzo/f15-qualification-reset.sql:589: NOTICE:  schema \"financial_core\" does not exist, skipping\npsql:[REDACTED_PATH]/f15-qual-reset-XFqUzo/f15-qualification-reset.sql:589: NOTICE:  schema \"financial_core\" does not exist, skipping\npsql:[REDACTED_PATH]/f15-qual-reset-XFqUzo/f15-qualification-reset.sql:589: NOTICE:  schema \"financial_core\" does not exist, skipping\npsql:[REDACTED_PATH]/f15-qual-reset-XFqUzo/f15-qualification-reset.sql:589: NOTICE:  schema \"financial_core\" does not exist, skipping\npsql:[REDACTED_PATH]/f15-qual-reset-XFqUzo/f15-qualification-reset.sql:589: NOTICE:  schema \"financial_core\" does not exist, skipping\npsql:[REDACTED_PATH]/f15-qual-reset-XFqUzo/f15-qualification-reset.sql:589: NOTICE:  schema \"financial_core\" does not exist, skipping\npsql:[REDACTED_PATH]/f15-qual-reset-XFqUzo/f15-qualification-reset.sql:589: NOTICE:  schema \"financial_core\" does not exist, skipping\npsql:[REDACTED_PATH]/f15-qual-reset-XFqUzo/f15-qualification-reset.sql:589: NOTICE:  schema \"financial_core\" does not exist, skipping\npsql:[REDACTED_PATH]/f15-qual-reset-XFqUzo/f15-qualification-reset.sql:589: NOTICE:  schema \"financial_core\" does not exist, skipping\npsql:[REDACTED_PATH]/f15-qual-reset-XFqUzo/f15-qualification-reset.sql:589: NOTICE:  schema \"financial_core\" does not exist, skipping\npsql:[REDACTED_PATH]/f15-qual-reset-XFqUzo/f15-qualification-reset.sql:589: NOTICE:  schema \"financial_core\" does not exist, skipping\npsql:[REDACTED_PATH]/f15-qual-reset-XFqUzo/f15-qualification-reset.sql:589: NOTICE:  schema \"financial_private\" does not exist, skipping\npsql:[REDACTED_PATH]/f15-qual-reset-XFqUzo/f15-qualification-reset.sql:589: NOTICE:  schema \"financial_core\" does not exist, skipping\npsql:[REDACTED_PATH]/f15-qual-reset-XFqUzo/f15-qualification-reset.sql:589: NOTICE:  schema \"financial_core\" does not exist, skipping\npsql:[REDACTED_PATH]/f15-qual-reset-XFqUzo/f15-qualification-reset.sql:589: NOTICE:  schema \"financial_core\" does not exist, skipping\npsql:[REDACTED_PATH]/f15-qual-reset-XFqUzo/f15-qualification-reset.sql:589: NOTICE:  table \"financial_postings\" does not exist, skipping\npsql:[REDACTED_PATH]/f15-qual-reset-XFqUzo/f15-qualification-reset.sql:589: NOTICE:  table \"financial_events\" does not exist, skipping\npsql:[REDACTED_PATH]/f15-qual-reset-XFqUzo/f15-qualification-reset.sql:589: NOTICE:  table \"financial_categories\" does not exist, skipping\npsql:[REDACTED_PATH]/f15-qual-reset-XFqUzo/f15-qualification-reset.sql:589: NOTICE:  table \"financial_funds\" does not exist, skipping\npsql:[REDACTED_PATH]/f15-qual-reset-XFqUzo/f15-qualification-reset.sql:589: NOTICE:  table \"financial_ledger_epochs\" does not exist, skipping\npsql:[REDACTED_PATH]/f15-qual-reset-XFqUzo/f15-qualification-reset.sql:589: NOTICE:  schema \"financial_private\" does not exist, skipping\npsql:[REDACTED_PATH]/f15-qual-reset-XFqUzo/f15-qualification-reset.sql:589: NOTICE:  schema \"financial_private\" does not exist, skipping\npsql:[REDACTED_PATH]/f15-qual-reset-XFqUzo/f15-qualification-reset.sql:589: NOTICE:  table \"notification_policy_triggers\" does not exist, skipping\npsql:[REDACTED_PATH]/f15-qual-reset-XFqUzo/f15-qualification-reset.sql:589: NOTICE:  table \"notification_policy_occurrences\" does not exist, skipping\npsql:[REDACTED_PATH]/f15-qual-reset-XFqUzo/f15-qualification-reset.sql:589: NOTICE:  table \"notification_policies\" does not exist, skipping\npsql:[REDACTED_PATH]/f15-qual-reset-XFqUzo/f15-qualification-reset.sql:589: NOTICE:  table \"position_assignments\" does not exist, skipping\npsql:[REDACTED_PATH]/f15-qual-reset-XFqUzo/f15-qualification-reset.sql:589: NOTICE:  table \"position_permissions\" does not exist, skipping\npsql:[REDACTED_PATH]/f15-qual-reset-XFqUzo/f15-qualification-reset.sql:589: NOTICE:  table \"group_positions\" does not exist, skipping\npsql:[REDACTED_PATH]/f15-qual-reset-XFqUzo/f15-qualification-reset.sql:589: NOTICE:  table \"hosting_swap_requests\" does not exist, skipping\npsql:[REDACTED_PATH]/f15-qual-reset-XFqUzo/f15-qualification-reset.sql:589: NOTICE:  table \"hosting_assignments\" does not exist, skipping\npsql:[REDACTED_PATH]/f15-qual-reset-XFqUzo/f15-qualification-reset.sql:589: NOTICE:  table \"hosting_rosters\" does not exist, skipping\npsql:[REDACTED_PATH]/f15-qual-reset-XFqUzo/f15-qualification-reset.sql:589: NOTICE:  table \"payment_obligation_applications\" does not exist, skipping\npsql:[REDACTED_PATH]/f15-qual-reset-XFqUzo/f15-qualification-reset.sql:589: NOTICE:  table \"payments\" does not exist, skipping\npsql:[REDACTED_PATH]/f15-qual-reset-XFqUzo/f15-qualification-reset.sql:589: NOTICE:  table \"contribution_obligations\" does not exist, skipping\npsql:[REDACTED_PATH]/f15-qual-reset-XFqUzo/f15-qualification-reset.sql:589: NOTICE:  table \"relief_remittances\" does not exist, skipping\npsql:[REDACTED_PATH]/f15-qual-reset-XFqUzo/f15-qualification-reset.sql:589: NOTICE:  table \"relief_claims\" does not exist, skipping\npsql:[REDACTED_PATH]/f15-qual-reset-XFqUzo/f15-qualification-reset.sql:589: NOTICE:  table \"relief_enrollments\" does not exist, skipping\npsql:[REDACTED_PATH]/f15-qual-reset-XFqUzo/f15-qualification-reset.sql:589: NOTICE:  table \"relief_plans\" does not exist, skipping\npsql:[REDACTED_PATH]/f15-qual-reset-XFqUzo/f15-qualification-reset.sql:589: NOTICE:  table \"fines\" does not exist, skipping\npsql:[REDACTED_PATH]/f15-qual-reset-XFqUzo/f15-qualification-reset.sql:589: NOTICE:  table \"member_transfers\" does not exist, skipping\npsql:[REDACTED_PATH]/f15-qual-reset-XFqUzo/f15-qualification-reset.sql:589: NOTICE:  table \"invitations\" does not exist, skipping\npsql:[REDACTED_PATH]/f15-qual-reset-XFqUzo/f15-qualification-reset.sql:589: NOTICE:  table \"elections\" does not exist, skipping\npsql:[REDACTED_PATH]/f15-qual-reset-XFqUzo/f15-qualification-reset.sql:589: NOTICE:  table \"events\" does not exist, skipping\npsql:[REDACTED_PATH]/f15-qual-reset-XFqUzo/f15-qualification-reset.sql:589: NOTICE:  table \"meeting_minutes\" does not exist, skipping\npsql:[REDACTED_PATH]/f15-qual-reset-XFqUzo/f15-qualification-reset.sql:589: NOTICE:  table \"announcements\" does not exist, skipping\npsql:[REDACTED_PATH]/f15-qual-reset-XFqUzo/f15-qualification-reset.sql:589: NOTICE:  table \"notifications_queue\" does not exist, skipping\npsql:[REDACTED_PATH]/f15-qual-reset-XFqUzo/f15-qualification-reset.sql:589: NOTICE:  table \"loans\" does not exist, skipping\npsql:[REDACTED_PATH]/f15-qual-reset-XFqUzo/f15-qualification-reset.sql:589: NOTICE:  table \"projects\" does not exist, skipping\npsql:[REDACTED_PATH]/f15-qual-reset-XFqUzo/f15-qualification-reset.sql:589: NOTICE:  table \"group_subscriptions\" does not exist, skipping\npsql:[REDACTED_PATH]/f15-qual-reset-XFqUzo/f15-qualification-reset.sql:589: NOTICE:  table \"memberships\" does not exist, skipping\npsql:[REDACTED_PATH]/f15-qual-reset-XFqUzo/f15-qualification-reset.sql:589: NOTICE:  table \"groups\" does not exist, skipping\npsql:[REDACTED_PATH]/f15-qual-reset-XFqUzo/f15-qualification-reset.sql:589: NOTICE:  table \"profiles\" does not exist, skipping\npsql:[REDACTED_PATH]/f15-qual-reset-XFqUzo/f15-qualification-reset.sql:589: NOTICE:  table \"organizations\" does not exist, skipping\npsql:[REDACTED_PATH]/f15-qual-reset-XFqUzo/f15-qualification-reset.sql:589: NOTICE:  table \"__f3_acl_platform_canary_20260915\" does not exist, skipping\npsql:[REDACTED_PATH]/f15-qual-reset-XFqUzo/f15-qualification-reset.sql:589: NOTICE:  sequence \"__f3_acl_platform_canary_20260915_id_seq\" does not exist, skipping\npsql:[REDACTED_PATH]/f15-qual-reset-XFqUzo/f15-qualification-reset.sql:589: NOTICE:  type \"public.financial_account_kind\" does not exist, skipping\npsql:[REDACTED_PATH]/f15-qual-reset-XFqUzo/f15-qualification-reset.sql:589: NOTICE:  type \"public.financial_account_status\" does not exist, skipping\npsql:[REDACTED_PATH]/f15-qual-reset-XFqUzo/f15-qualification-reset.sql:589: NOTICE:  type \"public.financial_category_class\" does not exist, skipping\npsql:[REDACTED_PATH]/f15-qual-reset-XFqUzo/f15-qualification-reset.sql:589: NOTICE:  type \"public.financial_config_status\" does not exist, skipping\npsql:[REDACTED_PATH]/f15-qual-reset-XFqUzo/f15-qualification-reset.sql:589: NOTICE:  type \"public.financial_control_class\" does not exist, skipping\npsql:[REDACTED_PATH]/f15-qual-reset-XFqUzo/f15-qualification-reset.sql:589: NOTICE:  type \"public.financial_event_class\" does not exist, skipping\npsql:[REDACTED_PATH]/f15-qual-reset-XFqUzo/f15-qualification-reset.sql:589: NOTICE:  type \"public.financial_event_status\" does not exist, skipping\npsql:[REDACTED_PATH]/f15-qual-reset-XFqUzo/f15-qualification-reset.sql:589: NOTICE:  type \"public.notification_channel\" does not exist, skipping\n",
      "lockWaitObserved": null,
      "lockSamples": null,
      "preResetCommittedDrift": null,
      "interleaving": null,
      "backendBoundLock": null,
      "holderCommitted": null,
      "holderResult": null,
      "timedOut": false,
      "status": 0,
      "appliedSqlIdentity": "8a8026aa7d9bd2ed1774f7817d3db9ede863a28c8f6aadb702c60ffb4bdb0b4f",
      "reparseAttestation": {
        "ok": true,
        "consistent": true,
        "schema": "f18-qualification-reset-stored-process-adapter-v1",
        "parsedOk": true,
        "observationCount": 8,
        "lastEvent": {
          "schema": "f15-qualification-reset-tx-observation-v1",
          "phase": "T7_COMMIT",
          "event": "committed",
          "committed": true
        },
        "interpretedCommitted": true,
        "interpretedVerdictPath": "CLEAN_BASELINE",
        "phaseReached": "T7_COMMIT",
        "t7CommitAttempted": true,
        "t7CommittedTrue": true,
        "processStatus": 0,
        "processFailed": false,
        "genuineSuccess": true,
        "genuineFailure": false,
        "successClaimedUncommitted": false,
        "failureBecameCommitted": false,
        "mappedProcessStatusToStatus": false
      }
    },
    {
      "id": "TX_UNEXPECTED_OBJECT_ROLLBACK",
      "kind": "scenario",
      "ok": true,
      "capture": "eligible-then-sentinel-after-capture",
      "resetApply": 1,
      "sql": true,
      "observedPhase": "T2_LOCK",
      "commit": false,
      "rollback": null,
      "replay": false,
      "code": "F13_RESET_SQL_FAILED",
      "verdict": "HOLD",
      "executedTransaction": true,
      "note": "object introduced after capture is TX-revalidated; sentinel preserved",
      "captureCalls": 1,
      "transportCalls": 1,
      "applyCalls": 1,
      "sqlCalls": 1,
      "mutationPhaseReached": false,
      "processStatus": 3,
      "signal": null,
      "timeout": false,
      "structuredError": null,
      "streams": {
        "capturedBeforeEncode": true,
        "originalStdoutSha256": "05ff83bb3649f0c8a2965b1ac74b607df7948ee87db72e3d767b59c11065379b",
        "originalStdoutByteLength": 474,
        "originalStderrSha256": "5b9b7411dc5659e115dd6149aa2d88048c0b33c220837fa1978bd5492f2ab58c",
        "originalStderrByteLength": 474,
        "packagedStdoutSha256": "05ff83bb3649f0c8a2965b1ac74b607df7948ee87db72e3d767b59c11065379b",
        "packagedStdoutByteLength": 474,
        "packagedStderrSha256": "cfe17998b4be570ca5e06d35da24c83ea6eb0664c7068b0b413514626e12d9c7",
        "packagedStderrByteLength": 507,
        "originalByteEqual": false,
        "reconstructedFromSummary": false,
        "transformApplied": true
      },
      "stdout": "{\"schema\" : \"f15-qualification-reset-tx-observation-v1\", \"phase\" : \"T1_BEGIN\", \"event\" : \"began\", \"backendPid\" : 29005, \"datname\" : \"f3_f15_qual_reset_27118_mu73v750\", \"applicationName\" : \"f13_qualification_reset\", \"usename\" : \"ubuntu\"}\n{\"schema\" : \"f15-qualification-reset-tx-observation-v1\", \"phase\" : \"T2_LOCK\", \"event\" : \"locked\", \"backendPid\" : 29005, \"datname\" : \"f3_f15_qual_reset_27118_mu73v750\", \"applicationName\" : \"f13_qualification_reset\", \"usename\" : \"ubuntu\"}\n",
      "stderr": "psql:[REDACTED_PATH]/f15-qual-reset-fvM1OR/f15-qualification-reset.sql:27: NOTICE:  F18_RESET_BACKEND pid=29005 datname=f3_f15_qual_reset_27118_mu73v750 app=f13_qualification_reset\npsql:[REDACTED_PATH]/f15-qual-reset-fvM1OR/f15-qualification-reset.sql:178: NOTICE:  F18_RESET_LOCK_ACQUIRED pid=29005\npsql:[REDACTED_PATH]/f15-qual-reset-fvM1OR/f15-qualification-reset.sql:364: ERROR:  F13_UNEXPECTED_OBJECT_OR_DEPENDENCY: public.unexpected_view\nCONTEXT:  PL/pgSQL function inline_code_block line 25 at RAISE\n",
      "lockWaitObserved": null,
      "lockSamples": null,
      "preResetCommittedDrift": null,
      "interleaving": null,
      "backendBoundLock": null,
      "holderCommitted": null,
      "holderResult": null,
      "timedOut": false,
      "status": 3,
      "appliedSqlIdentity": "8a8026aa7d9bd2ed1774f7817d3db9ede863a28c8f6aadb702c60ffb4bdb0b4f",
      "reparseAttestation": null
    },
    {
      "id": "TX_HISTORY_MISMATCH_ROLLBACK",
      "kind": "scenario",
      "ok": true,
      "capture": "eligible-then-history-mutated-after-capture",
      "resetApply": 1,
      "sql": true,
      "observedPhase": "T2_LOCK",
      "commit": false,
      "rollback": null,
      "replay": false,
      "code": "F13_RESET_SQL_FAILED",
      "verdict": "HOLD",
      "executedTransaction": true,
      "note": "history mismatch after capture rolls back; mutated history retained",
      "captureCalls": 1,
      "transportCalls": 1,
      "applyCalls": 1,
      "sqlCalls": 1,
      "mutationPhaseReached": false,
      "processStatus": 3,
      "signal": null,
      "timeout": false,
      "structuredError": null,
      "streams": {
        "capturedBeforeEncode": true,
        "originalStdoutSha256": "d8cd54237a10600a8f800ee123f8bc04cc1d5c326a9ef9e7ac1f9ff596c8a35c",
        "originalStdoutByteLength": 474,
        "originalStderrSha256": "c54c614577bc3a9388b680a6f65f8433036061106e1fb2e3b6fbb8382f78c5c5",
        "originalStderrByteLength": 488,
        "packagedStdoutSha256": "d8cd54237a10600a8f800ee123f8bc04cc1d5c326a9ef9e7ac1f9ff596c8a35c",
        "packagedStdoutByteLength": 474,
        "packagedStderrSha256": "8ee6b61c5c74d1f06d5693ccb2003bda7df9ed19fa81e9883900d3905557407a",
        "packagedStderrByteLength": 521,
        "originalByteEqual": false,
        "reconstructedFromSummary": false,
        "transformApplied": true
      },
      "stdout": "{\"schema\" : \"f15-qualification-reset-tx-observation-v1\", \"phase\" : \"T1_BEGIN\", \"event\" : \"began\", \"backendPid\" : 29017, \"datname\" : \"f3_f15_qual_reset_27118_mu73v750\", \"applicationName\" : \"f13_qualification_reset\", \"usename\" : \"ubuntu\"}\n{\"schema\" : \"f15-qualification-reset-tx-observation-v1\", \"phase\" : \"T2_LOCK\", \"event\" : \"locked\", \"backendPid\" : 29017, \"datname\" : \"f3_f15_qual_reset_27118_mu73v750\", \"applicationName\" : \"f13_qualification_reset\", \"usename\" : \"ubuntu\"}\n",
      "stderr": "psql:[REDACTED_PATH]/f15-qual-reset-s6JGpy/f15-qualification-reset.sql:27: NOTICE:  F18_RESET_BACKEND pid=29017 datname=f3_f15_qual_reset_27118_mu73v750 app=f13_qualification_reset\npsql:[REDACTED_PATH]/f15-qual-reset-s6JGpy/f15-qualification-reset.sql:178: NOTICE:  F18_RESET_LOCK_ACQUIRED pid=29017\npsql:[REDACTED_PATH]/f15-qual-reset-s6JGpy/f15-qualification-reset.sql:364: ERROR:  F13_HISTORY_KEY_MISMATCH: version 20260913173000 name wrong_source_label\nCONTEXT:  PL/pgSQL function inline_code_block line 128 at RAISE\n",
      "lockWaitObserved": null,
      "lockSamples": null,
      "preResetCommittedDrift": null,
      "interleaving": null,
      "backendBoundLock": null,
      "holderCommitted": null,
      "holderResult": null,
      "timedOut": false,
      "status": 3,
      "appliedSqlIdentity": "8a8026aa7d9bd2ed1774f7817d3db9ede863a28c8f6aadb702c60ffb4bdb0b4f",
      "reparseAttestation": null
    },
    {
      "id": "TX_T3_UNAPPROVED_FK_ROLLBACK",
      "kind": "scenario",
      "ok": true,
      "capture": "approved-set-then-unapproved-fk-after-capture-before-lock",
      "resetApply": 1,
      "sql": true,
      "observedPhase": "T2_LOCK",
      "commit": false,
      "rollback": null,
      "replay": false,
      "code": "F13_RESET_SQL_FAILED",
      "verdict": "HOLD",
      "executedTransaction": true,
      "note": "unapproved FK between allowlisted tables after capture is T3-rejected; injected change retained",
      "captureCalls": 1,
      "transportCalls": 1,
      "applyCalls": 1,
      "sqlCalls": 1,
      "mutationPhaseReached": false,
      "processStatus": 3,
      "signal": null,
      "timeout": false,
      "structuredError": null,
      "streams": {
        "capturedBeforeEncode": true,
        "originalStdoutSha256": "1e46e1b2eed8ddb58dd32a18f65d16b0a22fd5d252eab2518ac7c2e4a452a206",
        "originalStdoutByteLength": 474,
        "originalStderrSha256": "5261e5f9e49da0d9c39898d899bfec52a331ac2a52e0af387ebbfe588f850495",
        "originalStderrByteLength": 581,
        "packagedStdoutSha256": "1e46e1b2eed8ddb58dd32a18f65d16b0a22fd5d252eab2518ac7c2e4a452a206",
        "packagedStdoutByteLength": 474,
        "packagedStderrSha256": "7821bf1b56b3f74444924eec52adc95287fac700712a8cd6a16d129e80a6e3e3",
        "packagedStderrByteLength": 614,
        "originalByteEqual": false,
        "reconstructedFromSummary": false,
        "transformApplied": true
      },
      "stdout": "{\"schema\" : \"f15-qualification-reset-tx-observation-v1\", \"phase\" : \"T1_BEGIN\", \"event\" : \"began\", \"backendPid\" : 29063, \"datname\" : \"f3_f15_qual_reset_27118_mu73v750\", \"applicationName\" : \"f13_qualification_reset\", \"usename\" : \"ubuntu\"}\n{\"schema\" : \"f15-qualification-reset-tx-observation-v1\", \"phase\" : \"T2_LOCK\", \"event\" : \"locked\", \"backendPid\" : 29063, \"datname\" : \"f3_f15_qual_reset_27118_mu73v750\", \"applicationName\" : \"f13_qualification_reset\", \"usename\" : \"ubuntu\"}\n",
      "stderr": "psql:[REDACTED_PATH]/f15-qual-reset-QbMAGh/f15-qualification-reset.sql:27: NOTICE:  F18_RESET_BACKEND pid=29063 datname=f3_f15_qual_reset_27118_mu73v750 app=f13_qualification_reset\npsql:[REDACTED_PATH]/f15-qual-reset-QbMAGh/f15-qualification-reset.sql:178: NOTICE:  F18_RESET_LOCK_ACQUIRED pid=29063\npsql:[REDACTED_PATH]/f15-qual-reset-QbMAGh/f15-qualification-reset.sql:364: ERROR:  F13_UNEXPECTED_OBJECT_OR_DEPENDENCY: live tuple not in FINITE_DEPENDENCY_ALLOWLIST foreign_key|unapproved_accounts_groups_fkey|public.financial_accounts|public.groups\nCONTEXT:  PL/pgSQL function inline_code_block line 82 at RAISE\n",
      "lockWaitObserved": null,
      "lockSamples": null,
      "preResetCommittedDrift": null,
      "interleaving": null,
      "backendBoundLock": null,
      "holderCommitted": null,
      "holderResult": null,
      "timedOut": false,
      "status": 3,
      "appliedSqlIdentity": "a3605e146714f435f7df791af8f5762404094b910973fb1a0f0ced67965c2ad5",
      "reparseAttestation": null
    },
    {
      "id": "TX_T3_RETARGETED_FK_ROLLBACK",
      "kind": "scenario",
      "ok": true,
      "capture": "approved-identity-then-retargeted-after-capture-before-lock",
      "resetApply": 1,
      "sql": true,
      "observedPhase": "T2_LOCK",
      "commit": false,
      "rollback": null,
      "replay": false,
      "code": "F13_RESET_SQL_FAILED",
      "verdict": "HOLD",
      "executedTransaction": true,
      "note": "approved FK identity retargeted after capture is T3-rejected; retarget retained",
      "captureCalls": 1,
      "transportCalls": 1,
      "applyCalls": 1,
      "sqlCalls": 1,
      "mutationPhaseReached": false,
      "processStatus": 3,
      "signal": null,
      "timeout": false,
      "structuredError": null,
      "streams": {
        "capturedBeforeEncode": true,
        "originalStdoutSha256": "19348a416842d5992645c3f505baa95e3f49afa70c1faf15255b6440c028417f",
        "originalStdoutByteLength": 474,
        "originalStderrSha256": "31492d01abe142a2d0ff50e316ac900791c080f3245c1eb0b97d3d3568f6f2e3",
        "originalStderrByteLength": 570,
        "packagedStdoutSha256": "19348a416842d5992645c3f505baa95e3f49afa70c1faf15255b6440c028417f",
        "packagedStdoutByteLength": 474,
        "packagedStderrSha256": "19b0ed962a28df65df6d3b6aed042c00d8f03696131fb30344cb824f01add0f5",
        "packagedStderrByteLength": 603,
        "originalByteEqual": false,
        "reconstructedFromSummary": false,
        "transformApplied": true
      },
      "stdout": "{\"schema\" : \"f15-qualification-reset-tx-observation-v1\", \"phase\" : \"T1_BEGIN\", \"event\" : \"began\", \"backendPid\" : 29081, \"datname\" : \"f3_f15_qual_reset_27118_mu73v750\", \"applicationName\" : \"f13_qualification_reset\", \"usename\" : \"ubuntu\"}\n{\"schema\" : \"f15-qualification-reset-tx-observation-v1\", \"phase\" : \"T2_LOCK\", \"event\" : \"locked\", \"backendPid\" : 29081, \"datname\" : \"f3_f15_qual_reset_27118_mu73v750\", \"applicationName\" : \"f13_qualification_reset\", \"usename\" : \"ubuntu\"}\n",
      "stderr": "psql:[REDACTED_PATH]/f15-qual-reset-6c0rIc/f15-qualification-reset.sql:27: NOTICE:  F18_RESET_BACKEND pid=29081 datname=f3_f15_qual_reset_27118_mu73v750 app=f13_qualification_reset\npsql:[REDACTED_PATH]/f15-qual-reset-6c0rIc/f15-qualification-reset.sql:178: NOTICE:  F18_RESET_LOCK_ACQUIRED pid=29081\npsql:[REDACTED_PATH]/f15-qual-reset-6c0rIc/f15-qualification-reset.sql:364: ERROR:  F13_UNEXPECTED_OBJECT_OR_DEPENDENCY: live tuple not in FINITE_DEPENDENCY_ALLOWLIST foreign_key|memberships_group_id_fkey|public.memberships|public.profiles\nCONTEXT:  PL/pgSQL function inline_code_block line 82 at RAISE\n",
      "lockWaitObserved": null,
      "lockSamples": null,
      "preResetCommittedDrift": null,
      "interleaving": null,
      "backendBoundLock": null,
      "holderCommitted": null,
      "holderResult": null,
      "timedOut": false,
      "status": 3,
      "appliedSqlIdentity": "a3605e146714f435f7df791af8f5762404094b910973fb1a0f0ced67965c2ad5",
      "reparseAttestation": null
    },
    {
      "id": "TX_T3_APPROVED_SET_SUCCESS",
      "kind": "scenario",
      "ok": true,
      "capture": "unchanged-approved-dependency-set",
      "resetApply": 1,
      "sql": true,
      "observedPhase": "T7_COMMIT",
      "commit": true,
      "rollback": null,
      "replay": false,
      "code": null,
      "verdict": "CLEAN_BASELINE",
      "executedTransaction": true,
      "note": "unchanged approved dependency set commits CLEAN_BASELINE",
      "captureCalls": 1,
      "transportCalls": 1,
      "applyCalls": 1,
      "sqlCalls": 1,
      "mutationPhaseReached": true,
      "processStatus": 0,
      "signal": null,
      "timeout": false,
      "structuredError": null,
      "streams": {
        "capturedBeforeEncode": true,
        "originalStdoutSha256": "86a7136e7f1e41ecaa455c7fd514eb5ddb1059002172d61d48eaadf0b180e0cf",
        "originalStdoutByteLength": 1088,
        "originalStderrSha256": "43fda33bdf41d77a924a0b76e4ec56220a2040b7363030ce5801681523354f8a",
        "originalStderrByteLength": 13832,
        "packagedStdoutSha256": "86a7136e7f1e41ecaa455c7fd514eb5ddb1059002172d61d48eaadf0b180e0cf",
        "packagedStdoutByteLength": 1088,
        "packagedStderrSha256": "635d00563863cb2c8201b1a6c46ea01a9e5be57cb46dc3c22be14813a9932268",
        "packagedStderrByteLength": 15009,
        "originalByteEqual": false,
        "reconstructedFromSummary": false,
        "transformApplied": true
      },
      "stdout": "{\"schema\" : \"f15-qualification-reset-tx-observation-v1\", \"phase\" : \"T1_BEGIN\", \"event\" : \"began\", \"backendPid\" : 29093, \"datname\" : \"f3_f15_qual_reset_27118_mu73v750\", \"applicationName\" : \"f13_qualification_reset\", \"usename\" : \"ubuntu\"}\n{\"schema\" : \"f15-qualification-reset-tx-observation-v1\", \"phase\" : \"T2_LOCK\", \"event\" : \"locked\", \"backendPid\" : 29093, \"datname\" : \"f3_f15_qual_reset_27118_mu73v750\", \"applicationName\" : \"f13_qualification_reset\", \"usename\" : \"ubuntu\"}\n{\"schema\":\"f15-qualification-reset-tx-observation-v1\",\"phase\":\"T3_REVALIDATE\",\"event\":\"revalidated\"}\n{\"schema\":\"f15-qualification-reset-tx-observation-v1\",\"phase\":\"T4_MUTATE\",\"event\":\"mutate_attempted\"}\n{\"schema\":\"f15-qualification-reset-tx-observation-v1\",\"phase\":\"T5_AFFECTED\",\"event\":\"affected_checked\"}\n{\"schema\":\"f15-qualification-reset-tx-observation-v1\",\"phase\":\"T6_FINAL\",\"event\":\"final_ok\"}\n{\"schema\":\"f15-qualification-reset-tx-observation-v1\",\"phase\":\"T7_COMMIT\",\"event\":\"commit_attempted\"}\n{\"schema\":\"f15-qualification-reset-tx-observation-v1\",\"phase\":\"T7_COMMIT\",\"event\":\"committed\",\"committed\":true}\n",
      "stderr": "psql:[REDACTED_PATH]/f15-qual-reset-NzfQCW/f15-qualification-reset.sql:27: NOTICE:  F18_RESET_BACKEND pid=29093 datname=f3_f15_qual_reset_27118_mu73v750 app=f13_qualification_reset\npsql:[REDACTED_PATH]/f15-qual-reset-NzfQCW/f15-qualification-reset.sql:178: NOTICE:  F18_RESET_LOCK_ACQUIRED pid=29093\npsql:[REDACTED_PATH]/f15-qual-reset-NzfQCW/f15-qualification-reset.sql:589: NOTICE:  function public.get_financial_cashbook(uuid,pg_catalog.timestamptz,pg_catalog.timestamptz,uuid,text,pg_catalog.int4,pg_catalog.int4) does not exist, skipping\npsql:[REDACTED_PATH]/f15-qual-reset-NzfQCW/f15-qualification-reset.sql:589: NOTICE:  function public.get_financial_projection_bundle(uuid,pg_catalog.timestamptz,pg_catalog.timestamptz,pg_catalog.timestamptz) does not exist, skipping\npsql:[REDACTED_PATH]/f15-qual-reset-NzfQCW/f15-qualification-reset.sql:589: NOTICE:  function public.post_financial_command(jsonb) does not exist, skipping\npsql:[REDACTED_PATH]/f15-qual-reset-NzfQCW/f15-qualification-reset.sql:589: NOTICE:  function public.correct_financial_event(jsonb) does not exist, skipping\npsql:[REDACTED_PATH]/f15-qual-reset-NzfQCW/f15-qualification-reset.sql:589: NOTICE:  type \"notification_channel\" does not exist, skipping\npsql:[REDACTED_PATH]/f15-qual-reset-NzfQCW/f15-qualification-reset.sql:589: NOTICE:  function public.execute_member_transfer(jsonb) does not exist, skipping\npsql:[REDACTED_PATH]/f15-qual-reset-NzfQCW/f15-qualification-reset.sql:589: NOTICE:  function public.request_member_transfer(jsonb) does not exist, skipping\npsql:[REDACTED_PATH]/f15-qual-reset-NzfQCW/f15-qualification-reset.sql:589: NOTICE:  function public.has_group_permission(uuid,text,uuid) does not exist, skipping\npsql:[REDACTED_PATH]/f15-qual-reset-NzfQCW/f15-qualification-reset.sql:589: NOTICE:  function public.compute_member_standing(uuid) does not exist, skipping\npsql:[REDACTED_PATH]/f15-qual-reset-NzfQCW/f15-qualification-reset.sql:589: NOTICE:  function public.m2_is_valid_iana_timezone(text) does not exist, skipping\npsql:[REDACTED_PATH]/f15-qual-reset-NzfQCW/f15-qualification-reset.sql:589: NOTICE:  function public.notification_policy_set_updated_at() does not exist, skipping\npsql:[REDACTED_PATH]/f15-qual-reset-NzfQCW/f15-qualification-reset.sql:589: NOTICE:  function public.uuid_generate_v5(uuid,text) does not exist, skipping\npsql:[REDACTED_PATH]/f15-qual-reset-NzfQCW/f15-qualification-reset.sql:589: NOTICE:  schema \"financial_core\" does not exist, skipping\npsql:[REDACTED_PATH]/f15-qual-reset-NzfQCW/f15-qualification-reset.sql:589: NOTICE:  schema \"financial_core\" does not exist, skipping\npsql:[REDACTED_PATH]/f15-qual-reset-NzfQCW/f15-qualification-reset.sql:589: NOTICE:  schema \"financial_core\" does not exist, skipping\npsql:[REDACTED_PATH]/f15-qual-reset-NzfQCW/f15-qualification-reset.sql:589: NOTICE:  schema \"financial_core\" does not exist, skipping\npsql:[REDACTED_PATH]/f15-qual-reset-NzfQCW/f15-qualification-reset.sql:589: NOTICE:  schema \"financial_core\" does not exist, skipping\npsql:[REDACTED_PATH]/f15-qual-reset-NzfQCW/f15-qualification-reset.sql:589: NOTICE:  schema \"financial_core\" does not exist, skipping\npsql:[REDACTED_PATH]/f15-qual-reset-NzfQCW/f15-qualification-reset.sql:589: NOTICE:  schema \"financial_core\" does not exist, skipping\npsql:[REDACTED_PATH]/f15-qual-reset-NzfQCW/f15-qualification-reset.sql:589: NOTICE:  schema \"financial_core\" does not exist, skipping\npsql:[REDACTED_PATH]/f15-qual-reset-NzfQCW/f15-qualification-reset.sql:589: NOTICE:  schema \"financial_core\" does not exist, skipping\npsql:[REDACTED_PATH]/f15-qual-reset-NzfQCW/f15-qualification-reset.sql:589: NOTICE:  schema \"financial_core\" does not exist, skipping\npsql:[REDACTED_PATH]/f15-qual-reset-NzfQCW/f15-qualification-reset.sql:589: NOTICE:  schema \"financial_core\" does not exist, skipping\npsql:[REDACTED_PATH]/f15-qual-reset-NzfQCW/f15-qualification-reset.sql:589: NOTICE:  schema \"financial_core\" does not exist, skipping\npsql:[REDACTED_PATH]/f15-qual-reset-NzfQCW/f15-qualification-reset.sql:589: NOTICE:  schema \"financial_core\" does not exist, skipping\npsql:[REDACTED_PATH]/f15-qual-reset-NzfQCW/f15-qualification-reset.sql:589: NOTICE:  schema \"financial_core\" does not exist, skipping\npsql:[REDACTED_PATH]/f15-qual-reset-NzfQCW/f15-qualification-reset.sql:589: NOTICE:  schema \"financial_core\" does not exist, skipping\npsql:[REDACTED_PATH]/f15-qual-reset-NzfQCW/f15-qualification-reset.sql:589: NOTICE:  schema \"financial_core\" does not exist, skipping\npsql:[REDACTED_PATH]/f15-qual-reset-NzfQCW/f15-qualification-reset.sql:589: NOTICE:  schema \"financial_core\" does not exist, skipping\npsql:[REDACTED_PATH]/f15-qual-reset-NzfQCW/f15-qualification-reset.sql:589: NOTICE:  schema \"financial_core\" does not exist, skipping\npsql:[REDACTED_PATH]/f15-qual-reset-NzfQCW/f15-qualification-reset.sql:589: NOTICE:  schema \"financial_core\" does not exist, skipping\npsql:[REDACTED_PATH]/f15-qual-reset-NzfQCW/f15-qualification-reset.sql:589: NOTICE:  schema \"financial_core\" does not exist, skipping\npsql:[REDACTED_PATH]/f15-qual-reset-NzfQCW/f15-qualification-reset.sql:589: NOTICE:  schema \"financial_core\" does not exist, skipping\npsql:[REDACTED_PATH]/f15-qual-reset-NzfQCW/f15-qualification-reset.sql:589: NOTICE:  schema \"financial_core\" does not exist, skipping\npsql:[REDACTED_PATH]/f15-qual-reset-NzfQCW/f15-qualification-reset.sql:589: NOTICE:  schema \"financial_core\" does not exist, skipping\npsql:[REDACTED_PATH]/f15-qual-reset-NzfQCW/f15-qualification-reset.sql:589: NOTICE:  schema \"financial_core\" does not exist, skipping\npsql:[REDACTED_PATH]/f15-qual-reset-NzfQCW/f15-qualification-reset.sql:589: NOTICE:  schema \"financial_core\" does not exist, skipping\npsql:[REDACTED_PATH]/f15-qual-reset-NzfQCW/f15-qualification-reset.sql:589: NOTICE:  schema \"financial_core\" does not exist, skipping\npsql:[REDACTED_PATH]/f15-qual-reset-NzfQCW/f15-qualification-reset.sql:589: NOTICE:  schema \"financial_core\" does not exist, skipping\npsql:[REDACTED_PATH]/f15-qual-reset-NzfQCW/f15-qualification-reset.sql:589: NOTICE:  schema \"financial_core\" does not exist, skipping\npsql:[REDACTED_PATH]/f15-qual-reset-NzfQCW/f15-qualification-reset.sql:589: NOTICE:  schema \"financial_core\" does not exist, skipping\npsql:[REDACTED_PATH]/f15-qual-reset-NzfQCW/f15-qualification-reset.sql:589: NOTICE:  schema \"financial_core\" does not exist, skipping\npsql:[REDACTED_PATH]/f15-qual-reset-NzfQCW/f15-qualification-reset.sql:589: NOTICE:  schema \"financial_core\" does not exist, skipping\npsql:[REDACTED_PATH]/f15-qual-reset-NzfQCW/f15-qualification-reset.sql:589: NOTICE:  schema \"financial_core\" does not exist, skipping\npsql:[REDACTED_PATH]/f15-qual-reset-NzfQCW/f15-qualification-reset.sql:589: NOTICE:  schema \"financial_core\" does not exist, skipping\npsql:[REDACTED_PATH]/f15-qual-reset-NzfQCW/f15-qualification-reset.sql:589: NOTICE:  schema \"financial_core\" does not exist, skipping\npsql:[REDACTED_PATH]/f15-qual-reset-NzfQCW/f15-qualification-reset.sql:589: NOTICE:  schema \"financial_core\" does not exist, skipping\npsql:[REDACTED_PATH]/f15-qual-reset-NzfQCW/f15-qualification-reset.sql:589: NOTICE:  schema \"financial_core\" does not exist, skipping\npsql:[REDACTED_PATH]/f15-qual-reset-NzfQCW/f15-qualification-reset.sql:589: NOTICE:  schema \"financial_core\" does not exist, skipping\npsql:[REDACTED_PATH]/f15-qual-reset-NzfQCW/f15-qualification-reset.sql:589: NOTICE:  schema \"financial_core\" does not exist, skipping\npsql:[REDACTED_PATH]/f15-qual-reset-NzfQCW/f15-qualification-reset.sql:589: NOTICE:  schema \"financial_core\" does not exist, skipping\npsql:[REDACTED_PATH]/f15-qual-reset-NzfQCW/f15-qualification-reset.sql:589: NOTICE:  schema \"financial_core\" does not exist, skipping\npsql:[REDACTED_PATH]/f15-qual-reset-NzfQCW/f15-qualification-reset.sql:589: NOTICE:  schema \"financial_core\" does not exist, skipping\npsql:[REDACTED_PATH]/f15-qual-reset-NzfQCW/f15-qualification-reset.sql:589: NOTICE:  schema \"financial_core\" does not exist, skipping\npsql:[REDACTED_PATH]/f15-qual-reset-NzfQCW/f15-qualification-reset.sql:589: NOTICE:  schema \"financial_core\" does not exist, skipping\npsql:[REDACTED_PATH]/f15-qual-reset-NzfQCW/f15-qualification-reset.sql:589: NOTICE:  schema \"financial_core\" does not exist, skipping\npsql:[REDACTED_PATH]/f15-qual-reset-NzfQCW/f15-qualification-reset.sql:589: NOTICE:  schema \"financial_private\" does not exist, skipping\npsql:[REDACTED_PATH]/f15-qual-reset-NzfQCW/f15-qualification-reset.sql:589: NOTICE:  schema \"financial_core\" does not exist, skipping\npsql:[REDACTED_PATH]/f15-qual-reset-NzfQCW/f15-qualification-reset.sql:589: NOTICE:  schema \"financial_core\" does not exist, skipping\npsql:[REDACTED_PATH]/f15-qual-reset-NzfQCW/f15-qualification-reset.sql:589: NOTICE:  schema \"financial_core\" does not exist, skipping\npsql:[REDACTED_PATH]/f15-qual-reset-NzfQCW/f15-qualification-reset.sql:589: NOTICE:  table \"financial_postings\" does not exist, skipping\npsql:[REDACTED_PATH]/f15-qual-reset-NzfQCW/f15-qualification-reset.sql:589: NOTICE:  table \"financial_events\" does not exist, skipping\npsql:[REDACTED_PATH]/f15-qual-reset-NzfQCW/f15-qualification-reset.sql:589: NOTICE:  table \"financial_categories\" does not exist, skipping\npsql:[REDACTED_PATH]/f15-qual-reset-NzfQCW/f15-qualification-reset.sql:589: NOTICE:  table \"financial_funds\" does not exist, skipping\npsql:[REDACTED_PATH]/f15-qual-reset-NzfQCW/f15-qualification-reset.sql:589: NOTICE:  table \"financial_ledger_epochs\" does not exist, skipping\npsql:[REDACTED_PATH]/f15-qual-reset-NzfQCW/f15-qualification-reset.sql:589: NOTICE:  schema \"financial_private\" does not exist, skipping\npsql:[REDACTED_PATH]/f15-qual-reset-NzfQCW/f15-qualification-reset.sql:589: NOTICE:  schema \"financial_private\" does not exist, skipping\npsql:[REDACTED_PATH]/f15-qual-reset-NzfQCW/f15-qualification-reset.sql:589: NOTICE:  table \"notification_policy_triggers\" does not exist, skipping\npsql:[REDACTED_PATH]/f15-qual-reset-NzfQCW/f15-qualification-reset.sql:589: NOTICE:  table \"notification_policy_occurrences\" does not exist, skipping\npsql:[REDACTED_PATH]/f15-qual-reset-NzfQCW/f15-qualification-reset.sql:589: NOTICE:  table \"notification_policies\" does not exist, skipping\npsql:[REDACTED_PATH]/f15-qual-reset-NzfQCW/f15-qualification-reset.sql:589: NOTICE:  table \"position_assignments\" does not exist, skipping\npsql:[REDACTED_PATH]/f15-qual-reset-NzfQCW/f15-qualification-reset.sql:589: NOTICE:  table \"position_permissions\" does not exist, skipping\npsql:[REDACTED_PATH]/f15-qual-reset-NzfQCW/f15-qualification-reset.sql:589: NOTICE:  table \"group_positions\" does not exist, skipping\npsql:[REDACTED_PATH]/f15-qual-reset-NzfQCW/f15-qualification-reset.sql:589: NOTICE:  table \"hosting_swap_requests\" does not exist, skipping\npsql:[REDACTED_PATH]/f15-qual-reset-NzfQCW/f15-qualification-reset.sql:589: NOTICE:  table \"hosting_assignments\" does not exist, skipping\npsql:[REDACTED_PATH]/f15-qual-reset-NzfQCW/f15-qualification-reset.sql:589: NOTICE:  table \"hosting_rosters\" does not exist, skipping\npsql:[REDACTED_PATH]/f15-qual-reset-NzfQCW/f15-qualification-reset.sql:589: NOTICE:  table \"payment_obligation_applications\" does not exist, skipping\npsql:[REDACTED_PATH]/f15-qual-reset-NzfQCW/f15-qualification-reset.sql:589: NOTICE:  table \"payments\" does not exist, skipping\npsql:[REDACTED_PATH]/f15-qual-reset-NzfQCW/f15-qualification-reset.sql:589: NOTICE:  table \"contribution_obligations\" does not exist, skipping\npsql:[REDACTED_PATH]/f15-qual-reset-NzfQCW/f15-qualification-reset.sql:589: NOTICE:  table \"relief_remittances\" does not exist, skipping\npsql:[REDACTED_PATH]/f15-qual-reset-NzfQCW/f15-qualification-reset.sql:589: NOTICE:  table \"relief_claims\" does not exist, skipping\npsql:[REDACTED_PATH]/f15-qual-reset-NzfQCW/f15-qualification-reset.sql:589: NOTICE:  table \"relief_enrollments\" does not exist, skipping\npsql:[REDACTED_PATH]/f15-qual-reset-NzfQCW/f15-qualification-reset.sql:589: NOTICE:  table \"relief_plans\" does not exist, skipping\npsql:[REDACTED_PATH]/f15-qual-reset-NzfQCW/f15-qualification-reset.sql:589: NOTICE:  table \"fines\" does not exist, skipping\npsql:[REDACTED_PATH]/f15-qual-reset-NzfQCW/f15-qualification-reset.sql:589: NOTICE:  table \"member_transfers\" does not exist, skipping\npsql:[REDACTED_PATH]/f15-qual-reset-NzfQCW/f15-qualification-reset.sql:589: NOTICE:  table \"invitations\" does not exist, skipping\npsql:[REDACTED_PATH]/f15-qual-reset-NzfQCW/f15-qualification-reset.sql:589: NOTICE:  table \"elections\" does not exist, skipping\npsql:[REDACTED_PATH]/f15-qual-reset-NzfQCW/f15-qualification-reset.sql:589: NOTICE:  table \"events\" does not exist, skipping\npsql:[REDACTED_PATH]/f15-qual-reset-NzfQCW/f15-qualification-reset.sql:589: NOTICE:  table \"meeting_minutes\" does not exist, skipping\npsql:[REDACTED_PATH]/f15-qual-reset-NzfQCW/f15-qualification-reset.sql:589: NOTICE:  table \"announcements\" does not exist, skipping\npsql:[REDACTED_PATH]/f15-qual-reset-NzfQCW/f15-qualification-reset.sql:589: NOTICE:  table \"notifications_queue\" does not exist, skipping\npsql:[REDACTED_PATH]/f15-qual-reset-NzfQCW/f15-qualification-reset.sql:589: NOTICE:  table \"loans\" does not exist, skipping\npsql:[REDACTED_PATH]/f15-qual-reset-NzfQCW/f15-qualification-reset.sql:589: NOTICE:  table \"projects\" does not exist, skipping\npsql:[REDACTED_PATH]/f15-qual-reset-NzfQCW/f15-qualification-reset.sql:589: NOTICE:  table \"group_subscriptions\" does not exist, skipping\npsql:[REDACTED_PATH]/f15-qual-reset-NzfQCW/f15-qualification-reset.sql:589: NOTICE:  table \"organizations\" does not exist, skipping\npsql:[REDACTED_PATH]/f15-qual-reset-NzfQCW/f15-qualification-reset.sql:589: NOTICE:  table \"__f3_acl_platform_canary_20260915\" does not exist, skipping\npsql:[REDACTED_PATH]/f15-qual-reset-NzfQCW/f15-qualification-reset.sql:589: NOTICE:  sequence \"__f3_acl_platform_canary_20260915_id_seq\" does not exist, skipping\npsql:[REDACTED_PATH]/f15-qual-reset-NzfQCW/f15-qualification-reset.sql:589: NOTICE:  type \"public.financial_account_kind\" does not exist, skipping\npsql:[REDACTED_PATH]/f15-qual-reset-NzfQCW/f15-qualification-reset.sql:589: NOTICE:  type \"public.financial_account_status\" does not exist, skipping\npsql:[REDACTED_PATH]/f15-qual-reset-NzfQCW/f15-qualification-reset.sql:589: NOTICE:  type \"public.financial_category_class\" does not exist, skipping\npsql:[REDACTED_PATH]/f15-qual-reset-NzfQCW/f15-qualification-reset.sql:589: NOTICE:  type \"public.financial_config_status\" does not exist, skipping\npsql:[REDACTED_PATH]/f15-qual-reset-NzfQCW/f15-qualification-reset.sql:589: NOTICE:  type \"public.financial_control_class\" does not exist, skipping\npsql:[REDACTED_PATH]/f15-qual-reset-NzfQCW/f15-qualification-reset.sql:589: NOTICE:  type \"public.financial_event_class\" does not exist, skipping\npsql:[REDACTED_PATH]/f15-qual-reset-NzfQCW/f15-qualification-reset.sql:589: NOTICE:  type \"public.financial_event_status\" does not exist, skipping\npsql:[REDACTED_PATH]/f15-qual-reset-NzfQCW/f15-qualification-reset.sql:589: NOTICE:  type \"public.notification_channel\" does not exist, skipping\n",
      "lockWaitObserved": null,
      "lockSamples": null,
      "preResetCommittedDrift": null,
      "interleaving": null,
      "backendBoundLock": null,
      "holderCommitted": null,
      "holderResult": null,
      "timedOut": false,
      "status": 0,
      "appliedSqlIdentity": "a3605e146714f435f7df791af8f5762404094b910973fb1a0f0ced67965c2ad5",
      "reparseAttestation": {
        "ok": true,
        "consistent": true,
        "schema": "f18-qualification-reset-stored-process-adapter-v1",
        "parsedOk": true,
        "observationCount": 8,
        "lastEvent": {
          "schema": "f15-qualification-reset-tx-observation-v1",
          "phase": "T7_COMMIT",
          "event": "committed",
          "committed": true
        },
        "interpretedCommitted": true,
        "interpretedVerdictPath": "CLEAN_BASELINE",
        "phaseReached": "T7_COMMIT",
        "t7CommitAttempted": true,
        "t7CommittedTrue": true,
        "processStatus": 0,
        "processFailed": false,
        "genuineSuccess": true,
        "genuineFailure": false,
        "successClaimedUncommitted": false,
        "failureBecameCommitted": false,
        "mappedProcessStatusToStatus": false
      }
    },
    {
      "id": "TX_T3_LOCKWAIT_UNAPPROVED_FK_ROLLBACK",
      "kind": "scenario",
      "ok": true,
      "capture": "approved-set-then-lock-wait-then-externally-committed-drift",
      "resetApply": 1,
      "sql": true,
      "observedPhase": "T2_LOCK",
      "commit": false,
      "rollback": null,
      "replay": false,
      "code": "F13_RESET_SQL_FAILED",
      "verdict": "HOLD",
      "executedTransaction": true,
      "note": "holder kept required lock; reset reached T1 and waited; drift committed; T3 rejected before mutation",
      "captureCalls": 1,
      "transportCalls": 1,
      "applyCalls": 1,
      "sqlCalls": 1,
      "mutationPhaseReached": false,
      "processStatus": 3,
      "signal": null,
      "timeout": false,
      "structuredError": null,
      "streams": {
        "capturedBeforeEncode": true,
        "originalStdoutSha256": "a07802b49ffb0206515322d0c3034ed256ddc4c27d7aa688cec9468ca8f13a56",
        "originalStdoutByteLength": 474,
        "originalStderrSha256": "b4e4c9446d244ba4bf8eaaa109d067e309cdc5de4bf9fc7b10c129fbbf047e79",
        "originalStderrByteLength": 581,
        "packagedStdoutSha256": "a07802b49ffb0206515322d0c3034ed256ddc4c27d7aa688cec9468ca8f13a56",
        "packagedStdoutByteLength": 474,
        "packagedStderrSha256": "8721aba1c1362ce0587cf4fef54c02cfd579578a5e2c1b48b683af01748cfacf",
        "packagedStderrByteLength": 614,
        "originalByteEqual": false,
        "reconstructedFromSummary": false,
        "transformApplied": true
      },
      "stdout": "{\"schema\" : \"f15-qualification-reset-tx-observation-v1\", \"phase\" : \"T1_BEGIN\", \"event\" : \"began\", \"backendPid\" : 29511, \"datname\" : \"f3_f15_qual_reset_27118_mu73v750\", \"applicationName\" : \"f13_qualification_reset\", \"usename\" : \"ubuntu\"}\n{\"schema\" : \"f15-qualification-reset-tx-observation-v1\", \"phase\" : \"T2_LOCK\", \"event\" : \"locked\", \"backendPid\" : 29511, \"datname\" : \"f3_f15_qual_reset_27118_mu73v750\", \"applicationName\" : \"f13_qualification_reset\", \"usename\" : \"ubuntu\"}\n",
      "stderr": "psql:[REDACTED_PATH]/f15-qual-reset-1M0rSv/f15-qualification-reset.sql:27: NOTICE:  F18_RESET_BACKEND pid=29511 datname=f3_f15_qual_reset_27118_mu73v750 app=f13_qualification_reset\npsql:[REDACTED_PATH]/f15-qual-reset-1M0rSv/f15-qualification-reset.sql:178: NOTICE:  F18_RESET_LOCK_ACQUIRED pid=29511\npsql:[REDACTED_PATH]/f15-qual-reset-1M0rSv/f15-qualification-reset.sql:364: ERROR:  F13_UNEXPECTED_OBJECT_OR_DEPENDENCY: live tuple not in FINITE_DEPENDENCY_ALLOWLIST foreign_key|unapproved_accounts_groups_fkey|public.financial_accounts|public.groups\nCONTEXT:  PL/pgSQL function inline_code_block line 82 at RAISE\n",
      "lockWaitObserved": true,
      "lockSamples": [
        {
          "atMs": 0,
          "matched": false,
          "identity": null
        },
        {
          "atMs": 21,
          "matched": false,
          "identity": null
        },
        {
          "atMs": 41,
          "matched": false,
          "identity": null
        },
        {
          "atMs": 61,
          "matched": false,
          "identity": null
        },
        {
          "atMs": 81,
          "matched": false,
          "identity": null
        },
        {
          "atMs": 101,
          "matched": false,
          "identity": null
        },
        {
          "atMs": 122,
          "matched": false,
          "identity": null
        },
        {
          "atMs": 142,
          "matched": false,
          "identity": null
        },
        {
          "atMs": 162,
          "matched": false,
          "identity": null
        },
        {
          "atMs": 182,
          "matched": false,
          "identity": null
        },
        {
          "atMs": 202,
          "matched": false,
          "identity": null
        },
        {
          "atMs": 222,
          "matched": false,
          "identity": null
        },
        {
          "atMs": 243,
          "matched": false,
          "identity": null
        },
        {
          "atMs": 263,
          "matched": false,
          "identity": null
        },
        {
          "atMs": 283,
          "matched": false,
          "identity": null
        },
        {
          "atMs": 303,
          "matched": false,
          "identity": null
        },
        {
          "atMs": 323,
          "matched": false,
          "identity": null
        },
        {
          "atMs": 343,
          "matched": false,
          "identity": null
        },
        {
          "atMs": 364,
          "matched": false,
          "identity": null
        },
        {
          "atMs": 384,
          "matched": false,
          "identity": null
        },
        {
          "atMs": 404,
          "matched": false,
          "identity": null
        },
        {
          "atMs": 424,
          "matched": false,
          "identity": null
        },
        {
          "atMs": 444,
          "matched": false,
          "identity": null
        },
        {
          "atMs": 464,
          "matched": false,
          "identity": null
        },
        {
          "atMs": 484,
          "matched": false,
          "identity": null
        },
        {
          "atMs": 504,
          "matched": false,
          "identity": null
        },
        {
          "atMs": 525,
          "matched": false,
          "identity": null
        },
        {
          "atMs": 545,
          "matched": false,
          "identity": null
        },
        {
          "atMs": 565,
          "matched": false,
          "identity": null
        },
        {
          "atMs": 585,
          "matched": false,
          "identity": null
        },
        {
          "atMs": 605,
          "matched": false,
          "identity": null
        },
        {
          "atMs": 625,
          "matched": false,
          "identity": null
        },
        {
          "atMs": 645,
          "matched": false,
          "identity": null
        },
        {
          "atMs": 665,
          "matched": false,
          "identity": null
        },
        {
          "atMs": 686,
          "matched": false,
          "identity": null
        },
        {
          "atMs": 706,
          "matched": false,
          "identity": null
        },
        {
          "atMs": 726,
          "matched": false,
          "identity": null
        },
        {
          "atMs": 746,
          "matched": true,
          "identity": {
            "schema": "f15-qualification-reset-tx-observation-v1",
            "phase": "T1_BEGIN",
            "event": "began",
            "backendPid": 29511,
            "datname": "f3_f15_qual_reset_27118_mu73v750",
            "applicationName": "f13_qualification_reset",
            "usename": "ubuntu",
            "source": "observation",
            "executionId": "f18_reset_27118_1789744840316_265eeed8060a9",
            "workerPid": 29138,
            "writtenAt": "2026-09-18T15:20:41.053Z"
          }
        },
        {
          "atMs": 25,
          "matched": true,
          "datname": "f3_f15_qual_reset_27118_mu73v750",
          "relation": "public.financial_accounts",
          "holder": {
            "pid": 29137,
            "mode": "AccessExclusiveLock",
            "granted": true,
            "locktype": "relation",
            "relation": "public.financial_accounts"
          },
          "resetWaiter": {
            "pid": 29511,
            "mode": "AccessExclusiveLock",
            "granted": false,
            "locktype": "relation",
            "relation": "public.financial_accounts",
            "blockedByHolder": true
          },
          "resetGranted": null
        },
        {
          "atMs": 22,
          "matched": true,
          "acquired": {
            "schema": "f15-qualification-reset-tx-observation-v1",
            "phase": "T2_LOCK",
            "event": "locked",
            "backendPid": 29511,
            "datname": "f3_f15_qual_reset_27118_mu73v750",
            "applicationName": "f13_qualification_reset",
            "usename": "ubuntu",
            "source": "observation",
            "executionId": "f18_reset_27118_1789744840316_265eeed8060a9",
            "workerPid": 29138,
            "writtenAt": "2026-09-18T15:20:41.103Z"
          },
          "live": {
            "datname": "f3_f15_qual_reset_27118_mu73v750",
            "relation": "public.financial_accounts",
            "holder": null,
            "resetWaiter": null,
            "resetGranted": null
          },
          "t2Same": true,
          "granted": false
        }
      ],
      "preResetCommittedDrift": {
        "retained": "unapproved_accounts_groups_fkey",
        "observedAfterHolderCommit": "unapproved_accounts_groups_fkey"
      },
      "interleaving": {
        "t1ReachedThenWaited": true,
        "resetProcessId": 29138,
        "resetBackendPid": 29511,
        "resetExecutionId": "f18_reset_27118_1789744840316_265eeed8060a9",
        "holderBackendPid": 29137,
        "datname": "f3_f15_qual_reset_27118_mu73v750",
        "relation": "public.financial_accounts",
        "holderLock": {
          "pid": 29137,
          "mode": "AccessExclusiveLock",
          "granted": true,
          "locktype": "relation",
          "relation": "public.financial_accounts"
        },
        "waiterLock": {
          "pid": 29511,
          "mode": "AccessExclusiveLock",
          "granted": false,
          "locktype": "relation",
          "relation": "public.financial_accounts",
          "blockedByHolder": true
        },
        "isolation": "READ COMMITTED",
        "inferredFromAnyWaiter": false,
        "inferredFromApplicationNameAlone": false,
        "inferredFromEventTypeAlone": false
      },
      "backendBoundLock": {
        "observation": {
          "resetProcessId": 29138,
          "resetBackendPid": 29511,
          "resetExecutionId": "f18_reset_27118_1789744840316_265eeed8060a9",
          "holderBackendPid": 29137,
          "datname": "f3_f15_qual_reset_27118_mu73v750",
          "relation": "public.financial_accounts",
          "holderLock": {
            "pid": 29137,
            "mode": "AccessExclusiveLock",
            "granted": true,
            "locktype": "relation",
            "relation": "public.financial_accounts"
          },
          "waiterLock": {
            "pid": 29511,
            "mode": "AccessExclusiveLock",
            "granted": false,
            "locktype": "relation",
            "relation": "public.financial_accounts",
            "blockedByHolder": true
          },
          "resetWaitOnHolder": {
            "waiterPid": 29511,
            "holderPid": 29137,
            "blockedByHolder": true
          },
          "holderCommitted": true,
          "holderResult": {
            "ok": true
          },
          "committedCatalogChange": true,
          "lockAcquisitionByResetBackend": {
            "resetBackendPid": 29511,
            "relation": "public.financial_accounts",
            "granted": false,
            "t2LockedSameBackend": true,
            "afterHolderCommit": true
          },
          "t3RejectionFromSameReset": {
            "sameResetExecution": true,
            "rejected": true,
            "mutationPhaseReached": false,
            "code": "F13_RESET_SQL_FAILED"
          },
          "appliedSqlIdentity": "a3605e146714f435f7df791af8f5762404094b910973fb1a0f0ced67965c2ad5",
          "postconditionsComplete": true,
          "inferredFromAnyWaiter": false,
          "inferredFromApplicationNameAlone": false,
          "inferredFromEventTypeAlone": false
        },
        "proof": {
          "schema": "f18-qualification-reset-backend-bound-lock-v1",
          "ok": true,
          "pass": true,
          "failures": [],
          "code": null
        }
      },
      "holderCommitted": true,
      "holderResult": {
        "ok": true
      },
      "timedOut": false,
      "status": 3,
      "appliedSqlIdentity": "a3605e146714f435f7df791af8f5762404094b910973fb1a0f0ced67965c2ad5",
      "reparseAttestation": {
        "ok": true,
        "consistent": true,
        "schema": "f18-qualification-reset-stored-process-adapter-v1",
        "parsedOk": true,
        "observationCount": 2,
        "lastEvent": {
          "schema": "f15-qualification-reset-tx-observation-v1",
          "phase": "T2_LOCK",
          "event": "locked",
          "backendPid": 29511,
          "datname": "f3_f15_qual_reset_27118_mu73v750",
          "applicationName": "f13_qualification_reset",
          "usename": "ubuntu"
        },
        "interpretedCommitted": false,
        "interpretedVerdictPath": "HOLD",
        "phaseReached": "T2_LOCK",
        "t7CommitAttempted": false,
        "t7CommittedTrue": false,
        "processStatus": 3,
        "processFailed": true,
        "genuineSuccess": false,
        "genuineFailure": true,
        "successClaimedUncommitted": false,
        "failureBecameCommitted": false,
        "mappedProcessStatusToStatus": false
      }
    },
    {
      "id": "TX_T3_LOCKWAIT_RETARGETED_FK_ROLLBACK",
      "kind": "scenario",
      "ok": true,
      "capture": "approved-set-then-lock-wait-then-externally-committed-drift",
      "resetApply": 1,
      "sql": true,
      "observedPhase": "T2_LOCK",
      "commit": false,
      "rollback": null,
      "replay": false,
      "code": "F13_RESET_SQL_FAILED",
      "verdict": "HOLD",
      "executedTransaction": true,
      "note": "holder kept memberships lock; reset waited; approved identity retargeted; T3 rejected before mutation",
      "captureCalls": 1,
      "transportCalls": 1,
      "applyCalls": 1,
      "sqlCalls": 1,
      "mutationPhaseReached": false,
      "processStatus": 3,
      "signal": null,
      "timeout": false,
      "structuredError": null,
      "streams": {
        "capturedBeforeEncode": true,
        "originalStdoutSha256": "c676cf6f64c8a262052d9a0bd1f08c93a7f33d439f24799b08dfe774037eb522",
        "originalStdoutByteLength": 474,
        "originalStderrSha256": "25838817ce0199f8a190438865e2fa58e2b7d930ac6d515c37a0c4f32384eaf0",
        "originalStderrByteLength": 570,
        "packagedStdoutSha256": "c676cf6f64c8a262052d9a0bd1f08c93a7f33d439f24799b08dfe774037eb522",
        "packagedStdoutByteLength": 474,
        "packagedStderrSha256": "cb1457bff6babf7bac4f744b5aba371769fd471d0f088f11b2205406978b653b",
        "packagedStderrByteLength": 603,
        "originalByteEqual": false,
        "reconstructedFromSummary": false,
        "transformApplied": true
      },
      "stdout": "{\"schema\" : \"f15-qualification-reset-tx-observation-v1\", \"phase\" : \"T1_BEGIN\", \"event\" : \"began\", \"backendPid\" : 29933, \"datname\" : \"f3_f15_qual_reset_27118_mu73v750\", \"applicationName\" : \"f13_qualification_reset\", \"usename\" : \"ubuntu\"}\n{\"schema\" : \"f15-qualification-reset-tx-observation-v1\", \"phase\" : \"T2_LOCK\", \"event\" : \"locked\", \"backendPid\" : 29933, \"datname\" : \"f3_f15_qual_reset_27118_mu73v750\", \"applicationName\" : \"f13_qualification_reset\", \"usename\" : \"ubuntu\"}\n",
      "stderr": "psql:[REDACTED_PATH]/f15-qual-reset-HwJn9h/f15-qualification-reset.sql:27: NOTICE:  F18_RESET_BACKEND pid=29933 datname=f3_f15_qual_reset_27118_mu73v750 app=f13_qualification_reset\npsql:[REDACTED_PATH]/f15-qual-reset-HwJn9h/f15-qualification-reset.sql:178: NOTICE:  F18_RESET_LOCK_ACQUIRED pid=29933\npsql:[REDACTED_PATH]/f15-qual-reset-HwJn9h/f15-qualification-reset.sql:364: ERROR:  F13_UNEXPECTED_OBJECT_OR_DEPENDENCY: live tuple not in FINITE_DEPENDENCY_ALLOWLIST foreign_key|memberships_group_id_fkey|public.memberships|public.profiles\nCONTEXT:  PL/pgSQL function inline_code_block line 82 at RAISE\n",
      "lockWaitObserved": true,
      "lockSamples": [
        {
          "atMs": 0,
          "matched": false,
          "identity": null
        },
        {
          "atMs": 20,
          "matched": false,
          "identity": null
        },
        {
          "atMs": 40,
          "matched": false,
          "identity": null
        },
        {
          "atMs": 60,
          "matched": false,
          "identity": null
        },
        {
          "atMs": 80,
          "matched": false,
          "identity": null
        },
        {
          "atMs": 100,
          "matched": false,
          "identity": null
        },
        {
          "atMs": 120,
          "matched": false,
          "identity": null
        },
        {
          "atMs": 141,
          "matched": false,
          "identity": null
        },
        {
          "atMs": 161,
          "matched": false,
          "identity": null
        },
        {
          "atMs": 181,
          "matched": false,
          "identity": null
        },
        {
          "atMs": 201,
          "matched": false,
          "identity": null
        },
        {
          "atMs": 221,
          "matched": false,
          "identity": null
        },
        {
          "atMs": 241,
          "matched": false,
          "identity": null
        },
        {
          "atMs": 261,
          "matched": false,
          "identity": null
        },
        {
          "atMs": 282,
          "matched": false,
          "identity": null
        },
        {
          "atMs": 302,
          "matched": false,
          "identity": null
        },
        {
          "atMs": 322,
          "matched": false,
          "identity": null
        },
        {
          "atMs": 342,
          "matched": false,
          "identity": null
        },
        {
          "atMs": 362,
          "matched": false,
          "identity": null
        },
        {
          "atMs": 381,
          "matched": false,
          "identity": null
        },
        {
          "atMs": 401,
          "matched": false,
          "identity": null
        },
        {
          "atMs": 422,
          "matched": false,
          "identity": null
        },
        {
          "atMs": 442,
          "matched": false,
          "identity": null
        },
        {
          "atMs": 462,
          "matched": false,
          "identity": null
        },
        {
          "atMs": 482,
          "matched": false,
          "identity": null
        },
        {
          "atMs": 502,
          "matched": false,
          "identity": null
        },
        {
          "atMs": 522,
          "matched": false,
          "identity": null
        },
        {
          "atMs": 542,
          "matched": false,
          "identity": null
        },
        {
          "atMs": 562,
          "matched": false,
          "identity": null
        },
        {
          "atMs": 583,
          "matched": false,
          "identity": null
        },
        {
          "atMs": 603,
          "matched": false,
          "identity": null
        },
        {
          "atMs": 623,
          "matched": false,
          "identity": null
        },
        {
          "atMs": 643,
          "matched": false,
          "identity": null
        },
        {
          "atMs": 663,
          "matched": false,
          "identity": null
        },
        {
          "atMs": 683,
          "matched": false,
          "identity": null
        },
        {
          "atMs": 704,
          "matched": false,
          "identity": null
        },
        {
          "atMs": 724,
          "matched": false,
          "identity": null
        },
        {
          "atMs": 744,
          "matched": true,
          "identity": {
            "schema": "f15-qualification-reset-tx-observation-v1",
            "phase": "T1_BEGIN",
            "event": "began",
            "backendPid": 29933,
            "datname": "f3_f15_qual_reset_27118_mu73v750",
            "applicationName": "f13_qualification_reset",
            "usename": "ubuntu",
            "source": "observation",
            "executionId": "f18_reset_27118_1789744841650_be58657c77dbb",
            "workerPid": 29560,
            "writtenAt": "2026-09-18T15:20:42.383Z"
          }
        },
        {
          "atMs": 23,
          "matched": true,
          "datname": "f3_f15_qual_reset_27118_mu73v750",
          "relation": "public.memberships",
          "holder": {
            "pid": 29559,
            "mode": "AccessExclusiveLock",
            "granted": true,
            "locktype": "relation",
            "relation": "public.memberships"
          },
          "resetWaiter": {
            "pid": 29933,
            "mode": "AccessExclusiveLock",
            "granted": false,
            "locktype": "relation",
            "relation": "public.memberships",
            "blockedByHolder": true
          },
          "resetGranted": null
        },
        {
          "atMs": 21,
          "matched": true,
          "acquired": {
            "schema": "f15-qualification-reset-tx-observation-v1",
            "phase": "T2_LOCK",
            "event": "locked",
            "backendPid": 29933,
            "datname": "f3_f15_qual_reset_27118_mu73v750",
            "applicationName": "f13_qualification_reset",
            "usename": "ubuntu",
            "source": "observation",
            "executionId": "f18_reset_27118_1789744841650_be58657c77dbb",
            "workerPid": 29560,
            "writtenAt": "2026-09-18T15:20:42.425Z"
          },
          "live": {
            "datname": "f3_f15_qual_reset_27118_mu73v750",
            "relation": "public.memberships",
            "holder": null,
            "resetWaiter": null,
            "resetGranted": null
          },
          "t2Same": true,
          "granted": false
        }
      ],
      "preResetCommittedDrift": {
        "retained": "public.profiles",
        "observedAfterHolderCommit": "public.profiles"
      },
      "interleaving": {
        "t1ReachedThenWaited": true,
        "resetProcessId": 29560,
        "resetBackendPid": 29933,
        "resetExecutionId": "f18_reset_27118_1789744841650_be58657c77dbb",
        "holderBackendPid": 29559,
        "datname": "f3_f15_qual_reset_27118_mu73v750",
        "relation": "public.memberships",
        "holderLock": {
          "pid": 29559,
          "mode": "AccessExclusiveLock",
          "granted": true,
          "locktype": "relation",
          "relation": "public.memberships"
        },
        "waiterLock": {
          "pid": 29933,
          "mode": "AccessExclusiveLock",
          "granted": false,
          "locktype": "relation",
          "relation": "public.memberships",
          "blockedByHolder": true
        },
        "isolation": "READ COMMITTED",
        "inferredFromAnyWaiter": false,
        "inferredFromApplicationNameAlone": false,
        "inferredFromEventTypeAlone": false
      },
      "backendBoundLock": {
        "observation": {
          "resetProcessId": 29560,
          "resetBackendPid": 29933,
          "resetExecutionId": "f18_reset_27118_1789744841650_be58657c77dbb",
          "holderBackendPid": 29559,
          "datname": "f3_f15_qual_reset_27118_mu73v750",
          "relation": "public.memberships",
          "holderLock": {
            "pid": 29559,
            "mode": "AccessExclusiveLock",
            "granted": true,
            "locktype": "relation",
            "relation": "public.memberships"
          },
          "waiterLock": {
            "pid": 29933,
            "mode": "AccessExclusiveLock",
            "granted": false,
            "locktype": "relation",
            "relation": "public.memberships",
            "blockedByHolder": true
          },
          "resetWaitOnHolder": {
            "waiterPid": 29933,
            "holderPid": 29559,
            "blockedByHolder": true
          },
          "holderCommitted": true,
          "holderResult": {
            "ok": true
          },
          "committedCatalogChange": true,
          "lockAcquisitionByResetBackend": {
            "resetBackendPid": 29933,
            "relation": "public.memberships",
            "granted": false,
            "t2LockedSameBackend": true,
            "afterHolderCommit": true
          },
          "t3RejectionFromSameReset": {
            "sameResetExecution": true,
            "rejected": true,
            "mutationPhaseReached": false,
            "code": "F13_RESET_SQL_FAILED"
          },
          "appliedSqlIdentity": "a3605e146714f435f7df791af8f5762404094b910973fb1a0f0ced67965c2ad5",
          "postconditionsComplete": true,
          "inferredFromAnyWaiter": false,
          "inferredFromApplicationNameAlone": false,
          "inferredFromEventTypeAlone": false
        },
        "proof": {
          "schema": "f18-qualification-reset-backend-bound-lock-v1",
          "ok": true,
          "pass": true,
          "failures": [],
          "code": null
        }
      },
      "holderCommitted": true,
      "holderResult": {
        "ok": true
      },
      "timedOut": false,
      "status": 3,
      "appliedSqlIdentity": "a3605e146714f435f7df791af8f5762404094b910973fb1a0f0ced67965c2ad5",
      "reparseAttestation": {
        "ok": true,
        "consistent": true,
        "schema": "f18-qualification-reset-stored-process-adapter-v1",
        "parsedOk": true,
        "observationCount": 2,
        "lastEvent": {
          "schema": "f15-qualification-reset-tx-observation-v1",
          "phase": "T2_LOCK",
          "event": "locked",
          "backendPid": 29933,
          "datname": "f3_f15_qual_reset_27118_mu73v750",
          "applicationName": "f13_qualification_reset",
          "usename": "ubuntu"
        },
        "interpretedCommitted": false,
        "interpretedVerdictPath": "HOLD",
        "phaseReached": "T2_LOCK",
        "t7CommitAttempted": false,
        "t7CommittedTrue": false,
        "processStatus": 3,
        "processFailed": true,
        "genuineSuccess": false,
        "genuineFailure": true,
        "successClaimedUncommitted": false,
        "failureBecameCommitted": false,
        "mappedProcessStatusToStatus": false
      }
    }
  ],
  "passCount": 33,
  "failCount": 0,
  "overallOk": true
}
