{
  "schema": "f18-qualification-reset-local-proof-v1",
  "label": "F19 LOCAL CORRECTION CANDIDATE — AWAITING QA / LOCAL TX PROOF",
  "helper": "scripts/prove-f3-qualification-reset-local.mjs",
  "hostedIdentityProof": false,
  "disposableContact": false,
  "productionContact": false,
  "wipeRejectionCode": "F3_WIPE_FORBIDDEN_FOR_STUB_LIVE_PIN_AUTH",
  "mustLocal": false,
  "localPg": {
    "available": true,
    "reason": null,
    "classification": "LOCAL_PG_EXECUTED",
    "serverVersion": "17.11 (Ubuntu 17.11-1.pgdg24.04+2)"
  },
  "distinctions": {
    "checks": 32,
    "scenarios": 13,
    "executedTransactions": 10
  },
  "cases": [
    {
      "id": "WIPE_STILL_REJECTED",
      "kind": "check",
      "ok": true,
      "capture": null,
      "resetApply": null,
      "sql": null,
      "observedPhase": null,
      "commit": null,
      "rollback": null,
      "replay": false,
      "code": "F3_WIPE_FORBIDDEN_FOR_STUB_LIVE_PIN_AUTH",
      "verdict": null,
      "executedTransaction": false,
      "note": null,
      "captureCalls": null,
      "transportCalls": null,
      "applyCalls": null,
      "sqlCalls": null,
      "mutationPhaseReached": false,
      "processStatus": null,
      "signal": null,
      "timeout": null,
      "thrown": false,
      "structuredError": null,
      "streams": null,
      "stdout": null,
      "stderr": null,
      "lockWaitObserved": null,
      "lockSamples": null,
      "preResetCommittedDrift": null,
      "interleaving": null,
      "backendBoundLock": null,
      "holderCommitted": null,
      "holderResult": null,
      "timedOut": null,
      "status": null,
      "appliedSqlIdentity": null,
      "reparseAttestation": null
    },
    {
      "id": "INVENTORY_PSQL_ARGV_MACHINE_READABLE",
      "kind": "check",
      "ok": true,
      "capture": null,
      "resetApply": null,
      "sql": true,
      "observedPhase": null,
      "commit": null,
      "rollback": null,
      "replay": false,
      "code": null,
      "verdict": null,
      "executedTransaction": false,
      "note": null,
      "captureCalls": null,
      "transportCalls": null,
      "applyCalls": null,
      "sqlCalls": true,
      "mutationPhaseReached": false,
      "processStatus": null,
      "signal": null,
      "timeout": null,
      "thrown": false,
      "structuredError": null,
      "streams": null,
      "stdout": null,
      "stderr": null,
      "lockWaitObserved": null,
      "lockSamples": null,
      "preResetCommittedDrift": null,
      "interleaving": null,
      "backendBoundLock": null,
      "holderCommitted": null,
      "holderResult": null,
      "timedOut": null,
      "status": null,
      "appliedSqlIdentity": null,
      "reparseAttestation": null
    },
    {
      "id": "ALIGNED_FRAMING_REJECTED",
      "kind": "check",
      "ok": true,
      "capture": "rejected",
      "resetApply": null,
      "sql": null,
      "observedPhase": null,
      "commit": null,
      "rollback": null,
      "replay": false,
      "code": "F13_INVENTORY_CAPTURE_FRAMING",
      "verdict": null,
      "executedTransaction": false,
      "note": null,
      "captureCalls": null,
      "transportCalls": null,
      "applyCalls": null,
      "sqlCalls": null,
      "mutationPhaseReached": false,
      "processStatus": null,
      "signal": null,
      "timeout": null,
      "thrown": false,
      "structuredError": null,
      "streams": null,
      "stdout": null,
      "stderr": null,
      "lockWaitObserved": null,
      "lockSamples": null,
      "preResetCommittedDrift": null,
      "interleaving": null,
      "backendBoundLock": null,
      "holderCommitted": null,
      "holderResult": null,
      "timedOut": null,
      "status": null,
      "appliedSqlIdentity": null,
      "reparseAttestation": null
    },
    {
      "id": "FUNCTION_IDENTITY_NAMED_ARGS",
      "kind": "check",
      "ok": true,
      "capture": null,
      "resetApply": null,
      "sql": true,
      "observedPhase": null,
      "commit": null,
      "rollback": null,
      "replay": false,
      "code": null,
      "verdict": null,
      "executedTransaction": false,
      "note": null,
      "captureCalls": null,
      "transportCalls": null,
      "applyCalls": null,
      "sqlCalls": true,
      "mutationPhaseReached": false,
      "processStatus": null,
      "signal": null,
      "timeout": null,
      "thrown": false,
      "structuredError": null,
      "streams": null,
      "stdout": null,
      "stderr": null,
      "lockWaitObserved": null,
      "lockSamples": null,
      "preResetCommittedDrift": null,
      "interleaving": null,
      "backendBoundLock": null,
      "holderCommitted": null,
      "holderResult": null,
      "timedOut": null,
      "status": null,
      "appliedSqlIdentity": null,
      "reparseAttestation": null
    },
    {
      "id": "UNEXPECTED_OBJECT_BLOCKS",
      "kind": "check",
      "ok": true,
      "capture": null,
      "resetApply": null,
      "sql": null,
      "observedPhase": null,
      "commit": null,
      "rollback": null,
      "replay": false,
      "code": "F13_UNEXPECTED_OBJECT_OR_DEPENDENCY",
      "verdict": null,
      "executedTransaction": false,
      "note": null,
      "captureCalls": null,
      "transportCalls": null,
      "applyCalls": null,
      "sqlCalls": null,
      "mutationPhaseReached": false,
      "processStatus": null,
      "signal": null,
      "timeout": null,
      "thrown": false,
      "structuredError": null,
      "streams": null,
      "stdout": null,
      "stderr": null,
      "lockWaitObserved": null,
      "lockSamples": null,
      "preResetCommittedDrift": null,
      "interleaving": null,
      "backendBoundLock": null,
      "holderCommitted": null,
      "holderResult": null,
      "timedOut": null,
      "status": null,
      "appliedSqlIdentity": null,
      "reparseAttestation": null
    },
    {
      "id": "CLEAN_BASELINE_AUTH_TRIGGER_HOLD",
      "kind": "check",
      "ok": true,
      "capture": null,
      "resetApply": null,
      "sql": null,
      "observedPhase": null,
      "commit": null,
      "rollback": null,
      "replay": false,
      "code": "F13_UNSUPPORTED_MANAGED_LEFTOVER",
      "verdict": "HOLD",
      "executedTransaction": false,
      "note": null,
      "captureCalls": null,
      "transportCalls": null,
      "applyCalls": null,
      "sqlCalls": null,
      "mutationPhaseReached": false,
      "processStatus": null,
      "signal": null,
      "timeout": null,
      "thrown": false,
      "structuredError": null,
      "streams": null,
      "stdout": null,
      "stderr": null,
      "lockWaitObserved": null,
      "lockSamples": null,
      "preResetCommittedDrift": null,
      "interleaving": null,
      "backendBoundLock": null,
      "holderCommitted": null,
      "holderResult": null,
      "timedOut": null,
      "status": null,
      "appliedSqlIdentity": null,
      "reparseAttestation": null
    },
    {
      "id": "CLEAN_BASELINE_UNNEST_HOLD",
      "kind": "check",
      "ok": true,
      "capture": null,
      "resetApply": null,
      "sql": null,
      "observedPhase": null,
      "commit": null,
      "rollback": null,
      "replay": false,
      "code": "F13_INVENTORY_CAPTURE_CONTRADICTION",
      "verdict": "HOLD",
      "executedTransaction": false,
      "note": null,
      "captureCalls": null,
      "transportCalls": null,
      "applyCalls": null,
      "sqlCalls": null,
      "mutationPhaseReached": false,
      "processStatus": null,
      "signal": null,
      "timeout": null,
      "thrown": false,
      "structuredError": null,
      "streams": null,
      "stdout": null,
      "stderr": null,
      "lockWaitObserved": null,
      "lockSamples": null,
      "preResetCommittedDrift": null,
      "interleaving": null,
      "backendBoundLock": null,
      "holderCommitted": null,
      "holderResult": null,
      "timedOut": null,
      "status": null,
      "appliedSqlIdentity": null,
      "reparseAttestation": null
    },
    {
      "id": "CLEAN_BASELINE_UNEXPECTED_STORAGE_HOLD",
      "kind": "check",
      "ok": true,
      "capture": null,
      "resetApply": null,
      "sql": null,
      "observedPhase": null,
      "commit": null,
      "rollback": null,
      "replay": false,
      "code": "F13_UNSUPPORTED_MANAGED_LEFTOVER",
      "verdict": "HOLD",
      "executedTransaction": false,
      "note": null,
      "captureCalls": null,
      "transportCalls": null,
      "applyCalls": null,
      "sqlCalls": null,
      "mutationPhaseReached": false,
      "processStatus": null,
      "signal": null,
      "timeout": null,
      "thrown": false,
      "structuredError": null,
      "streams": null,
      "stdout": null,
      "stderr": null,
      "lockWaitObserved": null,
      "lockSamples": null,
      "preResetCommittedDrift": null,
      "interleaving": null,
      "backendBoundLock": null,
      "holderCommitted": null,
      "holderResult": null,
      "timedOut": null,
      "status": null,
      "appliedSqlIdentity": null,
      "reparseAttestation": null
    },
    {
      "id": "CLEAN_BASELINE_UNEXPECTED_BUCKET_HOLD",
      "kind": "check",
      "ok": true,
      "capture": null,
      "resetApply": null,
      "sql": null,
      "observedPhase": null,
      "commit": null,
      "rollback": null,
      "replay": false,
      "code": "F13_UNSUPPORTED_MANAGED_LEFTOVER",
      "verdict": "HOLD",
      "executedTransaction": false,
      "note": null,
      "captureCalls": null,
      "transportCalls": null,
      "applyCalls": null,
      "sqlCalls": null,
      "mutationPhaseReached": false,
      "processStatus": null,
      "signal": null,
      "timeout": null,
      "thrown": false,
      "structuredError": null,
      "streams": null,
      "stdout": null,
      "stderr": null,
      "lockWaitObserved": null,
      "lockSamples": null,
      "preResetCommittedDrift": null,
      "interleaving": null,
      "backendBoundLock": null,
      "holderCommitted": null,
      "holderResult": null,
      "timedOut": null,
      "status": null,
      "appliedSqlIdentity": null,
      "reparseAttestation": null
    },
    {
      "id": "CLEAN_BASELINE_UNEXPECTED_PLUS_NAMED_BUCKET_HOLD",
      "kind": "check",
      "ok": true,
      "capture": null,
      "resetApply": null,
      "sql": null,
      "observedPhase": null,
      "commit": null,
      "rollback": null,
      "replay": false,
      "code": "F13_UNSUPPORTED_MANAGED_LEFTOVER",
      "verdict": "HOLD",
      "executedTransaction": false,
      "note": null,
      "captureCalls": null,
      "transportCalls": null,
      "applyCalls": null,
      "sqlCalls": null,
      "mutationPhaseReached": false,
      "processStatus": null,
      "signal": null,
      "timeout": null,
      "thrown": false,
      "structuredError": null,
      "streams": null,
      "stdout": null,
      "stderr": null,
      "lockWaitObserved": null,
      "lockSamples": null,
      "preResetCommittedDrift": null,
      "interleaving": null,
      "backendBoundLock": null,
      "holderCommitted": null,
      "holderResult": null,
      "timedOut": null,
      "status": null,
      "appliedSqlIdentity": null,
      "reparseAttestation": null
    },
    {
      "id": "GENUINE_CLEAN_STILL_CLEAN",
      "kind": "check",
      "ok": true,
      "capture": null,
      "resetApply": null,
      "sql": null,
      "observedPhase": null,
      "commit": null,
      "rollback": null,
      "replay": false,
      "code": null,
      "verdict": "QUALIFICATION_BASELINE_PRESERVE_BTREE_GIST_V1",
      "executedTransaction": false,
      "note": null,
      "captureCalls": null,
      "transportCalls": null,
      "applyCalls": null,
      "sqlCalls": null,
      "mutationPhaseReached": false,
      "processStatus": null,
      "signal": null,
      "timeout": null,
      "thrown": false,
      "structuredError": null,
      "streams": null,
      "stdout": null,
      "stderr": null,
      "lockWaitObserved": null,
      "lockSamples": null,
      "preResetCommittedDrift": null,
      "interleaving": null,
      "backendBoundLock": null,
      "holderCommitted": null,
      "holderResult": null,
      "timedOut": null,
      "status": null,
      "appliedSqlIdentity": null,
      "reparseAttestation": null
    },
    {
      "id": "F21_NAME_ONLY_GBT_HOLD",
      "kind": "check",
      "ok": true,
      "capture": null,
      "resetApply": null,
      "sql": null,
      "observedPhase": null,
      "commit": null,
      "rollback": null,
      "replay": false,
      "code": "F13_UNEXPECTED_OBJECT_OR_DEPENDENCY",
      "verdict": null,
      "executedTransaction": false,
      "note": null,
      "captureCalls": null,
      "transportCalls": null,
      "applyCalls": null,
      "sqlCalls": null,
      "mutationPhaseReached": false,
      "processStatus": null,
      "signal": null,
      "timeout": null,
      "thrown": false,
      "structuredError": null,
      "streams": null,
      "stdout": null,
      "stderr": null,
      "lockWaitObserved": null,
      "lockSamples": null,
      "preResetCommittedDrift": null,
      "interleaving": null,
      "backendBoundLock": null,
      "holderCommitted": null,
      "holderResult": null,
      "timedOut": null,
      "status": null,
      "appliedSqlIdentity": null,
      "reparseAttestation": null
    },
    {
      "id": "F21_SIX_HISTORICAL_FKS_OK",
      "kind": "check",
      "ok": true,
      "capture": null,
      "resetApply": null,
      "sql": null,
      "observedPhase": null,
      "commit": null,
      "rollback": null,
      "replay": false,
      "code": null,
      "verdict": "RESET_ELIGIBLE",
      "executedTransaction": false,
      "note": null,
      "captureCalls": null,
      "transportCalls": null,
      "applyCalls": null,
      "sqlCalls": null,
      "mutationPhaseReached": false,
      "processStatus": null,
      "signal": null,
      "timeout": null,
      "thrown": false,
      "structuredError": null,
      "streams": null,
      "stdout": null,
      "stderr": null,
      "lockWaitObserved": null,
      "lockSamples": null,
      "preResetCommittedDrift": null,
      "interleaving": null,
      "backendBoundLock": null,
      "holderCommitted": null,
      "holderResult": null,
      "timedOut": null,
      "status": null,
      "appliedSqlIdentity": null,
      "reparseAttestation": null
    },
    {
      "id": "F21_ALTERED_FK_HOLD",
      "kind": "check",
      "ok": true,
      "capture": null,
      "resetApply": null,
      "sql": null,
      "observedPhase": null,
      "commit": null,
      "rollback": null,
      "replay": false,
      "code": "F13_UNEXPECTED_OBJECT_OR_DEPENDENCY",
      "verdict": null,
      "executedTransaction": false,
      "note": null,
      "captureCalls": null,
      "transportCalls": null,
      "applyCalls": null,
      "sqlCalls": null,
      "mutationPhaseReached": false,
      "processStatus": null,
      "signal": null,
      "timeout": null,
      "thrown": false,
      "structuredError": null,
      "streams": null,
      "stdout": null,
      "stderr": null,
      "lockWaitObserved": null,
      "lockSamples": null,
      "preResetCommittedDrift": null,
      "interleaving": null,
      "backendBoundLock": null,
      "holderCommitted": null,
      "holderResult": null,
      "timedOut": null,
      "status": null,
      "appliedSqlIdentity": null,
      "reparseAttestation": null
    },
    {
      "id": "F21_UNEXPECTED_MEMBERSHIP_OVERLAP_HOLD",
      "kind": "check",
      "ok": true,
      "capture": null,
      "resetApply": null,
      "sql": null,
      "observedPhase": null,
      "commit": null,
      "rollback": null,
      "replay": false,
      "code": "F21_UNEXPECTED_MEMBERSHIP_OVERLAP",
      "verdict": null,
      "executedTransaction": false,
      "note": null,
      "captureCalls": null,
      "transportCalls": null,
      "applyCalls": null,
      "sqlCalls": null,
      "mutationPhaseReached": false,
      "processStatus": null,
      "signal": null,
      "timeout": null,
      "thrown": false,
      "structuredError": null,
      "streams": null,
      "stdout": null,
      "stderr": null,
      "lockWaitObserved": null,
      "lockSamples": null,
      "preResetCommittedDrift": null,
      "interleaving": null,
      "backendBoundLock": null,
      "holderCommitted": null,
      "holderResult": null,
      "timedOut": null,
      "status": null,
      "appliedSqlIdentity": null,
      "reparseAttestation": null
    },
    {
      "id": "F21_STALE_INVENTORY_SCHEMA_HOLD",
      "kind": "check",
      "ok": true,
      "capture": null,
      "resetApply": null,
      "sql": null,
      "observedPhase": null,
      "commit": null,
      "rollback": null,
      "replay": false,
      "code": "F21_MEMBERSHIP_SCHEMA_STALE",
      "verdict": null,
      "executedTransaction": false,
      "note": null,
      "captureCalls": null,
      "transportCalls": null,
      "applyCalls": null,
      "sqlCalls": null,
      "mutationPhaseReached": false,
      "processStatus": null,
      "signal": null,
      "timeout": null,
      "thrown": false,
      "structuredError": null,
      "streams": null,
      "stdout": null,
      "stderr": null,
      "lockWaitObserved": null,
      "lockSamples": null,
      "preResetCommittedDrift": null,
      "interleaving": null,
      "backendBoundLock": null,
      "holderCommitted": null,
      "holderResult": null,
      "timedOut": null,
      "status": null,
      "appliedSqlIdentity": null,
      "reparseAttestation": null
    },
    {
      "id": "F21_STALE_SCOPE_DIGEST_HOLD",
      "kind": "check",
      "ok": true,
      "capture": null,
      "resetApply": null,
      "sql": null,
      "observedPhase": null,
      "commit": null,
      "rollback": null,
      "replay": false,
      "code": "F13_FOUNDER_AUTH_MISMATCH",
      "verdict": null,
      "executedTransaction": false,
      "note": null,
      "captureCalls": null,
      "transportCalls": null,
      "applyCalls": null,
      "sqlCalls": null,
      "mutationPhaseReached": false,
      "processStatus": null,
      "signal": null,
      "timeout": null,
      "thrown": false,
      "structuredError": null,
      "streams": null,
      "stdout": null,
      "stderr": null,
      "lockWaitObserved": null,
      "lockSamples": null,
      "preResetCommittedDrift": null,
      "interleaving": null,
      "backendBoundLock": null,
      "holderCommitted": null,
      "holderResult": null,
      "timedOut": null,
      "status": null,
      "appliedSqlIdentity": null,
      "reparseAttestation": null
    },
    {
      "id": "F22_CLEAN_BASELINE_PRE_FLOOR_UNCHANGED",
      "kind": "check",
      "ok": true,
      "capture": null,
      "resetApply": null,
      "sql": null,
      "observedPhase": null,
      "commit": null,
      "rollback": null,
      "replay": false,
      "code": null,
      "verdict": null,
      "executedTransaction": false,
      "note": null,
      "captureCalls": null,
      "transportCalls": null,
      "applyCalls": null,
      "sqlCalls": null,
      "mutationPhaseReached": false,
      "processStatus": null,
      "signal": null,
      "timeout": null,
      "thrown": false,
      "structuredError": null,
      "streams": null,
      "stdout": null,
      "stderr": null,
      "lockWaitObserved": null,
      "lockSamples": null,
      "preResetCommittedDrift": null,
      "interleaving": null,
      "backendBoundLock": null,
      "holderCommitted": null,
      "holderResult": null,
      "timedOut": null,
      "status": null,
      "appliedSqlIdentity": null,
      "reparseAttestation": null
    },
    {
      "id": "F22_STALE_RESET_RECORD_CANNOT_AUTHENTICATE",
      "kind": "check",
      "ok": true,
      "capture": null,
      "resetApply": null,
      "sql": null,
      "observedPhase": null,
      "commit": null,
      "rollback": null,
      "replay": false,
      "code": "F21_PRESERVE_BASELINE_FRESH_CAPTURE_REQUIRED",
      "verdict": null,
      "executedTransaction": false,
      "note": null,
      "captureCalls": null,
      "transportCalls": null,
      "applyCalls": null,
      "sqlCalls": null,
      "mutationPhaseReached": false,
      "processStatus": null,
      "signal": null,
      "timeout": null,
      "thrown": false,
      "structuredError": null,
      "streams": null,
      "stdout": null,
      "stderr": null,
      "lockWaitObserved": null,
      "lockSamples": null,
      "preResetCommittedDrift": null,
      "interleaving": null,
      "backendBoundLock": null,
      "holderCommitted": null,
      "holderResult": null,
      "timedOut": null,
      "status": null,
      "appliedSqlIdentity": null,
      "reparseAttestation": null
    },
    {
      "id": "ELIGIBLE_LEFTOVER_NAMED_STORAGE",
      "kind": "check",
      "ok": true,
      "capture": null,
      "resetApply": null,
      "sql": null,
      "observedPhase": null,
      "commit": null,
      "rollback": null,
      "replay": false,
      "code": null,
      "verdict": "RESET_ELIGIBLE",
      "executedTransaction": false,
      "note": null,
      "captureCalls": null,
      "transportCalls": null,
      "applyCalls": null,
      "sqlCalls": null,
      "mutationPhaseReached": false,
      "processStatus": null,
      "signal": null,
      "timeout": null,
      "thrown": false,
      "structuredError": null,
      "streams": null,
      "stdout": null,
      "stderr": null,
      "lockWaitObserved": null,
      "lockSamples": null,
      "preResetCommittedDrift": null,
      "interleaving": null,
      "backendBoundLock": null,
      "holderCommitted": null,
      "holderResult": null,
      "timedOut": null,
      "status": null,
      "appliedSqlIdentity": null,
      "reparseAttestation": null
    },
    {
      "id": "STATUS0_WITHOUT_COMMIT_OBS",
      "kind": "check",
      "ok": true,
      "capture": null,
      "resetApply": null,
      "sql": null,
      "observedPhase": null,
      "commit": false,
      "rollback": null,
      "replay": false,
      "code": null,
      "verdict": null,
      "executedTransaction": false,
      "note": null,
      "captureCalls": null,
      "transportCalls": null,
      "applyCalls": null,
      "sqlCalls": null,
      "mutationPhaseReached": false,
      "processStatus": null,
      "signal": null,
      "timeout": null,
      "thrown": false,
      "structuredError": null,
      "streams": null,
      "stdout": null,
      "stderr": null,
      "lockWaitObserved": null,
      "lockSamples": null,
      "preResetCommittedDrift": null,
      "interleaving": null,
      "backendBoundLock": null,
      "holderCommitted": null,
      "holderResult": null,
      "timedOut": null,
      "status": null,
      "appliedSqlIdentity": null,
      "reparseAttestation": null
    },
    {
      "id": "COMMIT_CONNECTION_LOSS_UNCERTAIN",
      "kind": "check",
      "ok": true,
      "capture": null,
      "resetApply": null,
      "sql": null,
      "observedPhase": "T7_COMMIT",
      "commit": false,
      "rollback": null,
      "replay": false,
      "code": null,
      "verdict": null,
      "executedTransaction": false,
      "note": null,
      "captureCalls": null,
      "transportCalls": null,
      "applyCalls": null,
      "sqlCalls": null,
      "mutationPhaseReached": false,
      "processStatus": null,
      "signal": null,
      "timeout": null,
      "thrown": false,
      "structuredError": null,
      "streams": null,
      "stdout": null,
      "stderr": null,
      "lockWaitObserved": null,
      "lockSamples": null,
      "preResetCommittedDrift": null,
      "interleaving": null,
      "backendBoundLock": null,
      "holderCommitted": null,
      "holderResult": null,
      "timedOut": null,
      "status": null,
      "appliedSqlIdentity": null,
      "reparseAttestation": null
    },
    {
      "id": "ADVISORY_LOCK_NO_VOID_SELECT",
      "kind": "check",
      "ok": true,
      "capture": null,
      "resetApply": null,
      "sql": true,
      "observedPhase": null,
      "commit": null,
      "rollback": null,
      "replay": false,
      "code": null,
      "verdict": null,
      "executedTransaction": false,
      "note": null,
      "captureCalls": null,
      "transportCalls": null,
      "applyCalls": null,
      "sqlCalls": true,
      "mutationPhaseReached": false,
      "processStatus": null,
      "signal": null,
      "timeout": null,
      "thrown": false,
      "structuredError": null,
      "streams": null,
      "stdout": null,
      "stderr": null,
      "lockWaitObserved": null,
      "lockSamples": null,
      "preResetCommittedDrift": null,
      "interleaving": null,
      "backendBoundLock": null,
      "holderCommitted": null,
      "holderResult": null,
      "timedOut": null,
      "status": null,
      "appliedSqlIdentity": null,
      "reparseAttestation": null
    },
    {
      "id": "T1_SQL_BOUND_BACKEND_IDENTITY",
      "kind": "check",
      "ok": true,
      "capture": null,
      "resetApply": null,
      "sql": true,
      "observedPhase": null,
      "commit": null,
      "rollback": null,
      "replay": false,
      "code": null,
      "verdict": null,
      "executedTransaction": false,
      "note": null,
      "captureCalls": null,
      "transportCalls": null,
      "applyCalls": null,
      "sqlCalls": true,
      "mutationPhaseReached": false,
      "processStatus": null,
      "signal": null,
      "timeout": null,
      "thrown": false,
      "structuredError": null,
      "streams": null,
      "stdout": null,
      "stderr": null,
      "lockWaitObserved": null,
      "lockSamples": null,
      "preResetCommittedDrift": null,
      "interleaving": null,
      "backendBoundLock": null,
      "holderCommitted": null,
      "holderResult": null,
      "timedOut": null,
      "status": null,
      "appliedSqlIdentity": null,
      "reparseAttestation": null
    },
    {
      "id": "T3_SQL_LIVE_CATALOG_TUPLES",
      "kind": "check",
      "ok": true,
      "capture": null,
      "resetApply": null,
      "sql": true,
      "observedPhase": null,
      "commit": null,
      "rollback": null,
      "replay": false,
      "code": null,
      "verdict": null,
      "executedTransaction": false,
      "note": null,
      "captureCalls": null,
      "transportCalls": null,
      "applyCalls": null,
      "sqlCalls": true,
      "mutationPhaseReached": false,
      "processStatus": null,
      "signal": null,
      "timeout": null,
      "thrown": false,
      "structuredError": null,
      "streams": null,
      "stdout": null,
      "stderr": null,
      "lockWaitObserved": null,
      "lockSamples": null,
      "preResetCommittedDrift": null,
      "interleaving": null,
      "backendBoundLock": null,
      "holderCommitted": null,
      "holderResult": null,
      "timedOut": null,
      "status": null,
      "appliedSqlIdentity": null,
      "reparseAttestation": null
    },
    {
      "id": "ADVISORY_LOCK_VOID_SELECT_FRAMING",
      "kind": "check",
      "ok": true,
      "capture": null,
      "resetApply": null,
      "sql": null,
      "observedPhase": "T7_COMMIT",
      "commit": true,
      "rollback": null,
      "replay": false,
      "code": null,
      "verdict": null,
      "executedTransaction": false,
      "note": "protocol-defined whitespace from void SELECT is ignored; PREFIX/SUFFIX still rejected",
      "captureCalls": null,
      "transportCalls": null,
      "applyCalls": null,
      "sqlCalls": null,
      "mutationPhaseReached": false,
      "processStatus": null,
      "signal": null,
      "timeout": null,
      "thrown": false,
      "structuredError": null,
      "streams": null,
      "stdout": null,
      "stderr": null,
      "lockWaitObserved": null,
      "lockSamples": null,
      "preResetCommittedDrift": null,
      "interleaving": null,
      "backendBoundLock": null,
      "holderCommitted": null,
      "holderResult": null,
      "timedOut": null,
      "status": null,
      "appliedSqlIdentity": null,
      "reparseAttestation": null
    },
    {
      "id": "RUNTIME_CLOSURE_NOT_SUMMARY",
      "kind": "check",
      "ok": true,
      "capture": null,
      "resetApply": null,
      "sql": null,
      "observedPhase": null,
      "commit": null,
      "rollback": null,
      "replay": false,
      "code": null,
      "verdict": null,
      "executedTransaction": false,
      "note": null,
      "captureCalls": null,
      "transportCalls": null,
      "applyCalls": null,
      "sqlCalls": null,
      "mutationPhaseReached": false,
      "processStatus": null,
      "signal": null,
      "timeout": null,
      "thrown": false,
      "structuredError": null,
      "streams": null,
      "stdout": null,
      "stderr": null,
      "lockWaitObserved": null,
      "lockSamples": null,
      "preResetCommittedDrift": null,
      "interleaving": null,
      "backendBoundLock": null,
      "holderCommitted": null,
      "holderResult": null,
      "timedOut": null,
      "status": null,
      "appliedSqlIdentity": null,
      "reparseAttestation": null
    },
    {
      "id": "READ_COMMITTED_LOCK_ORDER_DOCUMENTED",
      "kind": "check",
      "ok": true,
      "capture": null,
      "resetApply": null,
      "sql": true,
      "observedPhase": null,
      "commit": null,
      "rollback": null,
      "replay": false,
      "code": null,
      "verdict": null,
      "executedTransaction": false,
      "note": null,
      "captureCalls": null,
      "transportCalls": null,
      "applyCalls": null,
      "sqlCalls": true,
      "mutationPhaseReached": false,
      "processStatus": null,
      "signal": null,
      "timeout": null,
      "thrown": false,
      "structuredError": null,
      "streams": null,
      "stdout": null,
      "stderr": null,
      "lockWaitObserved": null,
      "lockSamples": null,
      "preResetCommittedDrift": null,
      "interleaving": null,
      "backendBoundLock": null,
      "holderCommitted": null,
      "holderResult": null,
      "timedOut": null,
      "status": null,
      "appliedSqlIdentity": null,
      "reparseAttestation": null
    },
    {
      "id": "PROPOSED_HOSTED_PLAN_OFFLINE",
      "kind": "check",
      "ok": true,
      "capture": null,
      "resetApply": null,
      "sql": null,
      "observedPhase": null,
      "commit": null,
      "rollback": null,
      "replay": false,
      "code": null,
      "verdict": null,
      "executedTransaction": false,
      "note": null,
      "captureCalls": null,
      "transportCalls": null,
      "applyCalls": null,
      "sqlCalls": null,
      "mutationPhaseReached": false,
      "processStatus": null,
      "signal": null,
      "timeout": null,
      "thrown": false,
      "structuredError": null,
      "streams": null,
      "stdout": null,
      "stderr": null,
      "lockWaitObserved": null,
      "lockSamples": null,
      "preResetCommittedDrift": null,
      "interleaving": null,
      "backendBoundLock": null,
      "holderCommitted": null,
      "holderResult": null,
      "timedOut": null,
      "status": null,
      "appliedSqlIdentity": null,
      "reparseAttestation": null
    },
    {
      "id": "BACKEND_BOUND_LOCK_PROOF_POSITIVE",
      "kind": "check",
      "ok": true,
      "capture": null,
      "resetApply": null,
      "sql": null,
      "observedPhase": null,
      "commit": null,
      "rollback": null,
      "replay": false,
      "code": null,
      "verdict": null,
      "executedTransaction": false,
      "note": null,
      "captureCalls": null,
      "transportCalls": null,
      "applyCalls": null,
      "sqlCalls": null,
      "mutationPhaseReached": false,
      "processStatus": null,
      "signal": null,
      "timeout": null,
      "thrown": false,
      "structuredError": null,
      "streams": null,
      "stdout": null,
      "stderr": null,
      "lockWaitObserved": null,
      "lockSamples": null,
      "preResetCommittedDrift": null,
      "interleaving": null,
      "backendBoundLock": null,
      "holderCommitted": null,
      "holderResult": null,
      "timedOut": null,
      "status": null,
      "appliedSqlIdentity": null,
      "reparseAttestation": null
    },
    {
      "id": "BACKEND_BOUND_LOCK_PROOF_NEGATIVES",
      "kind": "check",
      "ok": true,
      "capture": null,
      "resetApply": null,
      "sql": null,
      "observedPhase": null,
      "commit": null,
      "rollback": null,
      "replay": false,
      "code": null,
      "verdict": null,
      "executedTransaction": false,
      "note": "unrelated waiter, mismatched backend, missing commit, missing acquisition cannot PASS",
      "captureCalls": null,
      "transportCalls": null,
      "applyCalls": null,
      "sqlCalls": null,
      "mutationPhaseReached": false,
      "processStatus": null,
      "signal": null,
      "timeout": null,
      "thrown": false,
      "structuredError": null,
      "streams": null,
      "stdout": null,
      "stderr": null,
      "lockWaitObserved": null,
      "lockSamples": null,
      "preResetCommittedDrift": null,
      "interleaving": null,
      "backendBoundLock": null,
      "holderCommitted": null,
      "holderResult": null,
      "timedOut": null,
      "status": null,
      "appliedSqlIdentity": null,
      "reparseAttestation": null
    },
    {
      "id": "STORED_PROCESS_STATUS_NOT_DEFAULTED",
      "kind": "check",
      "ok": true,
      "capture": null,
      "resetApply": null,
      "sql": null,
      "observedPhase": null,
      "commit": null,
      "rollback": null,
      "replay": false,
      "code": null,
      "verdict": null,
      "executedTransaction": false,
      "note": null,
      "captureCalls": null,
      "transportCalls": null,
      "applyCalls": null,
      "sqlCalls": null,
      "mutationPhaseReached": false,
      "processStatus": null,
      "signal": null,
      "timeout": null,
      "thrown": false,
      "structuredError": null,
      "streams": null,
      "stdout": null,
      "stderr": null,
      "lockWaitObserved": null,
      "lockSamples": null,
      "preResetCommittedDrift": null,
      "interleaving": null,
      "backendBoundLock": null,
      "holderCommitted": null,
      "holderResult": null,
      "timedOut": null,
      "status": null,
      "appliedSqlIdentity": null,
      "reparseAttestation": null
    },
    {
      "id": "UNEXPECTED_OBJECT_BLOCKS_BEFORE_PLAN",
      "kind": "scenario",
      "ok": true,
      "capture": "complete-universe-with-sentinel",
      "resetApply": "not-attempted",
      "sql": null,
      "observedPhase": null,
      "commit": false,
      "rollback": null,
      "replay": false,
      "code": "F13_UNEXPECTED_OBJECT_OR_DEPENDENCY",
      "verdict": "HOLD",
      "executedTransaction": false,
      "note": "unexpected object present at capture blocks planning; no apply",
      "captureCalls": null,
      "transportCalls": null,
      "applyCalls": "not-attempted",
      "sqlCalls": null,
      "mutationPhaseReached": false,
      "processStatus": null,
      "signal": null,
      "timeout": null,
      "thrown": false,
      "structuredError": null,
      "streams": null,
      "stdout": null,
      "stderr": null,
      "lockWaitObserved": null,
      "lockSamples": null,
      "preResetCommittedDrift": null,
      "interleaving": null,
      "backendBoundLock": null,
      "holderCommitted": null,
      "holderResult": null,
      "timedOut": null,
      "status": null,
      "appliedSqlIdentity": null,
      "reparseAttestation": null
    },
    {
      "id": "TX_SUCCESSFUL_RESET",
      "kind": "scenario",
      "ok": true,
      "capture": "eligible-leftover",
      "resetApply": 1,
      "sql": true,
      "observedPhase": "T7_COMMIT",
      "commit": true,
      "rollback": null,
      "replay": false,
      "code": null,
      "verdict": "QUALIFICATION_BASELINE_PRESERVE_BTREE_GIST_V1",
      "executedTransaction": true,
      "note": "shared runQualificationReset + local-fixture psql + generated SQL",
      "captureCalls": 1,
      "transportCalls": 1,
      "applyCalls": 1,
      "sqlCalls": 1,
      "mutationPhaseReached": true,
      "processStatus": 0,
      "signal": null,
      "timeout": false,
      "thrown": false,
      "structuredError": null,
      "streams": {
        "capturedBeforeEncode": true,
        "originalStdoutSha256": "796ab30aa92bf92ac79010da0fc3a01e14cda6c13cc4405d6e6ca85fdf289478",
        "originalStdoutByteLength": 1088,
        "originalStderrSha256": "f5685d6b5234c6d2c51acfe3c9f34cb537ee0651434f86124d50ff3ecd08968c",
        "originalStderrByteLength": 14181,
        "packagedStdoutSha256": "796ab30aa92bf92ac79010da0fc3a01e14cda6c13cc4405d6e6ca85fdf289478",
        "packagedStdoutByteLength": 1088,
        "packagedStderrSha256": "943399f30792d136df9b1c1023b5b621b214efdf471449d058a15956a85a40ab",
        "packagedStderrByteLength": 9342,
        "originalByteEqual": false,
        "reconstructedFromSummary": false,
        "transformApplied": true
      },
      "stdout": "{\"schema\" : \"f15-qualification-reset-tx-observation-v1\", \"phase\" : \"T1_BEGIN\", \"event\" : \"began\", \"backendPid\" : 93277, \"datname\" : \"f3_f15_qual_reset_91185_mu942zsu\", \"applicationName\" : \"f13_qualification_reset\", \"usename\" : \"ubuntu\"}\n{\"schema\" : \"f15-qualification-reset-tx-observation-v1\", \"phase\" : \"T2_LOCK\", \"event\" : \"locked\", \"backendPid\" : 93277, \"datname\" : \"f3_f15_qual_reset_91185_mu942zsu\", \"applicationName\" : \"f13_qualification_reset\", \"usename\" : \"ubuntu\"}\n{\"schema\":\"f15-qualification-reset-tx-observation-v1\",\"phase\":\"T3_REVALIDATE\",\"event\":\"revalidated\"}\n{\"schema\":\"f15-qualification-reset-tx-observation-v1\",\"phase\":\"T4_MUTATE\",\"event\":\"mutate_attempted\"}\n{\"schema\":\"f15-qualification-reset-tx-observation-v1\",\"phase\":\"T5_AFFECTED\",\"event\":\"affected_checked\"}\n{\"schema\":\"f15-qualification-reset-tx-observation-v1\",\"phase\":\"T6_FINAL\",\"event\":\"final_ok\"}\n{\"schema\":\"f15-qualification-reset-tx-observation-v1\",\"phase\":\"T7_COMMIT\",\"event\":\"commit_attempted\"}\n{\"schema\":\"f15-qualification-reset-tx-observation-v1\",\"phase\":\"T7_COMMIT\",\"event\":\"committed\",\"committed\":true}\n",
      "stderr": "psql:[REDACTED_PATH] NOTICE:  F18_RESET_BACKEND pid=93277 datname=f3_f15_qual_reset_91185_mu942zsu app=f13_qualification_reset\npsql:[REDACTED_PATH] NOTICE:  F18_RESET_LOCK_ACQUIRED pid=93277\npsql:[REDACTED_PATH] NOTICE:  function public.get_financial_cashbook(uuid,pg_catalog.timestamptz,pg_catalog.timestamptz,uuid,text,pg_catalog.int4,pg_catalog.int4) does not exist, skipping\npsql:[REDACTED_PATH] NOTICE:  function public.get_financial_projection_bundle(uuid,pg_catalog.timestamptz,pg_catalog.timestamptz,pg_catalog.timestamptz) does not exist, skipping\npsql:[REDACTED_PATH] NOTICE:  function public.post_financial_command(jsonb) does not exist, skipping\npsql:[REDACTED_PATH] NOTICE:  function public.correct_financial_event(jsonb) does not exist, skipping\npsql:[REDACTED_PATH] NOTICE:  type \"notification_channel\" does not exist, skipping\npsql:[REDACTED_PATH] NOTICE:  function public.execute_member_transfer(jsonb) does not exist, skipping\npsql:[REDACTED_PATH] NOTICE:  function public.request_member_transfer(jsonb) does not exist, skipping\npsql:[REDACTED_PATH] NOTICE:  function public.has_group_permission(uuid,text,uuid) does not exist, skipping\npsql:[REDACTED_PATH] NOTICE:  function public.compute_member_standing(uuid) does not exist, skipping\npsql:[REDACTED_PATH] NOTICE:  function public.m2_is_valid_iana_timezone(text) does not exist, skipping\npsql:[REDACTED_PATH] NOTICE:  function public.notification_policy_set_updated_at() does not exist, skipping\npsql:[REDACTED_PATH] NOTICE:  function public.uuid_generate_v5(uuid,text) does not exist, skipping\npsql:[REDACTED_PATH] NOTICE:  schema \"financial_core\" does not exist, skipping\npsql:[REDACTED_PATH] NOTICE:  schema \"financial_core\" does not exist, skipping\npsql:[REDACTED_PATH] NOTICE:  schema \"financial_core\" does not exist, skipping\npsql:[REDACTED_PATH] NOTICE:  schema \"financial_core\" does not exist, skipping\npsql:[REDACTED_PATH] NOTICE:  schema \"financial_core\" does not exist, skipping\npsql:[REDACTED_PATH] NOTICE:  schema \"financial_core\" does not exist, skipping\npsql:[REDACTED_PATH] NOTICE:  schema \"financial_core\" does not exist, skipping\npsql:[REDACTED_PATH] NOTICE:  schema \"financial_core\" does not exist, skipping\npsql:[REDACTED_PATH] NOTICE:  schema \"financial_core\" does not exist, skipping\npsql:[REDACTED_PATH] NOTICE:  schema \"financial_core\" does not exist, skipping\npsql:[REDACTED_PATH] NOTICE:  schema \"financial_core\" does not exist, skipping\npsql:[REDACTED_PATH] NOTICE:  schema \"financial_core\" does not exist, skipping\npsql:[REDACTED_PATH] NOTICE:  schema \"financial_core\" does not exist, skipping\npsql:[REDACTED_PATH] NOTICE:  schema \"financial_core\" does not exist, skipping\npsql:[REDACTED_PATH] NOTICE:  schema \"financial_core\" does not exist, skipping\npsql:[REDACTED_PATH] NOTICE:  schema \"financial_core\" does not exist, skipping\npsql:[REDACTED_PATH] NOTICE:  schema \"financial_core\" does not exist, skipping\npsql:[REDACTED_PATH] NOTICE:  schema \"financial_core\" does not exist, skipping\npsql:[REDACTED_PATH] NOTICE:  schema \"financial_core\" does not exist, skipping\npsql:[REDACTED_PATH] NOTICE:  schema \"financial_core\" does not exist, skipping\npsql:[REDACTED_PATH] NOTICE:  schema \"financial_core\" does not exist, skipping\npsql:[REDACTED_PATH] NOTICE:  schema \"financial_core\" does not exist, skipping\npsql:[REDACTED_PATH] NOTICE:  schema \"financial_core\" does not exist, skipping\npsql:[REDACTED_PATH] NOTICE:  schema \"financial_core\" does not exist, skipping\npsql:[REDACTED_PATH] NOTICE:  schema \"financial_core\" does not exist, skipping\npsql:[REDACTED_PATH] NOTICE:  schema \"financial_core\" does not exist, skipping\npsql:[REDACTED_PATH] NOTICE:  schema \"financial_core\" does not exist, skipping\npsql:[REDACTED_PATH] NOTICE:  schema \"financial_core\" does not exist, skipping\npsql:[REDACTED_PATH] NOTICE:  schema \"financial_core\" does not exist, skipping\npsql:[REDACTED_PATH] NOTICE:  schema \"financial_core\" does not exist, skipping\npsql:[REDACTED_PATH] NOTICE:  schema \"financial_core\" does not exist, skipping\npsql:[REDACTED_PATH] NOTICE:  schema \"financial_core\" does not exist, skipping\npsql:[REDACTED_PATH] NOTICE:  schema \"financial_core\" does not exist, skipping\npsql:[REDACTED_PATH] NOTICE:  schema \"financial_core\" does not exist, skipping\npsql:[REDACTED_PATH] NOTICE:  schema \"financial_core\" does not exist, skipping\npsql:[REDACTED_PATH] NOTICE:  schema \"financial_core\" does not exist, skipping\npsql:[REDACTED_PATH] NOTICE:  schema \"financial_core\" does not exist, skipping\npsql:[REDACTED_PATH] NOTICE:  schema \"financial_core\" does not exist, skipping\npsql:[REDACTED_PATH] NOTICE:  schema \"financial_core\" does not exist, skipping\npsql:[REDACTED_PATH] NOTICE:  schema \"financial_core\" does not exist, skipping\npsql:[REDACTED_PATH] NOTICE:  schema \"financial_core\" does not exist, skipping\npsql:[REDACTED_PATH] NOTICE:  schema \"financial_core\" does not exist, skipping\npsql:[REDACTED_PATH] NOTICE:  schema \"financial_core\" does not exist, skipping\npsql:[REDACTED_PATH] NOTICE:  schema \"financial_core\" does not exist, skipping\npsql:[REDACTED_PATH] NOTICE:  schema \"financial_private\" does not exist, skipping\npsql:[REDACTED_PATH] NOTICE:  schema \"financial_core\" does not exist, skipping\npsql:[REDACTED_PATH] NOTICE:  schema \"financial_core\" does not exist, skipping\npsql:[REDACTED_PATH] NOTICE:  schema \"financial_core\" does not exist, skipping\npsql:[REDACTED_PATH] NOTICE:  table \"financial_postings\" does not exist, skipping\npsql:[REDACTED_PATH] NOTICE:  table \"financial_events\" does not exist, skipping\npsql:[REDACTED_PATH] NOTICE:  table \"financial_categories\" does not exist, skipping\npsql:[REDACTED_PATH] NOTICE:  table \"financial_funds\" does not exist, skipping\npsql:[REDACTED_PATH] NOTICE:  table \"financial_ledger_epochs\" does not exist, skipping\npsql:[REDACTED_PATH] NOTICE:  schema \"financial_private\" does not exist, skipping\npsql:[REDACTED_PATH] NOTICE:  schema \"financial_private\" does not exist, skipping\npsql:[REDACTED_PATH] NOTICE:  table \"notification_policy_triggers\" does not exist, skipping\npsql:[REDACTED_PATH] NOTICE:  table \"notification_policy_occurrences\" does not exist, skipping\npsql:[REDACTED_PATH] NOTICE:  table \"notification_policies\" does not exist, skipping\npsql:[REDACTED_PATH] NOTICE:  table \"position_assignments\" does not exist, skipping\npsql:[REDACTED_PATH] NOTICE:  table \"position_permissions\" does not exist, skipping\npsql:[REDACTED_PATH] NOTICE:  table \"group_positions\" does not exist, skipping\npsql:[REDACTED_PATH] NOTICE:  table \"hosting_swap_requests\" does not exist, skipping\npsql:[REDACTED_PATH] NOTICE:  table \"hosting_assignments\" does not exist, skipping\npsql:[REDACTED_PATH] NOTICE:  table \"hosting_rosters\" does not exist, skipping\npsql:[REDACTED_PATH] NOTICE:  table \"payment_obligation_applications\" does not exist, skipping\npsql:[REDACTED_PATH] NOTICE:  table \"payments\" does not exist, skipping\npsql:[REDACTED_PATH] NOTICE:  table \"contribution_obligations\" does not exist, skipping\npsql:[REDACTED_PATH] NOTICE:  table \"relief_remittances\" does not exist, skipping\npsql:[REDACTED_PATH] NOTICE:  table \"relief_claims\" does not exist, skipping\npsql:[REDACTED_PATH] NOTICE:  table \"relief_enrollments\" does not exist, skipping\npsql:[REDACTED_PATH] NOTICE:  table \"relief_plans\" does not exist, skipping\npsql:[REDACTED_PATH] NOTICE:  table \"fines\" does not exist, skipping\npsql:[REDACTED_PATH] NOTICE:  table \"member_transfers\" does not exist, skipping\npsql:[REDACTED_PATH] NOTICE:  table \"invitations\" does not exist, skipping\npsql:[REDACTED_PATH] NOTICE:  table \"elections\" does not exist, skipping\npsql:[REDACTED_PATH] NOTICE:  table \"events\" does not exist, skipping\npsql:[REDACTED_PATH] NOTICE:  table \"meeting_minutes\" does not exist, skipping\npsql:[REDACTED_PATH] NOTICE:  table \"announcements\" does not exist, skipping\npsql:[REDACTED_PATH] NOTICE:  table \"notifications_queue\" does not exist, skipping\npsql:[REDACTED_PATH] NOTICE:  table \"loans\" does not exist, skipping\npsql:[REDACTED_PATH] NOTICE:  table \"projects\" does not exist, skipping\npsql:[REDACTED_PATH] NOTICE:  table \"group_subscriptions\" does not exist, skipping\npsql:[REDACTED_PATH] NOTICE:  table \"memberships\" does not exist, skipping\npsql:[REDACTED_PATH] NOTICE:  table \"groups\" does not exist, skipping\npsql:[REDACTED_PATH] NOTICE:  table \"profiles\" does not exist, skipping\npsql:[REDACTED_PATH] NOTICE:  table \"organizations\" does not exist, skipping\npsql:[REDACTED_PATH] NOTICE:  table \"__f3_acl_platform_canary_20260915\" does not exist, skipping\npsql:[REDACTED_PATH] NOTICE:  sequence \"__f3_acl_platform_canary_20260915_id_seq\" does not exist, skipping\npsql:[REDACTED_PATH] NOTICE:  type \"public.financial_account_kind\" does not exist, skipping\npsql:[REDACTED_PATH] NOTICE:  type \"public.financial_account_status\" does not exist, skipping\npsql:[REDACTED_PATH] NOTICE:  type \"public.financial_category_class\" does not exist, skipping\npsql:[REDACTED_PATH] NOTICE:  type \"public.financial_config_status\" does not exist, skipping\npsql:[REDACTED_PATH] NOTICE:  type \"public.financial_control_class\" does not exist, skipping\npsql:[REDACTED_PATH] NOTICE:  type \"public.financial_event_class\" does not exist, skipping\npsql:[REDACTED_PATH] NOTICE:  type \"public.financial_event_status\" does not exist, skipping\npsql:[REDACTED_PATH] NOTICE:  type \"public.notification_channel\" does not exist, skipping\n",
      "lockWaitObserved": null,
      "lockSamples": null,
      "preResetCommittedDrift": null,
      "interleaving": null,
      "backendBoundLock": null,
      "holderCommitted": null,
      "holderResult": null,
      "timedOut": false,
      "status": 0,
      "appliedSqlIdentity": "80f5d8ad2ebdfaf5e6ceab0f47f02409f792d25a9c41160640a2d62853c86af7",
      "reparseAttestation": {
        "ok": true,
        "consistent": true,
        "schema": "f18-qualification-reset-stored-process-adapter-v1",
        "parsedOk": true,
        "observationCount": 8,
        "lastEvent": {
          "schema": "f15-qualification-reset-tx-observation-v1",
          "phase": "T7_COMMIT",
          "event": "committed",
          "committed": true
        },
        "interpretedCommitted": true,
        "interpretedVerdictPath": "QUALIFICATION_BASELINE_PRESERVE_BTREE_GIST_V1",
        "phaseReached": "T7_COMMIT",
        "t7CommitAttempted": true,
        "t7CommittedTrue": true,
        "processStatus": 0,
        "processFailed": false,
        "genuineSuccess": true,
        "genuineFailure": false,
        "successClaimedUncommitted": false,
        "failureBecameCommitted": false,
        "mappedProcessStatusToStatus": false
      },
      "processEvidenceRejected": false
    },
    {
      "id": "TX_UNEXPECTED_OBJECT_ROLLBACK",
      "kind": "scenario",
      "ok": true,
      "capture": "eligible-then-sentinel-after-capture",
      "resetApply": 1,
      "sql": true,
      "observedPhase": "T2_LOCK",
      "commit": false,
      "rollback": null,
      "replay": false,
      "code": "F13_RESET_SQL_FAILED",
      "verdict": "HOLD",
      "executedTransaction": true,
      "note": "object introduced after capture is TX-revalidated; sentinel preserved",
      "captureCalls": 1,
      "transportCalls": 1,
      "applyCalls": 1,
      "sqlCalls": 1,
      "mutationPhaseReached": false,
      "processStatus": 3,
      "signal": null,
      "timeout": false,
      "thrown": false,
      "structuredError": null,
      "streams": {
        "capturedBeforeEncode": true,
        "originalStdoutSha256": "8b978c37fed3d58c186e8626b49eb18a50120642821c147791e6d352d6fd0fdd",
        "originalStdoutByteLength": 474,
        "originalStderrSha256": "9a6a0786fa2a00d4bad501f10e4d9ce96bbd92a94656d425b083c5355f616269",
        "originalStderrByteLength": 474,
        "packagedStdoutSha256": "8b978c37fed3d58c186e8626b49eb18a50120642821c147791e6d352d6fd0fdd",
        "packagedStdoutByteLength": 474,
        "packagedStderrSha256": "a415d8cdc284716cb6d2d56696d652bb4ea2497a8c2bf9702fa07f3540cecba8",
        "packagedStderrByteLength": 343,
        "originalByteEqual": false,
        "reconstructedFromSummary": false,
        "transformApplied": true
      },
      "stdout": "{\"schema\" : \"f15-qualification-reset-tx-observation-v1\", \"phase\" : \"T1_BEGIN\", \"event\" : \"began\", \"backendPid\" : 93309, \"datname\" : \"f3_f15_qual_reset_91185_mu942zsu\", \"applicationName\" : \"f13_qualification_reset\", \"usename\" : \"ubuntu\"}\n{\"schema\" : \"f15-qualification-reset-tx-observation-v1\", \"phase\" : \"T2_LOCK\", \"event\" : \"locked\", \"backendPid\" : 93309, \"datname\" : \"f3_f15_qual_reset_91185_mu942zsu\", \"applicationName\" : \"f13_qualification_reset\", \"usename\" : \"ubuntu\"}\n",
      "stderr": "psql:[REDACTED_PATH] NOTICE:  F18_RESET_BACKEND pid=93309 datname=f3_f15_qual_reset_91185_mu942zsu app=f13_qualification_reset\npsql:[REDACTED_PATH] NOTICE:  F18_RESET_LOCK_ACQUIRED pid=93309\npsql:[REDACTED_PATH] ERROR:  F13_UNEXPECTED_OBJECT_OR_DEPENDENCY: public.unexpected_view\nCONTEXT:  PL/pgSQL function inline_code_block line 25 at RAISE\n",
      "lockWaitObserved": null,
      "lockSamples": null,
      "preResetCommittedDrift": null,
      "interleaving": null,
      "backendBoundLock": null,
      "holderCommitted": null,
      "holderResult": null,
      "timedOut": false,
      "status": 3,
      "appliedSqlIdentity": "80f5d8ad2ebdfaf5e6ceab0f47f02409f792d25a9c41160640a2d62853c86af7",
      "reparseAttestation": null,
      "processEvidenceRejected": false
    },
    {
      "id": "TX_HISTORY_MISMATCH_ROLLBACK",
      "kind": "scenario",
      "ok": true,
      "capture": "eligible-then-history-mutated-after-capture",
      "resetApply": 1,
      "sql": true,
      "observedPhase": "T2_LOCK",
      "commit": false,
      "rollback": null,
      "replay": false,
      "code": "F13_RESET_SQL_FAILED",
      "verdict": "HOLD",
      "executedTransaction": true,
      "note": "history mismatch after capture rolls back; mutated history retained",
      "captureCalls": 1,
      "transportCalls": 1,
      "applyCalls": 1,
      "sqlCalls": 1,
      "mutationPhaseReached": false,
      "processStatus": 3,
      "signal": null,
      "timeout": false,
      "thrown": false,
      "structuredError": null,
      "streams": {
        "capturedBeforeEncode": true,
        "originalStdoutSha256": "f7a48ed97e169c39cf8899583e12a149e388f9c62616cc0d066a100f39d100df",
        "originalStdoutByteLength": 474,
        "originalStderrSha256": "bc6f77df4044a806c83544ab541061752a45ef02933a33e7cec390544fb2569b",
        "originalStderrByteLength": 488,
        "packagedStdoutSha256": "f7a48ed97e169c39cf8899583e12a149e388f9c62616cc0d066a100f39d100df",
        "packagedStdoutByteLength": 474,
        "packagedStderrSha256": "22ce4176aa8fe50ff759c7a241062c8c061e33ccfea2947ed7bb8af4bf566d34",
        "packagedStderrByteLength": 357,
        "originalByteEqual": false,
        "reconstructedFromSummary": false,
        "transformApplied": true
      },
      "stdout": "{\"schema\" : \"f15-qualification-reset-tx-observation-v1\", \"phase\" : \"T1_BEGIN\", \"event\" : \"began\", \"backendPid\" : 93321, \"datname\" : \"f3_f15_qual_reset_91185_mu942zsu\", \"applicationName\" : \"f13_qualification_reset\", \"usename\" : \"ubuntu\"}\n{\"schema\" : \"f15-qualification-reset-tx-observation-v1\", \"phase\" : \"T2_LOCK\", \"event\" : \"locked\", \"backendPid\" : 93321, \"datname\" : \"f3_f15_qual_reset_91185_mu942zsu\", \"applicationName\" : \"f13_qualification_reset\", \"usename\" : \"ubuntu\"}\n",
      "stderr": "psql:[REDACTED_PATH] NOTICE:  F18_RESET_BACKEND pid=93321 datname=f3_f15_qual_reset_91185_mu942zsu app=f13_qualification_reset\npsql:[REDACTED_PATH] NOTICE:  F18_RESET_LOCK_ACQUIRED pid=93321\npsql:[REDACTED_PATH] ERROR:  F13_HISTORY_KEY_MISMATCH: version 20260913173000 name wrong_source_label\nCONTEXT:  PL/pgSQL function inline_code_block line 169 at RAISE\n",
      "lockWaitObserved": null,
      "lockSamples": null,
      "preResetCommittedDrift": null,
      "interleaving": null,
      "backendBoundLock": null,
      "holderCommitted": null,
      "holderResult": null,
      "timedOut": false,
      "status": 3,
      "appliedSqlIdentity": "80f5d8ad2ebdfaf5e6ceab0f47f02409f792d25a9c41160640a2d62853c86af7",
      "reparseAttestation": null,
      "processEvidenceRejected": false
    },
    {
      "id": "TX_T3_UNAPPROVED_FK_ROLLBACK",
      "kind": "scenario",
      "ok": true,
      "capture": "approved-set-then-unapproved-fk-after-capture-before-lock",
      "resetApply": 1,
      "sql": true,
      "observedPhase": "T2_LOCK",
      "commit": false,
      "rollback": null,
      "replay": false,
      "code": "F13_RESET_SQL_FAILED",
      "verdict": "HOLD",
      "executedTransaction": true,
      "note": "unapproved FK between allowlisted tables after capture is T3-rejected; injected change retained",
      "captureCalls": 1,
      "transportCalls": 1,
      "applyCalls": 1,
      "sqlCalls": 1,
      "mutationPhaseReached": false,
      "processStatus": 3,
      "signal": null,
      "timeout": false,
      "thrown": false,
      "structuredError": null,
      "streams": {
        "capturedBeforeEncode": true,
        "originalStdoutSha256": "ea138d88f348e992f21efa35c71265eb7a7a38e19185a810ac527ecba4d6176f",
        "originalStdoutByteLength": 474,
        "originalStderrSha256": "607dcd0f624611fb8b3da4fc901f1028dd0c3d8b92bb5e939d3981a01cfdf548",
        "originalStderrByteLength": 582,
        "packagedStdoutSha256": "ea138d88f348e992f21efa35c71265eb7a7a38e19185a810ac527ecba4d6176f",
        "packagedStdoutByteLength": 474,
        "packagedStderrSha256": "f0c1cbc6adc0048b47fb86d14393fea5d6846b34aefb3501ea911b98644cfb73",
        "packagedStderrByteLength": 451,
        "originalByteEqual": false,
        "reconstructedFromSummary": false,
        "transformApplied": true
      },
      "stdout": "{\"schema\" : \"f15-qualification-reset-tx-observation-v1\", \"phase\" : \"T1_BEGIN\", \"event\" : \"began\", \"backendPid\" : 93367, \"datname\" : \"f3_f15_qual_reset_91185_mu942zsu\", \"applicationName\" : \"f13_qualification_reset\", \"usename\" : \"ubuntu\"}\n{\"schema\" : \"f15-qualification-reset-tx-observation-v1\", \"phase\" : \"T2_LOCK\", \"event\" : \"locked\", \"backendPid\" : 93367, \"datname\" : \"f3_f15_qual_reset_91185_mu942zsu\", \"applicationName\" : \"f13_qualification_reset\", \"usename\" : \"ubuntu\"}\n",
      "stderr": "psql:[REDACTED_PATH] NOTICE:  F18_RESET_BACKEND pid=93367 datname=f3_f15_qual_reset_91185_mu942zsu app=f13_qualification_reset\npsql:[REDACTED_PATH] NOTICE:  F18_RESET_LOCK_ACQUIRED pid=93367\npsql:[REDACTED_PATH] ERROR:  F13_UNEXPECTED_OBJECT_OR_DEPENDENCY: live tuple not in FINITE_DEPENDENCY_ALLOWLIST foreign_key|unapproved_accounts_groups_fkey|public.financial_accounts|public.groups\nCONTEXT:  PL/pgSQL function inline_code_block line 123 at RAISE\n",
      "lockWaitObserved": null,
      "lockSamples": null,
      "preResetCommittedDrift": null,
      "interleaving": null,
      "backendBoundLock": null,
      "holderCommitted": null,
      "holderResult": null,
      "timedOut": false,
      "status": 3,
      "appliedSqlIdentity": "3118ee6f1937bfc0e1aa6e752e8aa039e0e4ea297e01fc62a75e22f0cb48f319",
      "reparseAttestation": null,
      "processEvidenceRejected": false
    },
    {
      "id": "TX_T3_RETARGETED_FK_ROLLBACK",
      "kind": "scenario",
      "ok": true,
      "capture": "approved-identity-then-retargeted-after-capture-before-lock",
      "resetApply": 1,
      "sql": true,
      "observedPhase": "T2_LOCK",
      "commit": false,
      "rollback": null,
      "replay": false,
      "code": "F13_RESET_SQL_FAILED",
      "verdict": "HOLD",
      "executedTransaction": true,
      "note": "approved FK identity retargeted after capture is T3-rejected; retarget retained",
      "captureCalls": 1,
      "transportCalls": 1,
      "applyCalls": 1,
      "sqlCalls": 1,
      "mutationPhaseReached": false,
      "processStatus": 3,
      "signal": null,
      "timeout": false,
      "thrown": false,
      "structuredError": null,
      "streams": {
        "capturedBeforeEncode": true,
        "originalStdoutSha256": "4c1ce01cf3a4360484707bdd86a2cc49eda223c5d6c2443878a87f77d0e7b5a7",
        "originalStdoutByteLength": 474,
        "originalStderrSha256": "b1599c8be0a1de038383eeb1f89527742d56add0373f7184611dfa4d7344e99b",
        "originalStderrByteLength": 571,
        "packagedStdoutSha256": "4c1ce01cf3a4360484707bdd86a2cc49eda223c5d6c2443878a87f77d0e7b5a7",
        "packagedStdoutByteLength": 474,
        "packagedStderrSha256": "51472e33c26e911b761accd63ab92998ef996518a23438d14ccc70ca97de6c5b",
        "packagedStderrByteLength": 440,
        "originalByteEqual": false,
        "reconstructedFromSummary": false,
        "transformApplied": true
      },
      "stdout": "{\"schema\" : \"f15-qualification-reset-tx-observation-v1\", \"phase\" : \"T1_BEGIN\", \"event\" : \"began\", \"backendPid\" : 93385, \"datname\" : \"f3_f15_qual_reset_91185_mu942zsu\", \"applicationName\" : \"f13_qualification_reset\", \"usename\" : \"ubuntu\"}\n{\"schema\" : \"f15-qualification-reset-tx-observation-v1\", \"phase\" : \"T2_LOCK\", \"event\" : \"locked\", \"backendPid\" : 93385, \"datname\" : \"f3_f15_qual_reset_91185_mu942zsu\", \"applicationName\" : \"f13_qualification_reset\", \"usename\" : \"ubuntu\"}\n",
      "stderr": "psql:[REDACTED_PATH] NOTICE:  F18_RESET_BACKEND pid=93385 datname=f3_f15_qual_reset_91185_mu942zsu app=f13_qualification_reset\npsql:[REDACTED_PATH] NOTICE:  F18_RESET_LOCK_ACQUIRED pid=93385\npsql:[REDACTED_PATH] ERROR:  F13_UNEXPECTED_OBJECT_OR_DEPENDENCY: live tuple not in FINITE_DEPENDENCY_ALLOWLIST foreign_key|memberships_group_id_fkey|public.memberships|public.profiles\nCONTEXT:  PL/pgSQL function inline_code_block line 123 at RAISE\n",
      "lockWaitObserved": null,
      "lockSamples": null,
      "preResetCommittedDrift": null,
      "interleaving": null,
      "backendBoundLock": null,
      "holderCommitted": null,
      "holderResult": null,
      "timedOut": false,
      "status": 3,
      "appliedSqlIdentity": "3118ee6f1937bfc0e1aa6e752e8aa039e0e4ea297e01fc62a75e22f0cb48f319",
      "reparseAttestation": null,
      "processEvidenceRejected": false
    },
    {
      "id": "TX_T3_APPROVED_SET_SUCCESS",
      "kind": "scenario",
      "ok": true,
      "capture": "unchanged-approved-dependency-set",
      "resetApply": 1,
      "sql": true,
      "observedPhase": "T7_COMMIT",
      "commit": true,
      "rollback": null,
      "replay": false,
      "code": null,
      "verdict": "QUALIFICATION_BASELINE_PRESERVE_BTREE_GIST_V1",
      "executedTransaction": true,
      "note": "unchanged approved dependency set commits QUALIFICATION_BASELINE_PRESERVE_BTREE_GIST_V1",
      "captureCalls": 1,
      "transportCalls": 1,
      "applyCalls": 1,
      "sqlCalls": 1,
      "mutationPhaseReached": true,
      "processStatus": 0,
      "signal": null,
      "timeout": false,
      "thrown": false,
      "structuredError": null,
      "streams": {
        "capturedBeforeEncode": true,
        "originalStdoutSha256": "ab9beba0954140f563b3291c2d64614924cdbaca2b381fd3aed242a2f5580349",
        "originalStdoutByteLength": 1088,
        "originalStderrSha256": "3847b04b50565222ebf7b0910dfa16cb09b4fd10e4e1404847d285e7e6265e0c",
        "originalStderrByteLength": 13832,
        "packagedStdoutSha256": "ab9beba0954140f563b3291c2d64614924cdbaca2b381fd3aed242a2f5580349",
        "packagedStdoutByteLength": 1088,
        "packagedStderrSha256": "ae49a54578bccdfe64035464c0642e618efced6f529bf6540427c03a02aaf53c",
        "packagedStderrByteLength": 9125,
        "originalByteEqual": false,
        "reconstructedFromSummary": false,
        "transformApplied": true
      },
      "stdout": "{\"schema\" : \"f15-qualification-reset-tx-observation-v1\", \"phase\" : \"T1_BEGIN\", \"event\" : \"began\", \"backendPid\" : 93397, \"datname\" : \"f3_f15_qual_reset_91185_mu942zsu\", \"applicationName\" : \"f13_qualification_reset\", \"usename\" : \"ubuntu\"}\n{\"schema\" : \"f15-qualification-reset-tx-observation-v1\", \"phase\" : \"T2_LOCK\", \"event\" : \"locked\", \"backendPid\" : 93397, \"datname\" : \"f3_f15_qual_reset_91185_mu942zsu\", \"applicationName\" : \"f13_qualification_reset\", \"usename\" : \"ubuntu\"}\n{\"schema\":\"f15-qualification-reset-tx-observation-v1\",\"phase\":\"T3_REVALIDATE\",\"event\":\"revalidated\"}\n{\"schema\":\"f15-qualification-reset-tx-observation-v1\",\"phase\":\"T4_MUTATE\",\"event\":\"mutate_attempted\"}\n{\"schema\":\"f15-qualification-reset-tx-observation-v1\",\"phase\":\"T5_AFFECTED\",\"event\":\"affected_checked\"}\n{\"schema\":\"f15-qualification-reset-tx-observation-v1\",\"phase\":\"T6_FINAL\",\"event\":\"final_ok\"}\n{\"schema\":\"f15-qualification-reset-tx-observation-v1\",\"phase\":\"T7_COMMIT\",\"event\":\"commit_attempted\"}\n{\"schema\":\"f15-qualification-reset-tx-observation-v1\",\"phase\":\"T7_COMMIT\",\"event\":\"committed\",\"committed\":true}\n",
      "stderr": "psql:[REDACTED_PATH] NOTICE:  F18_RESET_BACKEND pid=93397 datname=f3_f15_qual_reset_91185_mu942zsu app=f13_qualification_reset\npsql:[REDACTED_PATH] NOTICE:  F18_RESET_LOCK_ACQUIRED pid=93397\npsql:[REDACTED_PATH] NOTICE:  function public.get_financial_cashbook(uuid,pg_catalog.timestamptz,pg_catalog.timestamptz,uuid,text,pg_catalog.int4,pg_catalog.int4) does not exist, skipping\npsql:[REDACTED_PATH] NOTICE:  function public.get_financial_projection_bundle(uuid,pg_catalog.timestamptz,pg_catalog.timestamptz,pg_catalog.timestamptz) does not exist, skipping\npsql:[REDACTED_PATH] NOTICE:  function public.post_financial_command(jsonb) does not exist, skipping\npsql:[REDACTED_PATH] NOTICE:  function public.correct_financial_event(jsonb) does not exist, skipping\npsql:[REDACTED_PATH] NOTICE:  type \"notification_channel\" does not exist, skipping\npsql:[REDACTED_PATH] NOTICE:  function public.execute_member_transfer(jsonb) does not exist, skipping\npsql:[REDACTED_PATH] NOTICE:  function public.request_member_transfer(jsonb) does not exist, skipping\npsql:[REDACTED_PATH] NOTICE:  function public.has_group_permission(uuid,text,uuid) does not exist, skipping\npsql:[REDACTED_PATH] NOTICE:  function public.compute_member_standing(uuid) does not exist, skipping\npsql:[REDACTED_PATH] NOTICE:  function public.m2_is_valid_iana_timezone(text) does not exist, skipping\npsql:[REDACTED_PATH] NOTICE:  function public.notification_policy_set_updated_at() does not exist, skipping\npsql:[REDACTED_PATH] NOTICE:  function public.uuid_generate_v5(uuid,text) does not exist, skipping\npsql:[REDACTED_PATH] NOTICE:  schema \"financial_core\" does not exist, skipping\npsql:[REDACTED_PATH] NOTICE:  schema \"financial_core\" does not exist, skipping\npsql:[REDACTED_PATH] NOTICE:  schema \"financial_core\" does not exist, skipping\npsql:[REDACTED_PATH] NOTICE:  schema \"financial_core\" does not exist, skipping\npsql:[REDACTED_PATH] NOTICE:  schema \"financial_core\" does not exist, skipping\npsql:[REDACTED_PATH] NOTICE:  schema \"financial_core\" does not exist, skipping\npsql:[REDACTED_PATH] NOTICE:  schema \"financial_core\" does not exist, skipping\npsql:[REDACTED_PATH] NOTICE:  schema \"financial_core\" does not exist, skipping\npsql:[REDACTED_PATH] NOTICE:  schema \"financial_core\" does not exist, skipping\npsql:[REDACTED_PATH] NOTICE:  schema \"financial_core\" does not exist, skipping\npsql:[REDACTED_PATH] NOTICE:  schema \"financial_core\" does not exist, skipping\npsql:[REDACTED_PATH] NOTICE:  schema \"financial_core\" does not exist, skipping\npsql:[REDACTED_PATH] NOTICE:  schema \"financial_core\" does not exist, skipping\npsql:[REDACTED_PATH] NOTICE:  schema \"financial_core\" does not exist, skipping\npsql:[REDACTED_PATH] NOTICE:  schema \"financial_core\" does not exist, skipping\npsql:[REDACTED_PATH] NOTICE:  schema \"financial_core\" does not exist, skipping\npsql:[REDACTED_PATH] NOTICE:  schema \"financial_core\" does not exist, skipping\npsql:[REDACTED_PATH] NOTICE:  schema \"financial_core\" does not exist, skipping\npsql:[REDACTED_PATH] NOTICE:  schema \"financial_core\" does not exist, skipping\npsql:[REDACTED_PATH] NOTICE:  schema \"financial_core\" does not exist, skipping\npsql:[REDACTED_PATH] NOTICE:  schema \"financial_core\" does not exist, skipping\npsql:[REDACTED_PATH] NOTICE:  schema \"financial_core\" does not exist, skipping\npsql:[REDACTED_PATH] NOTICE:  schema \"financial_core\" does not exist, skipping\npsql:[REDACTED_PATH] NOTICE:  schema \"financial_core\" does not exist, skipping\npsql:[REDACTED_PATH] NOTICE:  schema \"financial_core\" does not exist, skipping\npsql:[REDACTED_PATH] NOTICE:  schema \"financial_core\" does not exist, skipping\npsql:[REDACTED_PATH] NOTICE:  schema \"financial_core\" does not exist, skipping\npsql:[REDACTED_PATH] NOTICE:  schema \"financial_core\" does not exist, skipping\npsql:[REDACTED_PATH] NOTICE:  schema \"financial_core\" does not exist, skipping\npsql:[REDACTED_PATH] NOTICE:  schema \"financial_core\" does not exist, skipping\npsql:[REDACTED_PATH] NOTICE:  schema \"financial_core\" does not exist, skipping\npsql:[REDACTED_PATH] NOTICE:  schema \"financial_core\" does not exist, skipping\npsql:[REDACTED_PATH] NOTICE:  schema \"financial_core\" does not exist, skipping\npsql:[REDACTED_PATH] NOTICE:  schema \"financial_core\" does not exist, skipping\npsql:[REDACTED_PATH] NOTICE:  schema \"financial_core\" does not exist, skipping\npsql:[REDACTED_PATH] NOTICE:  schema \"financial_core\" does not exist, skipping\npsql:[REDACTED_PATH] NOTICE:  schema \"financial_core\" does not exist, skipping\npsql:[REDACTED_PATH] NOTICE:  schema \"financial_core\" does not exist, skipping\npsql:[REDACTED_PATH] NOTICE:  schema \"financial_core\" does not exist, skipping\npsql:[REDACTED_PATH] NOTICE:  schema \"financial_core\" does not exist, skipping\npsql:[REDACTED_PATH] NOTICE:  schema \"financial_core\" does not exist, skipping\npsql:[REDACTED_PATH] NOTICE:  schema \"financial_core\" does not exist, skipping\npsql:[REDACTED_PATH] NOTICE:  schema \"financial_core\" does not exist, skipping\npsql:[REDACTED_PATH] NOTICE:  schema \"financial_core\" does not exist, skipping\npsql:[REDACTED_PATH] NOTICE:  schema \"financial_private\" does not exist, skipping\npsql:[REDACTED_PATH] NOTICE:  schema \"financial_core\" does not exist, skipping\npsql:[REDACTED_PATH] NOTICE:  schema \"financial_core\" does not exist, skipping\npsql:[REDACTED_PATH] NOTICE:  schema \"financial_core\" does not exist, skipping\npsql:[REDACTED_PATH] NOTICE:  table \"financial_postings\" does not exist, skipping\npsql:[REDACTED_PATH] NOTICE:  table \"financial_events\" does not exist, skipping\npsql:[REDACTED_PATH] NOTICE:  table \"financial_categories\" does not exist, skipping\npsql:[REDACTED_PATH] NOTICE:  table \"financial_funds\" does not exist, skipping\npsql:[REDACTED_PATH] NOTICE:  table \"financial_ledger_epochs\" does not exist, skipping\npsql:[REDACTED_PATH] NOTICE:  schema \"financial_private\" does not exist, skipping\npsql:[REDACTED_PATH] NOTICE:  schema \"financial_private\" does not exist, skipping\npsql:[REDACTED_PATH] NOTICE:  table \"notification_policy_triggers\" does not exist, skipping\npsql:[REDACTED_PATH] NOTICE:  table \"notification_policy_occurrences\" does not exist, skipping\npsql:[REDACTED_PATH] NOTICE:  table \"notification_policies\" does not exist, skipping\npsql:[REDACTED_PATH] NOTICE:  table \"position_assignments\" does not exist, skipping\npsql:[REDACTED_PATH] NOTICE:  table \"position_permissions\" does not exist, skipping\npsql:[REDACTED_PATH] NOTICE:  table \"group_positions\" does not exist, skipping\npsql:[REDACTED_PATH] NOTICE:  table \"hosting_swap_requests\" does not exist, skipping\npsql:[REDACTED_PATH] NOTICE:  table \"hosting_assignments\" does not exist, skipping\npsql:[REDACTED_PATH] NOTICE:  table \"hosting_rosters\" does not exist, skipping\npsql:[REDACTED_PATH] NOTICE:  table \"payment_obligation_applications\" does not exist, skipping\npsql:[REDACTED_PATH] NOTICE:  table \"payments\" does not exist, skipping\npsql:[REDACTED_PATH] NOTICE:  table \"contribution_obligations\" does not exist, skipping\npsql:[REDACTED_PATH] NOTICE:  table \"relief_remittances\" does not exist, skipping\npsql:[REDACTED_PATH] NOTICE:  table \"relief_claims\" does not exist, skipping\npsql:[REDACTED_PATH] NOTICE:  table \"relief_enrollments\" does not exist, skipping\npsql:[REDACTED_PATH] NOTICE:  table \"relief_plans\" does not exist, skipping\npsql:[REDACTED_PATH] NOTICE:  table \"fines\" does not exist, skipping\npsql:[REDACTED_PATH] NOTICE:  table \"member_transfers\" does not exist, skipping\npsql:[REDACTED_PATH] NOTICE:  table \"invitations\" does not exist, skipping\npsql:[REDACTED_PATH] NOTICE:  table \"elections\" does not exist, skipping\npsql:[REDACTED_PATH] NOTICE:  table \"events\" does not exist, skipping\npsql:[REDACTED_PATH] NOTICE:  table \"meeting_minutes\" does not exist, skipping\npsql:[REDACTED_PATH] NOTICE:  table \"announcements\" does not exist, skipping\npsql:[REDACTED_PATH] NOTICE:  table \"notifications_queue\" does not exist, skipping\npsql:[REDACTED_PATH] NOTICE:  table \"loans\" does not exist, skipping\npsql:[REDACTED_PATH] NOTICE:  table \"projects\" does not exist, skipping\npsql:[REDACTED_PATH] NOTICE:  table \"group_subscriptions\" does not exist, skipping\npsql:[REDACTED_PATH] NOTICE:  table \"organizations\" does not exist, skipping\npsql:[REDACTED_PATH] NOTICE:  table \"__f3_acl_platform_canary_20260915\" does not exist, skipping\npsql:[REDACTED_PATH] NOTICE:  sequence \"__f3_acl_platform_canary_20260915_id_seq\" does not exist, skipping\npsql:[REDACTED_PATH] NOTICE:  type \"public.financial_account_kind\" does not exist, skipping\npsql:[REDACTED_PATH] NOTICE:  type \"public.financial_account_status\" does not exist, skipping\npsql:[REDACTED_PATH] NOTICE:  type \"public.financial_category_class\" does not exist, skipping\npsql:[REDACTED_PATH] NOTICE:  type \"public.financial_config_status\" does not exist, skipping\npsql:[REDACTED_PATH] NOTICE:  type \"public.financial_control_class\" does not exist, skipping\npsql:[REDACTED_PATH] NOTICE:  type \"public.financial_event_class\" does not exist, skipping\npsql:[REDACTED_PATH] NOTICE:  type \"public.financial_event_status\" does not exist, skipping\npsql:[REDACTED_PATH] NOTICE:  type \"public.notification_channel\" does not exist, skipping\n",
      "lockWaitObserved": null,
      "lockSamples": null,
      "preResetCommittedDrift": null,
      "interleaving": null,
      "backendBoundLock": null,
      "holderCommitted": null,
      "holderResult": null,
      "timedOut": false,
      "status": 0,
      "appliedSqlIdentity": "3118ee6f1937bfc0e1aa6e752e8aa039e0e4ea297e01fc62a75e22f0cb48f319",
      "reparseAttestation": {
        "ok": true,
        "consistent": true,
        "schema": "f18-qualification-reset-stored-process-adapter-v1",
        "parsedOk": true,
        "observationCount": 8,
        "lastEvent": {
          "schema": "f15-qualification-reset-tx-observation-v1",
          "phase": "T7_COMMIT",
          "event": "committed",
          "committed": true
        },
        "interpretedCommitted": true,
        "interpretedVerdictPath": "QUALIFICATION_BASELINE_PRESERVE_BTREE_GIST_V1",
        "phaseReached": "T7_COMMIT",
        "t7CommitAttempted": true,
        "t7CommittedTrue": true,
        "processStatus": 0,
        "processFailed": false,
        "genuineSuccess": true,
        "genuineFailure": false,
        "successClaimedUncommitted": false,
        "failureBecameCommitted": false,
        "mappedProcessStatusToStatus": false
      },
      "processEvidenceRejected": false
    },
    {
      "id": "F21_TX_PRESERVE_EXTENSION_AND_MEMBERS",
      "kind": "scenario",
      "ok": true,
      "capture": "preinstalled-btree_gist-plus-eligible-leftover",
      "resetApply": 1,
      "sql": true,
      "observedPhase": null,
      "commit": true,
      "rollback": null,
      "replay": false,
      "code": null,
      "verdict": "QUALIFICATION_BASELINE_PRESERVE_BTREE_GIST_V1",
      "executedTransaction": true,
      "note": "reset preserves btree_gist and authenticated members; only approved leftovers/history change",
      "captureCalls": 1,
      "transportCalls": 1,
      "applyCalls": 1,
      "sqlCalls": 1,
      "mutationPhaseReached": true,
      "processStatus": 0,
      "signal": null,
      "timeout": false,
      "thrown": false,
      "structuredError": null,
      "streams": {
        "capturedBeforeEncode": true,
        "originalStdoutSha256": "9a8f1d0bd4eb4ada83598bb113cb6f0e9f0ddee155f3f62044d8f511c2055f3e",
        "originalStdoutByteLength": 1088,
        "originalStderrSha256": "829efa905d0ff333b2738ed15835f242be5774ebe8cd51a3d672085fc4716702",
        "originalStderrByteLength": 14181,
        "packagedStdoutSha256": "9a8f1d0bd4eb4ada83598bb113cb6f0e9f0ddee155f3f62044d8f511c2055f3e",
        "packagedStdoutByteLength": 1088,
        "packagedStderrSha256": "59befb35c4e694d2f55f3912be24822f4f8e973970a5578c0f8b10c5b681c490",
        "packagedStderrByteLength": 9342,
        "originalByteEqual": false,
        "reconstructedFromSummary": false,
        "transformApplied": true
      },
      "stdout": "{\"schema\" : \"f15-qualification-reset-tx-observation-v1\", \"phase\" : \"T1_BEGIN\", \"event\" : \"began\", \"backendPid\" : 93447, \"datname\" : \"f3_f15_qual_reset_91185_mu942zsu\", \"applicationName\" : \"f13_qualification_reset\", \"usename\" : \"ubuntu\"}\n{\"schema\" : \"f15-qualification-reset-tx-observation-v1\", \"phase\" : \"T2_LOCK\", \"event\" : \"locked\", \"backendPid\" : 93447, \"datname\" : \"f3_f15_qual_reset_91185_mu942zsu\", \"applicationName\" : \"f13_qualification_reset\", \"usename\" : \"ubuntu\"}\n{\"schema\":\"f15-qualification-reset-tx-observation-v1\",\"phase\":\"T3_REVALIDATE\",\"event\":\"revalidated\"}\n{\"schema\":\"f15-qualification-reset-tx-observation-v1\",\"phase\":\"T4_MUTATE\",\"event\":\"mutate_attempted\"}\n{\"schema\":\"f15-qualification-reset-tx-observation-v1\",\"phase\":\"T5_AFFECTED\",\"event\":\"affected_checked\"}\n{\"schema\":\"f15-qualification-reset-tx-observation-v1\",\"phase\":\"T6_FINAL\",\"event\":\"final_ok\"}\n{\"schema\":\"f15-qualification-reset-tx-observation-v1\",\"phase\":\"T7_COMMIT\",\"event\":\"commit_attempted\"}\n{\"schema\":\"f15-qualification-reset-tx-observation-v1\",\"phase\":\"T7_COMMIT\",\"event\":\"committed\",\"committed\":true}\n",
      "stderr": "psql:[REDACTED_PATH] NOTICE:  F18_RESET_BACKEND pid=93447 datname=f3_f15_qual_reset_91185_mu942zsu app=f13_qualification_reset\npsql:[REDACTED_PATH] NOTICE:  F18_RESET_LOCK_ACQUIRED pid=93447\npsql:[REDACTED_PATH] NOTICE:  function public.get_financial_cashbook(uuid,pg_catalog.timestamptz,pg_catalog.timestamptz,uuid,text,pg_catalog.int4,pg_catalog.int4) does not exist, skipping\npsql:[REDACTED_PATH] NOTICE:  function public.get_financial_projection_bundle(uuid,pg_catalog.timestamptz,pg_catalog.timestamptz,pg_catalog.timestamptz) does not exist, skipping\npsql:[REDACTED_PATH] NOTICE:  function public.post_financial_command(jsonb) does not exist, skipping\npsql:[REDACTED_PATH] NOTICE:  function public.correct_financial_event(jsonb) does not exist, skipping\npsql:[REDACTED_PATH] NOTICE:  type \"notification_channel\" does not exist, skipping\npsql:[REDACTED_PATH] NOTICE:  function public.execute_member_transfer(jsonb) does not exist, skipping\npsql:[REDACTED_PATH] NOTICE:  function public.request_member_transfer(jsonb) does not exist, skipping\npsql:[REDACTED_PATH] NOTICE:  function public.has_group_permission(uuid,text,uuid) does not exist, skipping\npsql:[REDACTED_PATH] NOTICE:  function public.compute_member_standing(uuid) does not exist, skipping\npsql:[REDACTED_PATH] NOTICE:  function public.m2_is_valid_iana_timezone(text) does not exist, skipping\npsql:[REDACTED_PATH] NOTICE:  function public.notification_policy_set_updated_at() does not exist, skipping\npsql:[REDACTED_PATH] NOTICE:  function public.uuid_generate_v5(uuid,text) does not exist, skipping\npsql:[REDACTED_PATH] NOTICE:  schema \"financial_core\" does not exist, skipping\npsql:[REDACTED_PATH] NOTICE:  schema \"financial_core\" does not exist, skipping\npsql:[REDACTED_PATH] NOTICE:  schema \"financial_core\" does not exist, skipping\npsql:[REDACTED_PATH] NOTICE:  schema \"financial_core\" does not exist, skipping\npsql:[REDACTED_PATH] NOTICE:  schema \"financial_core\" does not exist, skipping\npsql:[REDACTED_PATH] NOTICE:  schema \"financial_core\" does not exist, skipping\npsql:[REDACTED_PATH] NOTICE:  schema \"financial_core\" does not exist, skipping\npsql:[REDACTED_PATH] NOTICE:  schema \"financial_core\" does not exist, skipping\npsql:[REDACTED_PATH] NOTICE:  schema \"financial_core\" does not exist, skipping\npsql:[REDACTED_PATH] NOTICE:  schema \"financial_core\" does not exist, skipping\npsql:[REDACTED_PATH] NOTICE:  schema \"financial_core\" does not exist, skipping\npsql:[REDACTED_PATH] NOTICE:  schema \"financial_core\" does not exist, skipping\npsql:[REDACTED_PATH] NOTICE:  schema \"financial_core\" does not exist, skipping\npsql:[REDACTED_PATH] NOTICE:  schema \"financial_core\" does not exist, skipping\npsql:[REDACTED_PATH] NOTICE:  schema \"financial_core\" does not exist, skipping\npsql:[REDACTED_PATH] NOTICE:  schema \"financial_core\" does not exist, skipping\npsql:[REDACTED_PATH] NOTICE:  schema \"financial_core\" does not exist, skipping\npsql:[REDACTED_PATH] NOTICE:  schema \"financial_core\" does not exist, skipping\npsql:[REDACTED_PATH] NOTICE:  schema \"financial_core\" does not exist, skipping\npsql:[REDACTED_PATH] NOTICE:  schema \"financial_core\" does not exist, skipping\npsql:[REDACTED_PATH] NOTICE:  schema \"financial_core\" does not exist, skipping\npsql:[REDACTED_PATH] NOTICE:  schema \"financial_core\" does not exist, skipping\npsql:[REDACTED_PATH] NOTICE:  schema \"financial_core\" does not exist, skipping\npsql:[REDACTED_PATH] NOTICE:  schema \"financial_core\" does not exist, skipping\npsql:[REDACTED_PATH] NOTICE:  schema \"financial_core\" does not exist, skipping\npsql:[REDACTED_PATH] NOTICE:  schema \"financial_core\" does not exist, skipping\npsql:[REDACTED_PATH] NOTICE:  schema \"financial_core\" does not exist, skipping\npsql:[REDACTED_PATH] NOTICE:  schema \"financial_core\" does not exist, skipping\npsql:[REDACTED_PATH] NOTICE:  schema \"financial_core\" does not exist, skipping\npsql:[REDACTED_PATH] NOTICE:  schema \"financial_core\" does not exist, skipping\npsql:[REDACTED_PATH] NOTICE:  schema \"financial_core\" does not exist, skipping\npsql:[REDACTED_PATH] NOTICE:  schema \"financial_core\" does not exist, skipping\npsql:[REDACTED_PATH] NOTICE:  schema \"financial_core\" does not exist, skipping\npsql:[REDACTED_PATH] NOTICE:  schema \"financial_core\" does not exist, skipping\npsql:[REDACTED_PATH] NOTICE:  schema \"financial_core\" does not exist, skipping\npsql:[REDACTED_PATH] NOTICE:  schema \"financial_core\" does not exist, skipping\npsql:[REDACTED_PATH] NOTICE:  schema \"financial_core\" does not exist, skipping\npsql:[REDACTED_PATH] NOTICE:  schema \"financial_core\" does not exist, skipping\npsql:[REDACTED_PATH] NOTICE:  schema \"financial_core\" does not exist, skipping\npsql:[REDACTED_PATH] NOTICE:  schema \"financial_core\" does not exist, skipping\npsql:[REDACTED_PATH] NOTICE:  schema \"financial_core\" does not exist, skipping\npsql:[REDACTED_PATH] NOTICE:  schema \"financial_core\" does not exist, skipping\npsql:[REDACTED_PATH] NOTICE:  schema \"financial_core\" does not exist, skipping\npsql:[REDACTED_PATH] NOTICE:  schema \"financial_core\" does not exist, skipping\npsql:[REDACTED_PATH] NOTICE:  schema \"financial_private\" does not exist, skipping\npsql:[REDACTED_PATH] NOTICE:  schema \"financial_core\" does not exist, skipping\npsql:[REDACTED_PATH] NOTICE:  schema \"financial_core\" does not exist, skipping\npsql:[REDACTED_PATH] NOTICE:  schema \"financial_core\" does not exist, skipping\npsql:[REDACTED_PATH] NOTICE:  table \"financial_postings\" does not exist, skipping\npsql:[REDACTED_PATH] NOTICE:  table \"financial_events\" does not exist, skipping\npsql:[REDACTED_PATH] NOTICE:  table \"financial_categories\" does not exist, skipping\npsql:[REDACTED_PATH] NOTICE:  table \"financial_funds\" does not exist, skipping\npsql:[REDACTED_PATH] NOTICE:  table \"financial_ledger_epochs\" does not exist, skipping\npsql:[REDACTED_PATH] NOTICE:  schema \"financial_private\" does not exist, skipping\npsql:[REDACTED_PATH] NOTICE:  schema \"financial_private\" does not exist, skipping\npsql:[REDACTED_PATH] NOTICE:  table \"notification_policy_triggers\" does not exist, skipping\npsql:[REDACTED_PATH] NOTICE:  table \"notification_policy_occurrences\" does not exist, skipping\npsql:[REDACTED_PATH] NOTICE:  table \"notification_policies\" does not exist, skipping\npsql:[REDACTED_PATH] NOTICE:  table \"position_assignments\" does not exist, skipping\npsql:[REDACTED_PATH] NOTICE:  table \"position_permissions\" does not exist, skipping\npsql:[REDACTED_PATH] NOTICE:  table \"group_positions\" does not exist, skipping\npsql:[REDACTED_PATH] NOTICE:  table \"hosting_swap_requests\" does not exist, skipping\npsql:[REDACTED_PATH] NOTICE:  table \"hosting_assignments\" does not exist, skipping\npsql:[REDACTED_PATH] NOTICE:  table \"hosting_rosters\" does not exist, skipping\npsql:[REDACTED_PATH] NOTICE:  table \"payment_obligation_applications\" does not exist, skipping\npsql:[REDACTED_PATH] NOTICE:  table \"payments\" does not exist, skipping\npsql:[REDACTED_PATH] NOTICE:  table \"contribution_obligations\" does not exist, skipping\npsql:[REDACTED_PATH] NOTICE:  table \"relief_remittances\" does not exist, skipping\npsql:[REDACTED_PATH] NOTICE:  table \"relief_claims\" does not exist, skipping\npsql:[REDACTED_PATH] NOTICE:  table \"relief_enrollments\" does not exist, skipping\npsql:[REDACTED_PATH] NOTICE:  table \"relief_plans\" does not exist, skipping\npsql:[REDACTED_PATH] NOTICE:  table \"fines\" does not exist, skipping\npsql:[REDACTED_PATH] NOTICE:  table \"member_transfers\" does not exist, skipping\npsql:[REDACTED_PATH] NOTICE:  table \"invitations\" does not exist, skipping\npsql:[REDACTED_PATH] NOTICE:  table \"elections\" does not exist, skipping\npsql:[REDACTED_PATH] NOTICE:  table \"events\" does not exist, skipping\npsql:[REDACTED_PATH] NOTICE:  table \"meeting_minutes\" does not exist, skipping\npsql:[REDACTED_PATH] NOTICE:  table \"announcements\" does not exist, skipping\npsql:[REDACTED_PATH] NOTICE:  table \"notifications_queue\" does not exist, skipping\npsql:[REDACTED_PATH] NOTICE:  table \"loans\" does not exist, skipping\npsql:[REDACTED_PATH] NOTICE:  table \"projects\" does not exist, skipping\npsql:[REDACTED_PATH] NOTICE:  table \"group_subscriptions\" does not exist, skipping\npsql:[REDACTED_PATH] NOTICE:  table \"memberships\" does not exist, skipping\npsql:[REDACTED_PATH] NOTICE:  table \"groups\" does not exist, skipping\npsql:[REDACTED_PATH] NOTICE:  table \"profiles\" does not exist, skipping\npsql:[REDACTED_PATH] NOTICE:  table \"organizations\" does not exist, skipping\npsql:[REDACTED_PATH] NOTICE:  table \"__f3_acl_platform_canary_20260915\" does not exist, skipping\npsql:[REDACTED_PATH] NOTICE:  sequence \"__f3_acl_platform_canary_20260915_id_seq\" does not exist, skipping\npsql:[REDACTED_PATH] NOTICE:  type \"public.financial_account_kind\" does not exist, skipping\npsql:[REDACTED_PATH] NOTICE:  type \"public.financial_account_status\" does not exist, skipping\npsql:[REDACTED_PATH] NOTICE:  type \"public.financial_category_class\" does not exist, skipping\npsql:[REDACTED_PATH] NOTICE:  type \"public.financial_config_status\" does not exist, skipping\npsql:[REDACTED_PATH] NOTICE:  type \"public.financial_control_class\" does not exist, skipping\npsql:[REDACTED_PATH] NOTICE:  type \"public.financial_event_class\" does not exist, skipping\npsql:[REDACTED_PATH] NOTICE:  type \"public.financial_event_status\" does not exist, skipping\npsql:[REDACTED_PATH] NOTICE:  type \"public.notification_channel\" does not exist, skipping\n",
      "lockWaitObserved": null,
      "lockSamples": null,
      "preResetCommittedDrift": null,
      "interleaving": null,
      "backendBoundLock": null,
      "holderCommitted": null,
      "holderResult": null,
      "timedOut": false,
      "status": 0,
      "appliedSqlIdentity": "80f5d8ad2ebdfaf5e6ceab0f47f02409f792d25a9c41160640a2d62853c86af7",
      "reparseAttestation": null,
      "catalogBefore": {
        "extension": "btree_gist",
        "memberCount": "264",
        "typedMembers": 188
      },
      "catalogAfter": {
        "extension": "btree_gist",
        "memberCount": "264"
      },
      "processEvidenceRejected": false
    },
    {
      "id": "F21_NAME_ONLY_OR_UNRELATED_LEFTOVER_HOLD",
      "kind": "scenario",
      "ok": true,
      "capture": "unrelated-gbt-name-without-membership",
      "resetApply": null,
      "sql": null,
      "observedPhase": null,
      "commit": null,
      "rollback": null,
      "replay": false,
      "code": "F13_UNEXPECTED_OBJECT_OR_DEPENDENCY",
      "verdict": "HOLD",
      "executedTransaction": false,
      "note": "name-only/unrelated leftover is unexpected; extension members are not a prefix allowlist",
      "captureCalls": null,
      "transportCalls": null,
      "applyCalls": null,
      "sqlCalls": null,
      "mutationPhaseReached": false,
      "processStatus": null,
      "signal": null,
      "timeout": null,
      "thrown": false,
      "structuredError": null,
      "streams": null,
      "stdout": null,
      "stderr": null,
      "lockWaitObserved": null,
      "lockSamples": null,
      "preResetCommittedDrift": null,
      "interleaving": null,
      "backendBoundLock": null,
      "holderCommitted": null,
      "holderResult": null,
      "timedOut": null,
      "status": null,
      "appliedSqlIdentity": null,
      "reparseAttestation": null
    },
    {
      "id": "F21_LOCAL_QUAL_FROM_00118_PREINSTALLED_INDUCED_HOLD",
      "kind": "scenario",
      "ok": true,
      "capture": "preinstalled-extension-then-00118",
      "resetApply": null,
      "sql": null,
      "observedPhase": null,
      "commit": null,
      "rollback": null,
      "replay": false,
      "code": "F3_ABORT",
      "verdict": "HOLD",
      "executedTransaction": false,
      "note": "DOCUMENTED QUALIFICATION FIXTURE — NOT A CLEAN 00001–00117 REPLAY AND NOT PRODUCTION-EQUIVALENT",
      "captureCalls": null,
      "transportCalls": null,
      "applyCalls": null,
      "sqlCalls": null,
      "mutationPhaseReached": false,
      "processStatus": null,
      "signal": null,
      "timeout": null,
      "thrown": false,
      "structuredError": null,
      "streams": null,
      "stdout": null,
      "stderr": null,
      "lockWaitObserved": null,
      "lockSamples": null,
      "preResetCommittedDrift": null,
      "interleaving": null,
      "backendBoundLock": null,
      "holderCommitted": null,
      "holderResult": null,
      "timedOut": null,
      "status": null,
      "appliedSqlIdentity": null,
      "reparseAttestation": null,
      "inducedFailure": "ERROR:  F3_ABORT: has_group_permission overload count=0 (expected 1; do not add 2-arg)\nCONTEXT:  PL/pgSQL function inline_code_block line 16 at RAISE\n",
      "catalogAfter": {
        "extension": "btree_gist"
      }
    },
    {
      "id": "F22_COMPLETE_LOCAL_QUALIFICATION",
      "kind": "scenario",
      "ok": true,
      "capture": "preserve-reset-then-shared-qualify-00118-00123",
      "resetApply": 1,
      "sql": null,
      "observedPhase": null,
      "commit": true,
      "rollback": null,
      "replay": false,
      "code": null,
      "verdict": "HOLD",
      "executedTransaction": true,
      "note": "DOCUMENTED QUALIFICATION FIXTURE — NOT A CLEAN 00001–00117 REPLAY AND NOT PRODUCTION-EQUIVALENT",
      "captureCalls": null,
      "transportCalls": null,
      "applyCalls": 1,
      "sqlCalls": null,
      "mutationPhaseReached": false,
      "processStatus": null,
      "signal": null,
      "timeout": null,
      "thrown": false,
      "structuredError": null,
      "streams": null,
      "stdout": null,
      "stderr": null,
      "lockWaitObserved": null,
      "lockSamples": null,
      "preResetCommittedDrift": null,
      "interleaving": null,
      "backendBoundLock": null,
      "holderCommitted": null,
      "holderResult": null,
      "timedOut": null,
      "status": null,
      "appliedSqlIdentity": null,
      "reparseAttestation": null,
      "preFloorVerdict": "QUALIFICATION_BASELINE_PRESERVE_BTREE_GIST_V1",
      "qualifyStatus": "HOLD",
      "qualifyError": "HOLD: repair-safety gate failed; poison cleaned; repair not spawned; no continuation",
      "qualifyErrorCode": null,
      "completeThrough00123": false,
      "remainingHold": "F22_LOCAL_CLI_ATOMIC_ROLLBACK_REPAIR_REFUSED",
      "classification": {
        "nonzeroExit": true,
        "historyFailed": true,
        "historyInsertMentioned": true,
        "targetVersionPresent": false,
        "targetVersionAbsent": true,
        "sqlCommitted": false,
        "rolledBack": true,
        "split": "PRE_COMMIT_OR_ATOMIC_ROLLBACK",
        "knownFilenameVersion": "20260913173000",
        "repairAuthorizedByFilenameVersion": false
      },
      "objectsPresent": false,
      "repairAttempted": false,
      "floorInstalled": true,
      "preDbPushGatesOk": true,
      "sequenceLength": 1,
      "historyAfter": 0,
      "expectedHistory": 6,
      "floorCalls": 2,
      "dbPushCalls": 2,
      "repairCalls": 0,
      "substitutedInterfaces": [
        {
          "hosted": "getDisposableProjectIdentity (Management API)",
          "local": "local-fixture identity adapter; not hosted identity proof"
        },
        {
          "hosted": "listDisposableMigrationsViaGet (Management API)",
          "local": "local schema_migrations query via run-owned psql"
        },
        {
          "hosted": "constructImmutableValidatedTargetFromConnection",
          "local": "local-fixture target; production ref still rejected; not hosted identity proof"
        },
        {
          "hosted": "runDbQuery / runGatedRemoteSqlText / runIsolatedPoisonPsqlQuery",
          "local": "local-fixture psql (-t -A -w / -f) against run-owned f3_*"
        },
        {
          "hosted": "installHostedFloor (gated remote psql)",
          "local": "installStubLivePinFloorLocal (same SQL steps, local psql -f)"
        },
        {
          "hosted": "runDbPushCandidate / runFilenameVersionRepair via hosted --db-url",
          "local": "CLI 2.117.0 db push and migration repair as separate commands against local --db-url; not assertConstructedDbUrl hosted pooler"
        }
      ],
      "hostedIdentityProof": false,
      "membership": {
        "beforeReset": {
          "extensionPresent": true,
          "memberCount": 264,
          "identities": [
            "48718",
            "48720",
            "48722",
            "48724",
            "48726",
            "48728",
            "48730",
            "48732",
            "48734",
            "48736",
            "48738",
            "48740",
            "48752",
            "48753",
            "48778",
            "48779",
            "48804",
            "48805",
            "48830",
            "48831",
            "48856",
            "48857",
            "48882",
            "48883",
            "48911",
            "48912",
            "48929",
            "48930",
            "48957",
            "48958",
            "48975",
            "48976",
            "48998",
            "48999",
            "49025",
            "49026",
            "49051",
            "49052",
            "49076",
            "49077",
            "49100",
            "49101",
            "49116",
            "49117",
            "49138",
            "49139",
            "49160",
            "49161",
            "49182",
            "49183",
            "49198",
            "49199",
            "49220",
            "49221",
            "49235",
            "49236",
            "49257",
            "49258",
            "49280",
            "49281",
            "49303",
            "49304",
            "49330",
            "49331",
            "public._gbtreekey16",
            "public._gbtreekey2",
            "public._gbtreekey32",
            "public._gbtreekey4",
            "public._gbtreekey8",
            "public._gbtreekey_var",
            "public.cash_dist(money,money)",
            "public.date_dist(date,date)",
            "public.float4_dist(real,real)",
            "public.float8_dist(double precision,double precision)",
            "public.gbt_bit_compress(internal)",
            "public.gbt_bit_consistent(internal,bit,smallint,oid,internal)",
            "public.gbt_bit_penalty(internal,internal,internal)",
            "public.gbt_bit_picksplit(internal,internal)",
            "public.gbt_bit_same(gbtreekey_var,gbtreekey_var,internal)",
            "public.gbt_bit_union(internal,internal)",
            "public.gbt_bool_compress(internal)",
            "public.gbt_bool_consistent(internal,boolean,smallint,oid,internal)",
            "public.gbt_bool_fetch(internal)",
            "public.gbt_bool_penalty(internal,internal,internal)",
            "public.gbt_bool_picksplit(internal,internal)",
            "public.gbt_bool_same(gbtreekey2,gbtreekey2,internal)",
            "public.gbt_bool_union(internal,internal)",
            "public.gbt_bpchar_compress(internal)",
            "public.gbt_bpchar_consistent(internal,character,smallint,oid,internal)",
            "public.gbt_bytea_compress(internal)",
            "public.gbt_bytea_consistent(internal,bytea,smallint,oid,internal)",
            "public.gbt_bytea_penalty(internal,internal,internal)",
            "public.gbt_bytea_picksplit(internal,internal)",
            "public.gbt_bytea_same(gbtreekey_var,gbtreekey_var,internal)",
            "public.gbt_bytea_union(internal,internal)",
            "public.gbt_cash_compress(internal)",
            "public.gbt_cash_consistent(internal,money,smallint,oid,internal)",
            "public.gbt_cash_distance(internal,money,smallint,oid,internal)",
            "public.gbt_cash_fetch(internal)",
            "public.gbt_cash_penalty(internal,internal,internal)",
            "public.gbt_cash_picksplit(internal,internal)",
            "public.gbt_cash_same(gbtreekey16,gbtreekey16,internal)",
            "public.gbt_cash_union(internal,internal)",
            "public.gbt_date_compress(internal)",
            "public.gbt_date_consistent(internal,date,smallint,oid,internal)",
            "public.gbt_date_distance(internal,date,smallint,oid,internal)",
            "public.gbt_date_fetch(internal)",
            "public.gbt_date_penalty(internal,internal,internal)",
            "public.gbt_date_picksplit(internal,internal)",
            "public.gbt_date_same(gbtreekey8,gbtreekey8,internal)",
            "public.gbt_date_union(internal,internal)",
            "public.gbt_decompress(internal)",
            "public.gbt_enum_compress(internal)",
            "public.gbt_enum_consistent(internal,anyenum,smallint,oid,internal)",
            "public.gbt_enum_fetch(internal)",
            "public.gbt_enum_penalty(internal,internal,internal)",
            "public.gbt_enum_picksplit(internal,internal)",
            "public.gbt_enum_same(gbtreekey8,gbtreekey8,internal)",
            "public.gbt_enum_union(internal,internal)",
            "public.gbt_float4_compress(internal)",
            "public.gbt_float4_consistent(internal,real,smallint,oid,internal)",
            "public.gbt_float4_distance(internal,real,smallint,oid,internal)",
            "public.gbt_float4_fetch(internal)",
            "public.gbt_float4_penalty(internal,internal,internal)",
            "public.gbt_float4_picksplit(internal,internal)",
            "public.gbt_float4_same(gbtreekey8,gbtreekey8,internal)",
            "public.gbt_float4_union(internal,internal)",
            "public.gbt_float8_compress(internal)",
            "public.gbt_float8_consistent(internal,double precision,smallint,oid,internal)",
            "public.gbt_float8_distance(internal,double precision,smallint,oid,internal)",
            "public.gbt_float8_fetch(internal)",
            "public.gbt_float8_penalty(internal,internal,internal)",
            "public.gbt_float8_picksplit(internal,internal)",
            "public.gbt_float8_same(gbtreekey16,gbtreekey16,internal)",
            "public.gbt_float8_union(internal,internal)",
            "public.gbt_inet_compress(internal)",
            "public.gbt_inet_consistent(internal,inet,smallint,oid,internal)",
            "public.gbt_inet_penalty(internal,internal,internal)",
            "public.gbt_inet_picksplit(internal,internal)",
            "public.gbt_inet_same(gbtreekey16,gbtreekey16,internal)",
            "public.gbt_inet_union(internal,internal)",
            "public.gbt_int2_compress(internal)",
            "public.gbt_int2_consistent(internal,smallint,smallint,oid,internal)",
            "public.gbt_int2_distance(internal,smallint,smallint,oid,internal)",
            "public.gbt_int2_fetch(internal)",
            "public.gbt_int2_penalty(internal,internal,internal)",
            "public.gbt_int2_picksplit(internal,internal)",
            "public.gbt_int2_same(gbtreekey4,gbtreekey4,internal)",
            "public.gbt_int2_union(internal,internal)",
            "public.gbt_int4_compress(internal)",
            "public.gbt_int4_consistent(internal,integer,smallint,oid,internal)",
            "public.gbt_int4_distance(internal,integer,smallint,oid,internal)",
            "public.gbt_int4_fetch(internal)",
            "public.gbt_int4_penalty(internal,internal,internal)",
            "public.gbt_int4_picksplit(internal,internal)",
            "public.gbt_int4_same(gbtreekey8,gbtreekey8,internal)",
            "public.gbt_int4_union(internal,internal)",
            "public.gbt_int8_compress(internal)",
            "public.gbt_int8_consistent(internal,bigint,smallint,oid,internal)",
            "public.gbt_int8_distance(internal,bigint,smallint,oid,internal)",
            "public.gbt_int8_fetch(internal)",
            "public.gbt_int8_penalty(internal,internal,internal)",
            "public.gbt_int8_picksplit(internal,internal)",
            "public.gbt_int8_same(gbtreekey16,gbtreekey16,internal)",
            "public.gbt_int8_union(internal,internal)",
            "public.gbt_intv_compress(internal)",
            "public.gbt_intv_consistent(internal,interval,smallint,oid,internal)",
            "public.gbt_intv_decompress(internal)",
            "public.gbt_intv_distance(internal,interval,smallint,oid,internal)",
            "public.gbt_intv_fetch(internal)",
            "public.gbt_intv_penalty(internal,internal,internal)",
            "public.gbt_intv_picksplit(internal,internal)",
            "public.gbt_intv_same(gbtreekey32,gbtreekey32,internal)",
            "public.gbt_intv_union(internal,internal)",
            "public.gbt_macad8_compress(internal)",
            "public.gbt_macad8_consistent(internal,macaddr8,smallint,oid,internal)",
            "public.gbt_macad8_fetch(internal)",
            "public.gbt_macad8_penalty(internal,internal,internal)",
            "public.gbt_macad8_picksplit(internal,internal)",
            "public.gbt_macad8_same(gbtreekey16,gbtreekey16,internal)",
            "public.gbt_macad8_union(internal,internal)",
            "public.gbt_macad_compress(internal)",
            "public.gbt_macad_consistent(internal,macaddr,smallint,oid,internal)",
            "public.gbt_macad_fetch(internal)",
            "public.gbt_macad_penalty(internal,internal,internal)",
            "public.gbt_macad_picksplit(internal,internal)",
            "public.gbt_macad_same(gbtreekey16,gbtreekey16,internal)",
            "public.gbt_macad_union(internal,internal)",
            "public.gbt_numeric_compress(internal)",
            "public.gbt_numeric_consistent(internal,numeric,smallint,oid,internal)",
            "public.gbt_numeric_penalty(internal,internal,internal)",
            "public.gbt_numeric_picksplit(internal,internal)",
            "public.gbt_numeric_same(gbtreekey_var,gbtreekey_var,internal)",
            "public.gbt_numeric_union(internal,internal)",
            "public.gbt_oid_compress(internal)",
            "public.gbt_oid_consistent(internal,oid,smallint,oid,internal)",
            "public.gbt_oid_distance(internal,oid,smallint,oid,internal)",
            "public.gbt_oid_fetch(internal)",
            "public.gbt_oid_penalty(internal,internal,internal)",
            "public.gbt_oid_picksplit(internal,internal)",
            "public.gbt_oid_same(gbtreekey8,gbtreekey8,internal)",
            "public.gbt_oid_union(internal,internal)",
            "public.gbt_text_compress(internal)",
            "public.gbt_text_consistent(internal,text,smallint,oid,internal)",
            "public.gbt_text_penalty(internal,internal,internal)",
            "public.gbt_text_picksplit(internal,internal)",
            "public.gbt_text_same(gbtreekey_var,gbtreekey_var,internal)",
            "public.gbt_text_union(internal,internal)",
            "public.gbt_time_compress(internal)",
            "public.gbt_time_consistent(internal,time without time zone,smallint,oid,internal)",
            "public.gbt_time_distance(internal,time without time zone,smallint,oid,internal)",
            "public.gbt_time_fetch(internal)",
            "public.gbt_time_penalty(internal,internal,internal)",
            "public.gbt_time_picksplit(internal,internal)",
            "public.gbt_time_same(gbtreekey16,gbtreekey16,internal)",
            "public.gbt_time_union(internal,internal)",
            "public.gbt_timetz_compress(internal)",
            "public.gbt_timetz_consistent(internal,time with time zone,smallint,oid,internal)",
            "public.gbt_ts_compress(internal)",
            "public.gbt_ts_consistent(internal,timestamp without time zone,smallint,oid,internal)",
            "public.gbt_ts_distance(internal,timestamp without time zone,smallint,oid,internal)",
            "public.gbt_ts_fetch(internal)",
            "public.gbt_ts_penalty(internal,internal,internal)",
            "public.gbt_ts_picksplit(internal,internal)",
            "public.gbt_ts_same(gbtreekey16,gbtreekey16,internal)",
            "public.gbt_ts_union(internal,internal)",
            "public.gbt_tstz_compress(internal)",
            "public.gbt_tstz_consistent(internal,timestamp with time zone,smallint,oid,internal)",
            "public.gbt_tstz_distance(internal,timestamp with time zone,smallint,oid,internal)",
            "public.gbt_uuid_compress(internal)",
            "public.gbt_uuid_consistent(internal,uuid,smallint,oid,internal)",
            "public.gbt_uuid_fetch(internal)",
            "public.gbt_uuid_penalty(internal,internal,internal)",
            "public.gbt_uuid_picksplit(internal,internal)",
            "public.gbt_uuid_same(gbtreekey32,gbtreekey32,internal)",
            "public.gbt_uuid_union(internal,internal)",
            "public.gbt_var_decompress(internal)",
            "public.gbt_var_fetch(internal)",
            "public.gbtreekey16",
            "public.gbtreekey16_in(cstring)",
            "public.gbtreekey16_out(gbtreekey16)",
            "public.gbtreekey2",
            "public.gbtreekey2_in(cstring)",
            "public.gbtreekey2_out(gbtreekey2)",
            "public.gbtreekey32",
            "public.gbtreekey32_in(cstring)",
            "public.gbtreekey32_out(gbtreekey32)",
            "public.gbtreekey4",
            "public.gbtreekey4_in(cstring)",
            "public.gbtreekey4_out(gbtreekey4)",
            "public.gbtreekey8",
            "public.gbtreekey8_in(cstring)",
            "public.gbtreekey8_out(gbtreekey8)",
            "public.gbtreekey_var",
            "public.gbtreekey_var_in(cstring)",
            "public.gbtreekey_var_out(gbtreekey_var)",
            "public.int2_dist(smallint,smallint)",
            "public.int4_dist(integer,integer)",
            "public.int8_dist(bigint,bigint)",
            "public.interval_dist(interval,interval)",
            "public.oid_dist(oid,oid)",
            "public.time_dist(time without time zone,time without time zone)",
            "public.ts_dist(timestamp without time zone,timestamp without time zone)",
            "public.tstz_dist(timestamp with time zone,timestamp with time zone)"
          ],
          "tuples": [
            {
              "objid": 48697,
              "classid": 1247,
              "deptype": "e",
              "extname": "btree_gist",
              "identity": "public.gbtreekey4",
              "objsubid": 0,
              "refobjid": 48696,
              "refclassid": 3079
            },
            {
              "objid": 48700,
              "classid": 1247,
              "deptype": "e",
              "extname": "btree_gist",
              "identity": "public._gbtreekey4",
              "objsubid": 0,
              "refobjid": 48696,
              "refclassid": 3079
            },
            {
              "objid": 48701,
              "classid": 1247,
              "deptype": "e",
              "extname": "btree_gist",
              "identity": "public.gbtreekey8",
              "objsubid": 0,
              "refobjid": 48696,
              "refclassid": 3079
            },
            {
              "objid": 48704,
              "classid": 1247,
              "deptype": "e",
              "extname": "btree_gist",
              "identity": "public._gbtreekey8",
              "objsubid": 0,
              "refobjid": 48696,
              "refclassid": 3079
            },
            {
              "objid": 48705,
              "classid": 1247,
              "deptype": "e",
              "extname": "btree_gist",
              "identity": "public.gbtreekey16",
              "objsubid": 0,
              "refobjid": 48696,
              "refclassid": 3079
            },
            {
              "objid": 48708,
              "classid": 1247,
              "deptype": "e",
              "extname": "btree_gist",
              "identity": "public._gbtreekey16",
              "objsubid": 0,
              "refobjid": 48696,
              "refclassid": 3079
            },
            {
              "objid": 48709,
              "classid": 1247,
              "deptype": "e",
              "extname": "btree_gist",
              "identity": "public.gbtreekey32",
              "objsubid": 0,
              "refobjid": 48696,
              "refclassid": 3079
            },
            {
              "objid": 48712,
              "classid": 1247,
              "deptype": "e",
              "extname": "btree_gist",
              "identity": "public._gbtreekey32",
              "objsubid": 0,
              "refobjid": 48696,
              "refclassid": 3079
            },
            {
              "objid": 48713,
              "classid": 1247,
              "deptype": "e",
              "extname": "btree_gist",
              "identity": "public.gbtreekey_var",
              "objsubid": 0,
              "refobjid": 48696,
              "refclassid": 3079
            },
            {
              "objid": 48716,
              "classid": 1247,
              "deptype": "e",
              "extname": "btree_gist",
              "identity": "public._gbtreekey_var",
              "objsubid": 0,
              "refobjid": 48696,
              "refclassid": 3079
            },
            {
              "objid": 49319,
              "classid": 1247,
              "deptype": "e",
              "extname": "btree_gist",
              "identity": "public.gbtreekey2",
              "objsubid": 0,
              "refobjid": 48696,
              "refclassid": 3079
            },
            {
              "objid": 49322,
              "classid": 1247,
              "deptype": "e",
              "extname": "btree_gist",
              "identity": "public._gbtreekey2",
              "objsubid": 0,
              "refobjid": 48696,
              "refclassid": 3079
            },
            {
              "objid": 48698,
              "classid": 1255,
              "deptype": "e",
              "extname": "btree_gist",
              "identity": "public.gbtreekey4_in(cstring)",
              "objsubid": 0,
              "refobjid": 48696,
              "refclassid": 3079
            },
            {
              "objid": 48699,
              "classid": 1255,
              "deptype": "e",
              "extname": "btree_gist",
              "identity": "public.gbtreekey4_out(gbtreekey4)",
              "objsubid": 0,
              "refobjid": 48696,
              "refclassid": 3079
            },
            {
              "objid": 48702,
              "classid": 1255,
              "deptype": "e",
              "extname": "btree_gist",
              "identity": "public.gbtreekey8_in(cstring)",
              "objsubid": 0,
              "refobjid": 48696,
              "refclassid": 3079
            },
            {
              "objid": 48703,
              "classid": 1255,
              "deptype": "e",
              "extname": "btree_gist",
              "identity": "public.gbtreekey8_out(gbtreekey8)",
              "objsubid": 0,
              "refobjid": 48696,
              "refclassid": 3079
            },
            {
              "objid": 48706,
              "classid": 1255,
              "deptype": "e",
              "extname": "btree_gist",
              "identity": "public.gbtreekey16_in(cstring)",
              "objsubid": 0,
              "refobjid": 48696,
              "refclassid": 3079
            },
            {
              "objid": 48707,
              "classid": 1255,
              "deptype": "e",
              "extname": "btree_gist",
              "identity": "public.gbtreekey16_out(gbtreekey16)",
              "objsubid": 0,
              "refobjid": 48696,
              "refclassid": 3079
            },
            {
              "objid": 48710,
              "classid": 1255,
              "deptype": "e",
              "extname": "btree_gist",
              "identity": "public.gbtreekey32_in(cstring)",
              "objsubid": 0,
              "refobjid": 48696,
              "refclassid": 3079
            },
            {
              "objid": 48711,
              "classid": 1255,
              "deptype": "e",
              "extname": "btree_gist",
              "identity": "public.gbtreekey32_out(gbtreekey32)",
              "objsubid": 0,
              "refobjid": 48696,
              "refclassid": 3079
            },
            {
              "objid": 48714,
              "classid": 1255,
              "deptype": "e",
              "extname": "btree_gist",
              "identity": "public.gbtreekey_var_in(cstring)",
              "objsubid": 0,
              "refobjid": 48696,
              "refclassid": 3079
            },
            {
              "objid": 48715,
              "classid": 1255,
              "deptype": "e",
              "extname": "btree_gist",
              "identity": "public.gbtreekey_var_out(gbtreekey_var)",
              "objsubid": 0,
              "refobjid": 48696,
              "refclassid": 3079
            },
            {
              "objid": 48717,
              "classid": 1255,
              "deptype": "e",
              "extname": "btree_gist",
              "identity": "public.cash_dist(money,money)",
              "objsubid": 0,
              "refobjid": 48696,
              "refclassid": 3079
            },
            {
              "objid": 48719,
              "classid": 1255,
              "deptype": "e",
              "extname": "btree_gist",
              "identity": "public.date_dist(date,date)",
              "objsubid": 0,
              "refobjid": 48696,
              "refclassid": 3079
            },
            {
              "objid": 48721,
              "classid": 1255,
              "deptype": "e",
              "extname": "btree_gist",
              "identity": "public.float4_dist(real,real)",
              "objsubid": 0,
              "refobjid": 48696,
              "refclassid": 3079
            },
            {
              "objid": 48723,
              "classid": 1255,
              "deptype": "e",
              "extname": "btree_gist",
              "identity": "public.float8_dist(double precision,double precision)",
              "objsubid": 0,
              "refobjid": 48696,
              "refclassid": 3079
            },
            {
              "objid": 48725,
              "classid": 1255,
              "deptype": "e",
              "extname": "btree_gist",
              "identity": "public.int2_dist(smallint,smallint)",
              "objsubid": 0,
              "refobjid": 48696,
              "refclassid": 3079
            },
            {
              "objid": 48727,
              "classid": 1255,
              "deptype": "e",
              "extname": "btree_gist",
              "identity": "public.int4_dist(integer,integer)",
              "objsubid": 0,
              "refobjid": 48696,
              "refclassid": 3079
            },
            {
              "objid": 48729,
              "classid": 1255,
              "deptype": "e",
              "extname": "btree_gist",
              "identity": "public.int8_dist(bigint,bigint)",
              "objsubid": 0,
              "refobjid": 48696,
              "refclassid": 3079
            },
            {
              "objid": 48731,
              "classid": 1255,
              "deptype": "e",
              "extname": "btree_gist",
              "identity": "public.interval_dist(interval,interval)",
              "objsubid": 0,
              "refobjid": 48696,
              "refclassid": 3079
            },
            {
              "objid": 48733,
              "classid": 1255,
              "deptype": "e",
              "extname": "btree_gist",
              "identity": "public.oid_dist(oid,oid)",
              "objsubid": 0,
              "refobjid": 48696,
              "refclassid": 3079
            },
            {
              "objid": 48735,
              "classid": 1255,
              "deptype": "e",
              "extname": "btree_gist",
              "identity": "public.time_dist(time without time zone,time without time zone)",
              "objsubid": 0,
              "refobjid": 48696,
              "refclassid": 3079
            },
            {
              "objid": 48737,
              "classid": 1255,
              "deptype": "e",
              "extname": "btree_gist",
              "identity": "public.ts_dist(timestamp without time zone,timestamp without time zone)",
              "objsubid": 0,
              "refobjid": 48696,
              "refclassid": 3079
            },
            {
              "objid": 48739,
              "classid": 1255,
              "deptype": "e",
              "extname": "btree_gist",
              "identity": "public.tstz_dist(timestamp with time zone,timestamp with time zone)",
              "objsubid": 0,
              "refobjid": 48696,
              "refclassid": 3079
            },
            {
              "objid": 48741,
              "classid": 1255,
              "deptype": "e",
              "extname": "btree_gist",
              "identity": "public.gbt_oid_consistent(internal,oid,smallint,oid,internal)",
              "objsubid": 0,
              "refobjid": 48696,
              "refclassid": 3079
            },
            {
              "objid": 48742,
              "classid": 1255,
              "deptype": "e",
              "extname": "btree_gist",
              "identity": "public.gbt_oid_distance(internal,oid,smallint,oid,internal)",
              "objsubid": 0,
              "refobjid": 48696,
              "refclassid": 3079
            },
            {
              "objid": 48743,
              "classid": 1255,
              "deptype": "e",
              "extname": "btree_gist",
              "identity": "public.gbt_oid_fetch(internal)",
              "objsubid": 0,
              "refobjid": 48696,
              "refclassid": 3079
            },
            {
              "objid": 48744,
              "classid": 1255,
              "deptype": "e",
              "extname": "btree_gist",
              "identity": "public.gbt_oid_compress(internal)",
              "objsubid": 0,
              "refobjid": 48696,
              "refclassid": 3079
            },
            {
              "objid": 48745,
              "classid": 1255,
              "deptype": "e",
              "extname": "btree_gist",
              "identity": "public.gbt_decompress(internal)",
              "objsubid": 0,
              "refobjid": 48696,
              "refclassid": 3079
            },
            {
              "objid": 48746,
              "classid": 1255,
              "deptype": "e",
              "extname": "btree_gist",
              "identity": "public.gbt_var_decompress(internal)",
              "objsubid": 0,
              "refobjid": 48696,
              "refclassid": 3079
            },
            {
              "objid": 48747,
              "classid": 1255,
              "deptype": "e",
              "extname": "btree_gist",
              "identity": "public.gbt_var_fetch(internal)",
              "objsubid": 0,
              "refobjid": 48696,
              "refclassid": 3079
            },
            {
              "objid": 48748,
              "classid": 1255,
              "deptype": "e",
              "extname": "btree_gist",
              "identity": "public.gbt_oid_penalty(internal,internal,internal)",
              "objsubid": 0,
              "refobjid": 48696,
              "refclassid": 3079
            },
            {
              "objid": 48749,
              "classid": 1255,
              "deptype": "e",
              "extname": "btree_gist",
              "identity": "public.gbt_oid_picksplit(internal,internal)",
              "objsubid": 0,
              "refobjid": 48696,
              "refclassid": 3079
            },
            {
              "objid": 48750,
              "classid": 1255,
              "deptype": "e",
              "extname": "btree_gist",
              "identity": "public.gbt_oid_union(internal,internal)",
              "objsubid": 0,
              "refobjid": 48696,
              "refclassid": 3079
            },
            {
              "objid": 48751,
              "classid": 1255,
              "deptype": "e",
              "extname": "btree_gist",
              "identity": "public.gbt_oid_same(gbtreekey8,gbtreekey8,internal)",
              "objsubid": 0,
              "refobjid": 48696,
              "refclassid": 3079
            },
            {
              "objid": 48770,
              "classid": 1255,
              "deptype": "e",
              "extname": "btree_gist",
              "identity": "public.gbt_int2_consistent(internal,smallint,smallint,oid,internal)",
              "objsubid": 0,
              "refobjid": 48696,
              "refclassid": 3079
            },
            {
              "objid": 48771,
              "classid": 1255,
              "deptype": "e",
              "extname": "btree_gist",
              "identity": "public.gbt_int2_distance(internal,smallint,smallint,oid,internal)",
              "objsubid": 0,
              "refobjid": 48696,
              "refclassid": 3079
            },
            {
              "objid": 48772,
              "classid": 1255,
              "deptype": "e",
              "extname": "btree_gist",
              "identity": "public.gbt_int2_compress(internal)",
              "objsubid": 0,
              "refobjid": 48696,
              "refclassid": 3079
            },
            {
              "objid": 48773,
              "classid": 1255,
              "deptype": "e",
              "extname": "btree_gist",
              "identity": "public.gbt_int2_fetch(internal)",
              "objsubid": 0,
              "refobjid": 48696,
              "refclassid": 3079
            },
            {
              "objid": 48774,
              "classid": 1255,
              "deptype": "e",
              "extname": "btree_gist",
              "identity": "public.gbt_int2_penalty(internal,internal,internal)",
              "objsubid": 0,
              "refobjid": 48696,
              "refclassid": 3079
            },
            {
              "objid": 48775,
              "classid": 1255,
              "deptype": "e",
              "extname": "btree_gist",
              "identity": "public.gbt_int2_picksplit(internal,internal)",
              "objsubid": 0,
              "refobjid": 48696,
              "refclassid": 3079
            },
            {
              "objid": 48776,
              "classid": 1255,
              "deptype": "e",
              "extname": "btree_gist",
              "identity": "public.gbt_int2_union(internal,internal)",
              "objsubid": 0,
              "refobjid": 48696,
              "refclassid": 3079
            },
            {
              "objid": 48777,
              "classid": 1255,
              "deptype": "e",
              "extname": "btree_gist",
              "identity": "public.gbt_int2_same(gbtreekey4,gbtreekey4,internal)",
              "objsubid": 0,
              "refobjid": 48696,
              "refclassid": 3079
            },
            {
              "objid": 48796,
              "classid": 1255,
              "deptype": "e",
              "extname": "btree_gist",
              "identity": "public.gbt_int4_consistent(internal,integer,smallint,oid,internal)",
              "objsubid": 0,
              "refobjid": 48696,
              "refclassid": 3079
            },
            {
              "objid": 48797,
              "classid": 1255,
              "deptype": "e",
              "extname": "btree_gist",
              "identity": "public.gbt_int4_distance(internal,integer,smallint,oid,internal)",
              "objsubid": 0,
              "refobjid": 48696,
              "refclassid": 3079
            },
            {
              "objid": 48798,
              "classid": 1255,
              "deptype": "e",
              "extname": "btree_gist",
              "identity": "public.gbt_int4_compress(internal)",
              "objsubid": 0,
              "refobjid": 48696,
              "refclassid": 3079
            },
            {
              "objid": 48799,
              "classid": 1255,
              "deptype": "e",
              "extname": "btree_gist",
              "identity": "public.gbt_int4_fetch(internal)",
              "objsubid": 0,
              "refobjid": 48696,
              "refclassid": 3079
            },
            {
              "objid": 48800,
              "classid": 1255,
              "deptype": "e",
              "extname": "btree_gist",
              "identity": "public.gbt_int4_penalty(internal,internal,internal)",
              "objsubid": 0,
              "refobjid": 48696,
              "refclassid": 3079
            },
            {
              "objid": 48801,
              "classid": 1255,
              "deptype": "e",
              "extname": "btree_gist",
              "identity": "public.gbt_int4_picksplit(internal,internal)",
              "objsubid": 0,
              "refobjid": 48696,
              "refclassid": 3079
            },
            {
              "objid": 48802,
              "classid": 1255,
              "deptype": "e",
              "extname": "btree_gist",
              "identity": "public.gbt_int4_union(internal,internal)",
              "objsubid": 0,
              "refobjid": 48696,
              "refclassid": 3079
            },
            {
              "objid": 48803,
              "classid": 1255,
              "deptype": "e",
              "extname": "btree_gist",
              "identity": "public.gbt_int4_same(gbtreekey8,gbtreekey8,internal)",
              "objsubid": 0,
              "refobjid": 48696,
              "refclassid": 3079
            },
            {
              "objid": 48822,
              "classid": 1255,
              "deptype": "e",
              "extname": "btree_gist",
              "identity": "public.gbt_int8_consistent(internal,bigint,smallint,oid,internal)",
              "objsubid": 0,
              "refobjid": 48696,
              "refclassid": 3079
            },
            {
              "objid": 48823,
              "classid": 1255,
              "deptype": "e",
              "extname": "btree_gist",
              "identity": "public.gbt_int8_distance(internal,bigint,smallint,oid,internal)",
              "objsubid": 0,
              "refobjid": 48696,
              "refclassid": 3079
            },
            {
              "objid": 48824,
              "classid": 1255,
              "deptype": "e",
              "extname": "btree_gist",
              "identity": "public.gbt_int8_compress(internal)",
              "objsubid": 0,
              "refobjid": 48696,
              "refclassid": 3079
            },
            {
              "objid": 48825,
              "classid": 1255,
              "deptype": "e",
              "extname": "btree_gist",
              "identity": "public.gbt_int8_fetch(internal)",
              "objsubid": 0,
              "refobjid": 48696,
              "refclassid": 3079
            },
            {
              "objid": 48826,
              "classid": 1255,
              "deptype": "e",
              "extname": "btree_gist",
              "identity": "public.gbt_int8_penalty(internal,internal,internal)",
              "objsubid": 0,
              "refobjid": 48696,
              "refclassid": 3079
            },
            {
              "objid": 48827,
              "classid": 1255,
              "deptype": "e",
              "extname": "btree_gist",
              "identity": "public.gbt_int8_picksplit(internal,internal)",
              "objsubid": 0,
              "refobjid": 48696,
              "refclassid": 3079
            },
            {
              "objid": 48828,
              "classid": 1255,
              "deptype": "e",
              "extname": "btree_gist",
              "identity": "public.gbt_int8_union(internal,internal)",
              "objsubid": 0,
              "refobjid": 48696,
              "refclassid": 3079
            },
            {
              "objid": 48829,
              "classid": 1255,
              "deptype": "e",
              "extname": "btree_gist",
              "identity": "public.gbt_int8_same(gbtreekey16,gbtreekey16,internal)",
              "objsubid": 0,
              "refobjid": 48696,
              "refclassid": 3079
            },
            {
              "objid": 48848,
              "classid": 1255,
              "deptype": "e",
              "extname": "btree_gist",
              "identity": "public.gbt_float4_consistent(internal,real,smallint,oid,internal)",
              "objsubid": 0,
              "refobjid": 48696,
              "refclassid": 3079
            },
            {
              "objid": 48849,
              "classid": 1255,
              "deptype": "e",
              "extname": "btree_gist",
              "identity": "public.gbt_float4_distance(internal,real,smallint,oid,internal)",
              "objsubid": 0,
              "refobjid": 48696,
              "refclassid": 3079
            },
            {
              "objid": 48850,
              "classid": 1255,
              "deptype": "e",
              "extname": "btree_gist",
              "identity": "public.gbt_float4_compress(internal)",
              "objsubid": 0,
              "refobjid": 48696,
              "refclassid": 3079
            },
            {
              "objid": 48851,
              "classid": 1255,
              "deptype": "e",
              "extname": "btree_gist",
              "identity": "public.gbt_float4_fetch(internal)",
              "objsubid": 0,
              "refobjid": 48696,
              "refclassid": 3079
            },
            {
              "objid": 48852,
              "classid": 1255,
              "deptype": "e",
              "extname": "btree_gist",
              "identity": "public.gbt_float4_penalty(internal,internal,internal)",
              "objsubid": 0,
              "refobjid": 48696,
              "refclassid": 3079
            },
            {
              "objid": 48853,
              "classid": 1255,
              "deptype": "e",
              "extname": "btree_gist",
              "identity": "public.gbt_float4_picksplit(internal,internal)",
              "objsubid": 0,
              "refobjid": 48696,
              "refclassid": 3079
            },
            {
              "objid": 48854,
              "classid": 1255,
              "deptype": "e",
              "extname": "btree_gist",
              "identity": "public.gbt_float4_union(internal,internal)",
              "objsubid": 0,
              "refobjid": 48696,
              "refclassid": 3079
            },
            {
              "objid": 48855,
              "classid": 1255,
              "deptype": "e",
              "extname": "btree_gist",
              "identity": "public.gbt_float4_same(gbtreekey8,gbtreekey8,internal)",
              "objsubid": 0,
              "refobjid": 48696,
              "refclassid": 3079
            },
            {
              "objid": 48874,
              "classid": 1255,
              "deptype": "e",
              "extname": "btree_gist",
              "identity": "public.gbt_float8_consistent(internal,double precision,smallint,oid,internal)",
              "objsubid": 0,
              "refobjid": 48696,
              "refclassid": 3079
            },
            {
              "objid": 48875,
              "classid": 1255,
              "deptype": "e",
              "extname": "btree_gist",
              "identity": "public.gbt_float8_distance(internal,double precision,smallint,oid,internal)",
              "objsubid": 0,
              "refobjid": 48696,
              "refclassid": 3079
            },
            {
              "objid": 48876,
              "classid": 1255,
              "deptype": "e",
              "extname": "btree_gist",
              "identity": "public.gbt_float8_compress(internal)",
              "objsubid": 0,
              "refobjid": 48696,
              "refclassid": 3079
            },
            {
              "objid": 48877,
              "classid": 1255,
              "deptype": "e",
              "extname": "btree_gist",
              "identity": "public.gbt_float8_fetch(internal)",
              "objsubid": 0,
              "refobjid": 48696,
              "refclassid": 3079
            },
            {
              "objid": 48878,
              "classid": 1255,
              "deptype": "e",
              "extname": "btree_gist",
              "identity": "public.gbt_float8_penalty(internal,internal,internal)",
              "objsubid": 0,
              "refobjid": 48696,
              "refclassid": 3079
            },
            {
              "objid": 48879,
              "classid": 1255,
              "deptype": "e",
              "extname": "btree_gist",
              "identity": "public.gbt_float8_picksplit(internal,internal)",
              "objsubid": 0,
              "refobjid": 48696,
              "refclassid": 3079
            },
            {
              "objid": 48880,
              "classid": 1255,
              "deptype": "e",
              "extname": "btree_gist",
              "identity": "public.gbt_float8_union(internal,internal)",
              "objsubid": 0,
              "refobjid": 48696,
              "refclassid": 3079
            },
            {
              "objid": 48881,
              "classid": 1255,
              "deptype": "e",
              "extname": "btree_gist",
              "identity": "public.gbt_float8_same(gbtreekey16,gbtreekey16,internal)",
              "objsubid": 0,
              "refobjid": 48696,
              "refclassid": 3079
            },
            {
              "objid": 48900,
              "classid": 1255,
              "deptype": "e",
              "extname": "btree_gist",
              "identity": "public.gbt_ts_consistent(internal,timestamp without time zone,smallint,oid,internal)",
              "objsubid": 0,
              "refobjid": 48696,
              "refclassid": 3079
            },
            {
              "objid": 48901,
              "classid": 1255,
              "deptype": "e",
              "extname": "btree_gist",
              "identity": "public.gbt_ts_distance(internal,timestamp without time zone,smallint,oid,internal)",
              "objsubid": 0,
              "refobjid": 48696,
              "refclassid": 3079
            },
            {
              "objid": 48902,
              "classid": 1255,
              "deptype": "e",
              "extname": "btree_gist",
              "identity": "public.gbt_tstz_consistent(internal,timestamp with time zone,smallint,oid,internal)",
              "objsubid": 0,
              "refobjid": 48696,
              "refclassid": 3079
            },
            {
              "objid": 48903,
              "classid": 1255,
              "deptype": "e",
              "extname": "btree_gist",
              "identity": "public.gbt_tstz_distance(internal,timestamp with time zone,smallint,oid,internal)",
              "objsubid": 0,
              "refobjid": 48696,
              "refclassid": 3079
            },
            {
              "objid": 48904,
              "classid": 1255,
              "deptype": "e",
              "extname": "btree_gist",
              "identity": "public.gbt_ts_compress(internal)",
              "objsubid": 0,
              "refobjid": 48696,
              "refclassid": 3079
            },
            {
              "objid": 48905,
              "classid": 1255,
              "deptype": "e",
              "extname": "btree_gist",
              "identity": "public.gbt_tstz_compress(internal)",
              "objsubid": 0,
              "refobjid": 48696,
              "refclassid": 3079
            },
            {
              "objid": 48906,
              "classid": 1255,
              "deptype": "e",
              "extname": "btree_gist",
              "identity": "public.gbt_ts_fetch(internal)",
              "objsubid": 0,
              "refobjid": 48696,
              "refclassid": 3079
            },
            {
              "objid": 48907,
              "classid": 1255,
              "deptype": "e",
              "extname": "btree_gist",
              "identity": "public.gbt_ts_penalty(internal,internal,internal)",
              "objsubid": 0,
              "refobjid": 48696,
              "refclassid": 3079
            },
            {
              "objid": 48908,
              "classid": 1255,
              "deptype": "e",
              "extname": "btree_gist",
              "identity": "public.gbt_ts_picksplit(internal,internal)",
              "objsubid": 0,
              "refobjid": 48696,
              "refclassid": 3079
            },
            {
              "objid": 48909,
              "classid": 1255,
              "deptype": "e",
              "extname": "btree_gist",
              "identity": "public.gbt_ts_union(internal,internal)",
              "objsubid": 0,
              "refobjid": 48696,
              "refclassid": 3079
            },
            {
              "objid": 48910,
              "classid": 1255,
              "deptype": "e",
              "extname": "btree_gist",
              "identity": "public.gbt_ts_same(gbtreekey16,gbtreekey16,internal)",
              "objsubid": 0,
              "refobjid": 48696,
              "refclassid": 3079
            },
            {
              "objid": 48947,
              "classid": 1255,
              "deptype": "e",
              "extname": "btree_gist",
              "identity": "public.gbt_time_consistent(internal,time without time zone,smallint,oid,internal)",
              "objsubid": 0,
              "refobjid": 48696,
              "refclassid": 3079
            },
            {
              "objid": 48948,
              "classid": 1255,
              "deptype": "e",
              "extname": "btree_gist",
              "identity": "public.gbt_time_distance(internal,time without time zone,smallint,oid,internal)",
              "objsubid": 0,
              "refobjid": 48696,
              "refclassid": 3079
            },
            {
              "objid": 48949,
              "classid": 1255,
              "deptype": "e",
              "extname": "btree_gist",
              "identity": "public.gbt_timetz_consistent(internal,time with time zone,smallint,oid,internal)",
              "objsubid": 0,
              "refobjid": 48696,
              "refclassid": 3079
            },
            {
              "objid": 48950,
              "classid": 1255,
              "deptype": "e",
              "extname": "btree_gist",
              "identity": "public.gbt_time_compress(internal)",
              "objsubid": 0,
              "refobjid": 48696,
              "refclassid": 3079
            },
            {
              "objid": 48951,
              "classid": 1255,
              "deptype": "e",
              "extname": "btree_gist",
              "identity": "public.gbt_timetz_compress(internal)",
              "objsubid": 0,
              "refobjid": 48696,
              "refclassid": 3079
            },
            {
              "objid": 48952,
              "classid": 1255,
              "deptype": "e",
              "extname": "btree_gist",
              "identity": "public.gbt_time_fetch(internal)",
              "objsubid": 0,
              "refobjid": 48696,
              "refclassid": 3079
            },
            {
              "objid": 48953,
              "classid": 1255,
              "deptype": "e",
              "extname": "btree_gist",
              "identity": "public.gbt_time_penalty(internal,internal,internal)",
              "objsubid": 0,
              "refobjid": 48696,
              "refclassid": 3079
            },
            {
              "objid": 48954,
              "classid": 1255,
              "deptype": "e",
              "extname": "btree_gist",
              "identity": "public.gbt_time_picksplit(internal,internal)",
              "objsubid": 0,
              "refobjid": 48696,
              "refclassid": 3079
            },
            {
              "objid": 48955,
              "classid": 1255,
              "deptype": "e",
              "extname": "btree_gist",
              "identity": "public.gbt_time_union(internal,internal)",
              "objsubid": 0,
              "refobjid": 48696,
              "refclassid": 3079
            },
            {
              "objid": 48956,
              "classid": 1255,
              "deptype": "e",
              "extname": "btree_gist",
              "identity": "public.gbt_time_same(gbtreekey16,gbtreekey16,internal)",
              "objsubid": 0,
              "refobjid": 48696,
              "refclassid": 3079
            },
            {
              "objid": 48990,
              "classid": 1255,
              "deptype": "e",
              "extname": "btree_gist",
              "identity": "public.gbt_date_consistent(internal,date,smallint,oid,internal)",
              "objsubid": 0,
              "refobjid": 48696,
              "refclassid": 3079
            },
            {
              "objid": 48991,
              "classid": 1255,
              "deptype": "e",
              "extname": "btree_gist",
              "identity": "public.gbt_date_distance(internal,date,smallint,oid,internal)",
              "objsubid": 0,
              "refobjid": 48696,
              "refclassid": 3079
            },
            {
              "objid": 48992,
              "classid": 1255,
              "deptype": "e",
              "extname": "btree_gist",
              "identity": "public.gbt_date_compress(internal)",
              "objsubid": 0,
              "refobjid": 48696,
              "refclassid": 3079
            },
            {
              "objid": 48993,
              "classid": 1255,
              "deptype": "e",
              "extname": "btree_gist",
              "identity": "public.gbt_date_fetch(internal)",
              "objsubid": 0,
              "refobjid": 48696,
              "refclassid": 3079
            },
            {
              "objid": 48994,
              "classid": 1255,
              "deptype": "e",
              "extname": "btree_gist",
              "identity": "public.gbt_date_penalty(internal,internal,internal)",
              "objsubid": 0,
              "refobjid": 48696,
              "refclassid": 3079
            },
            {
              "objid": 48995,
              "classid": 1255,
              "deptype": "e",
              "extname": "btree_gist",
              "identity": "public.gbt_date_picksplit(internal,internal)",
              "objsubid": 0,
              "refobjid": 48696,
              "refclassid": 3079
            },
            {
              "objid": 48996,
              "classid": 1255,
              "deptype": "e",
              "extname": "btree_gist",
              "identity": "public.gbt_date_union(internal,internal)",
              "objsubid": 0,
              "refobjid": 48696,
              "refclassid": 3079
            },
            {
              "objid": 48997,
              "classid": 1255,
              "deptype": "e",
              "extname": "btree_gist",
              "identity": "public.gbt_date_same(gbtreekey8,gbtreekey8,internal)",
              "objsubid": 0,
              "refobjid": 48696,
              "refclassid": 3079
            },
            {
              "objid": 49016,
              "classid": 1255,
              "deptype": "e",
              "extname": "btree_gist",
              "identity": "public.gbt_intv_consistent(internal,interval,smallint,oid,internal)",
              "objsubid": 0,
              "refobjid": 48696,
              "refclassid": 3079
            },
            {
              "objid": 49017,
              "classid": 1255,
              "deptype": "e",
              "extname": "btree_gist",
              "identity": "public.gbt_intv_distance(internal,interval,smallint,oid,internal)",
              "objsubid": 0,
              "refobjid": 48696,
              "refclassid": 3079
            },
            {
              "objid": 49018,
              "classid": 1255,
              "deptype": "e",
              "extname": "btree_gist",
              "identity": "public.gbt_intv_compress(internal)",
              "objsubid": 0,
              "refobjid": 48696,
              "refclassid": 3079
            },
            {
              "objid": 49019,
              "classid": 1255,
              "deptype": "e",
              "extname": "btree_gist",
              "identity": "public.gbt_intv_decompress(internal)",
              "objsubid": 0,
              "refobjid": 48696,
              "refclassid": 3079
            },
            {
              "objid": 49020,
              "classid": 1255,
              "deptype": "e",
              "extname": "btree_gist",
              "identity": "public.gbt_intv_fetch(internal)",
              "objsubid": 0,
              "refobjid": 48696,
              "refclassid": 3079
            },
            {
              "objid": 49021,
              "classid": 1255,
              "deptype": "e",
              "extname": "btree_gist",
              "identity": "public.gbt_intv_penalty(internal,internal,internal)",
              "objsubid": 0,
              "refobjid": 48696,
              "refclassid": 3079
            },
            {
              "objid": 49022,
              "classid": 1255,
              "deptype": "e",
              "extname": "btree_gist",
              "identity": "public.gbt_intv_picksplit(internal,internal)",
              "objsubid": 0,
              "refobjid": 48696,
              "refclassid": 3079
            },
            {
              "objid": 49023,
              "classid": 1255,
              "deptype": "e",
              "extname": "btree_gist",
              "identity": "public.gbt_intv_union(internal,internal)",
              "objsubid": 0,
              "refobjid": 48696,
              "refclassid": 3079
            },
            {
              "objid": 49024,
              "classid": 1255,
              "deptype": "e",
              "extname": "btree_gist",
              "identity": "public.gbt_intv_same(gbtreekey32,gbtreekey32,internal)",
              "objsubid": 0,
              "refobjid": 48696,
              "refclassid": 3079
            },
            {
              "objid": 49043,
              "classid": 1255,
              "deptype": "e",
              "extname": "btree_gist",
              "identity": "public.gbt_cash_consistent(internal,money,smallint,oid,internal)",
              "objsubid": 0,
              "refobjid": 48696,
              "refclassid": 3079
            },
            {
              "objid": 49044,
              "classid": 1255,
              "deptype": "e",
              "extname": "btree_gist",
              "identity": "public.gbt_cash_distance(internal,money,smallint,oid,internal)",
              "objsubid": 0,
              "refobjid": 48696,
              "refclassid": 3079
            },
            {
              "objid": 49045,
              "classid": 1255,
              "deptype": "e",
              "extname": "btree_gist",
              "identity": "public.gbt_cash_compress(internal)",
              "objsubid": 0,
              "refobjid": 48696,
              "refclassid": 3079
            },
            {
              "objid": 49046,
              "classid": 1255,
              "deptype": "e",
              "extname": "btree_gist",
              "identity": "public.gbt_cash_fetch(internal)",
              "objsubid": 0,
              "refobjid": 48696,
              "refclassid": 3079
            },
            {
              "objid": 49047,
              "classid": 1255,
              "deptype": "e",
              "extname": "btree_gist",
              "identity": "public.gbt_cash_penalty(internal,internal,internal)",
              "objsubid": 0,
              "refobjid": 48696,
              "refclassid": 3079
            },
            {
              "objid": 49048,
              "classid": 1255,
              "deptype": "e",
              "extname": "btree_gist",
              "identity": "public.gbt_cash_picksplit(internal,internal)",
              "objsubid": 0,
              "refobjid": 48696,
              "refclassid": 3079
            },
            {
              "objid": 49049,
              "classid": 1255,
              "deptype": "e",
              "extname": "btree_gist",
              "identity": "public.gbt_cash_union(internal,internal)",
              "objsubid": 0,
              "refobjid": 48696,
              "refclassid": 3079
            },
            {
              "objid": 49050,
              "classid": 1255,
              "deptype": "e",
              "extname": "btree_gist",
              "identity": "public.gbt_cash_same(gbtreekey16,gbtreekey16,internal)",
              "objsubid": 0,
              "refobjid": 48696,
              "refclassid": 3079
            },
            {
              "objid": 49069,
              "classid": 1255,
              "deptype": "e",
              "extname": "btree_gist",
              "identity": "public.gbt_macad_consistent(internal,macaddr,smallint,oid,internal)",
              "objsubid": 0,
              "refobjid": 48696,
              "refclassid": 3079
            },
            {
              "objid": 49070,
              "classid": 1255,
              "deptype": "e",
              "extname": "btree_gist",
              "identity": "public.gbt_macad_compress(internal)",
              "objsubid": 0,
              "refobjid": 48696,
              "refclassid": 3079
            },
            {
              "objid": 49071,
              "classid": 1255,
              "deptype": "e",
              "extname": "btree_gist",
              "identity": "public.gbt_macad_fetch(internal)",
              "objsubid": 0,
              "refobjid": 48696,
              "refclassid": 3079
            },
            {
              "objid": 49072,
              "classid": 1255,
              "deptype": "e",
              "extname": "btree_gist",
              "identity": "public.gbt_macad_penalty(internal,internal,internal)",
              "objsubid": 0,
              "refobjid": 48696,
              "refclassid": 3079
            },
            {
              "objid": 49073,
              "classid": 1255,
              "deptype": "e",
              "extname": "btree_gist",
              "identity": "public.gbt_macad_picksplit(internal,internal)",
              "objsubid": 0,
              "refobjid": 48696,
              "refclassid": 3079
            },
            {
              "objid": 49074,
              "classid": 1255,
              "deptype": "e",
              "extname": "btree_gist",
              "identity": "public.gbt_macad_union(internal,internal)",
              "objsubid": 0,
              "refobjid": 48696,
              "refclassid": 3079
            },
            {
              "objid": 49075,
              "classid": 1255,
              "deptype": "e",
              "extname": "btree_gist",
              "identity": "public.gbt_macad_same(gbtreekey16,gbtreekey16,internal)",
              "objsubid": 0,
              "refobjid": 48696,
              "refclassid": 3079
            },
            {
              "objid": 49092,
              "classid": 1255,
              "deptype": "e",
              "extname": "btree_gist",
              "identity": "public.gbt_text_consistent(internal,text,smallint,oid,internal)",
              "objsubid": 0,
              "refobjid": 48696,
              "refclassid": 3079
            },
            {
              "objid": 49093,
              "classid": 1255,
              "deptype": "e",
              "extname": "btree_gist",
              "identity": "public.gbt_bpchar_consistent(internal,character,smallint,oid,internal)",
              "objsubid": 0,
              "refobjid": 48696,
              "refclassid": 3079
            },
            {
              "objid": 49094,
              "classid": 1255,
              "deptype": "e",
              "extname": "btree_gist",
              "identity": "public.gbt_text_compress(internal)",
              "objsubid": 0,
              "refobjid": 48696,
              "refclassid": 3079
            },
            {
              "objid": 49095,
              "classid": 1255,
              "deptype": "e",
              "extname": "btree_gist",
              "identity": "public.gbt_bpchar_compress(internal)",
              "objsubid": 0,
              "refobjid": 48696,
              "refclassid": 3079
            },
            {
              "objid": 49096,
              "classid": 1255,
              "deptype": "e",
              "extname": "btree_gist",
              "identity": "public.gbt_text_penalty(internal,internal,internal)",
              "objsubid": 0,
              "refobjid": 48696,
              "refclassid": 3079
            },
            {
              "objid": 49097,
              "classid": 1255,
              "deptype": "e",
              "extname": "btree_gist",
              "identity": "public.gbt_text_picksplit(internal,internal)",
              "objsubid": 0,
              "refobjid": 48696,
              "refclassid": 3079
            },
            {
              "objid": 49098,
              "classid": 1255,
              "deptype": "e",
              "extname": "btree_gist",
              "identity": "public.gbt_text_union(internal,internal)",
              "objsubid": 0,
              "refobjid": 48696,
              "refclassid": 3079
            },
            {
              "objid": 49099,
              "classid": 1255,
              "deptype": "e",
              "extname": "btree_gist",
              "identity": "public.gbt_text_same(gbtreekey_var,gbtreekey_var,internal)",
              "objsubid": 0,
              "refobjid": 48696,
              "refclassid": 3079
            },
            {
              "objid": 49132,
              "classid": 1255,
              "deptype": "e",
              "extname": "btree_gist",
              "identity": "public.gbt_bytea_consistent(internal,bytea,smallint,oid,internal)",
              "objsubid": 0,
              "refobjid": 48696,
              "refclassid": 3079
            },
            {
              "objid": 49133,
              "classid": 1255,
              "deptype": "e",
              "extname": "btree_gist",
              "identity": "public.gbt_bytea_compress(internal)",
              "objsubid": 0,
              "refobjid": 48696,
              "refclassid": 3079
            },
            {
              "objid": 49134,
              "classid": 1255,
              "deptype": "e",
              "extname": "btree_gist",
              "identity": "public.gbt_bytea_penalty(internal,internal,internal)",
              "objsubid": 0,
              "refobjid": 48696,
              "refclassid": 3079
            },
            {
              "objid": 49135,
              "classid": 1255,
              "deptype": "e",
              "extname": "btree_gist",
              "identity": "public.gbt_bytea_picksplit(internal,internal)",
              "objsubid": 0,
              "refobjid": 48696,
              "refclassid": 3079
            },
            {
              "objid": 49136,
              "classid": 1255,
              "deptype": "e",
              "extname": "btree_gist",
              "identity": "public.gbt_bytea_union(internal,internal)",
              "objsubid": 0,
              "refobjid": 48696,
              "refclassid": 3079
            },
            {
              "objid": 49137,
              "classid": 1255,
              "deptype": "e",
              "extname": "btree_gist",
              "identity": "public.gbt_bytea_same(gbtreekey_var,gbtreekey_var,internal)",
              "objsubid": 0,
              "refobjid": 48696,
              "refclassid": 3079
            },
            {
              "objid": 49154,
              "classid": 1255,
              "deptype": "e",
              "extname": "btree_gist",
              "identity": "public.gbt_numeric_consistent(internal,numeric,smallint,oid,internal)",
              "objsubid": 0,
              "refobjid": 48696,
              "refclassid": 3079
            },
            {
              "objid": 49155,
              "classid": 1255,
              "deptype": "e",
              "extname": "btree_gist",
              "identity": "public.gbt_numeric_compress(internal)",
              "objsubid": 0,
              "refobjid": 48696,
              "refclassid": 3079
            },
            {
              "objid": 49156,
              "classid": 1255,
              "deptype": "e",
              "extname": "btree_gist",
              "identity": "public.gbt_numeric_penalty(internal,internal,internal)",
              "objsubid": 0,
              "refobjid": 48696,
              "refclassid": 3079
            },
            {
              "objid": 49157,
              "classid": 1255,
              "deptype": "e",
              "extname": "btree_gist",
              "identity": "public.gbt_numeric_picksplit(internal,internal)",
              "objsubid": 0,
              "refobjid": 48696,
              "refclassid": 3079
            },
            {
              "objid": 49158,
              "classid": 1255,
              "deptype": "e",
              "extname": "btree_gist",
              "identity": "public.gbt_numeric_union(internal,internal)",
              "objsubid": 0,
              "refobjid": 48696,
              "refclassid": 3079
            },
            {
              "objid": 49159,
              "classid": 1255,
              "deptype": "e",
              "extname": "btree_gist",
              "identity": "public.gbt_numeric_same(gbtreekey_var,gbtreekey_var,internal)",
              "objsubid": 0,
              "refobjid": 48696,
              "refclassid": 3079
            },
            {
              "objid": 49176,
              "classid": 1255,
              "deptype": "e",
              "extname": "btree_gist",
              "identity": "public.gbt_bit_consistent(internal,bit,smallint,oid,internal)",
              "objsubid": 0,
              "refobjid": 48696,
              "refclassid": 3079
            },
            {
              "objid": 49177,
              "classid": 1255,
              "deptype": "e",
              "extname": "btree_gist",
              "identity": "public.gbt_bit_compress(internal)",
              "objsubid": 0,
              "refobjid": 48696,
              "refclassid": 3079
            },
            {
              "objid": 49178,
              "classid": 1255,
              "deptype": "e",
              "extname": "btree_gist",
              "identity": "public.gbt_bit_penalty(internal,internal,internal)",
              "objsubid": 0,
              "refobjid": 48696,
              "refclassid": 3079
            },
            {
              "objid": 49179,
              "classid": 1255,
              "deptype": "e",
              "extname": "btree_gist",
              "identity": "public.gbt_bit_picksplit(internal,internal)",
              "objsubid": 0,
              "refobjid": 48696,
              "refclassid": 3079
            },
            {
              "objid": 49180,
              "classid": 1255,
              "deptype": "e",
              "extname": "btree_gist",
              "identity": "public.gbt_bit_union(internal,internal)",
              "objsubid": 0,
              "refobjid": 48696,
              "refclassid": 3079
            },
            {
              "objid": 49181,
              "classid": 1255,
              "deptype": "e",
              "extname": "btree_gist",
              "identity": "public.gbt_bit_same(gbtreekey_var,gbtreekey_var,internal)",
              "objsubid": 0,
              "refobjid": 48696,
              "refclassid": 3079
            },
            {
              "objid": 49214,
              "classid": 1255,
              "deptype": "e",
              "extname": "btree_gist",
              "identity": "public.gbt_inet_consistent(internal,inet,smallint,oid,internal)",
              "objsubid": 0,
              "refobjid": 48696,
              "refclassid": 3079
            },
            {
              "objid": 49215,
              "classid": 1255,
              "deptype": "e",
              "extname": "btree_gist",
              "identity": "public.gbt_inet_compress(internal)",
              "objsubid": 0,
              "refobjid": 48696,
              "refclassid": 3079
            },
            {
              "objid": 49216,
              "classid": 1255,
              "deptype": "e",
              "extname": "btree_gist",
              "identity": "public.gbt_inet_penalty(internal,internal,internal)",
              "objsubid": 0,
              "refobjid": 48696,
              "refclassid": 3079
            },
            {
              "objid": 49217,
              "classid": 1255,
              "deptype": "e",
              "extname": "btree_gist",
              "identity": "public.gbt_inet_picksplit(internal,internal)",
              "objsubid": 0,
              "refobjid": 48696,
              "refclassid": 3079
            },
            {
              "objid": 49218,
              "classid": 1255,
              "deptype": "e",
              "extname": "btree_gist",
              "identity": "public.gbt_inet_union(internal,internal)",
              "objsubid": 0,
              "refobjid": 48696,
              "refclassid": 3079
            },
            {
              "objid": 49219,
              "classid": 1255,
              "deptype": "e",
              "extname": "btree_gist",
              "identity": "public.gbt_inet_same(gbtreekey16,gbtreekey16,internal)",
              "objsubid": 0,
              "refobjid": 48696,
              "refclassid": 3079
            },
            {
              "objid": 49250,
              "classid": 1255,
              "deptype": "e",
              "extname": "btree_gist",
              "identity": "public.gbt_uuid_consistent(internal,uuid,smallint,oid,internal)",
              "objsubid": 0,
              "refobjid": 48696,
              "refclassid": 3079
            },
            {
              "objid": 49251,
              "classid": 1255,
              "deptype": "e",
              "extname": "btree_gist",
              "identity": "public.gbt_uuid_fetch(internal)",
              "objsubid": 0,
              "refobjid": 48696,
              "refclassid": 3079
            },
            {
              "objid": 49252,
              "classid": 1255,
              "deptype": "e",
              "extname": "btree_gist",
              "identity": "public.gbt_uuid_compress(internal)",
              "objsubid": 0,
              "refobjid": 48696,
              "refclassid": 3079
            },
            {
              "objid": 49253,
              "classid": 1255,
              "deptype": "e",
              "extname": "btree_gist",
              "identity": "public.gbt_uuid_penalty(internal,internal,internal)",
              "objsubid": 0,
              "refobjid": 48696,
              "refclassid": 3079
            },
            {
              "objid": 49254,
              "classid": 1255,
              "deptype": "e",
              "extname": "btree_gist",
              "identity": "public.gbt_uuid_picksplit(internal,internal)",
              "objsubid": 0,
              "refobjid": 48696,
              "refclassid": 3079
            },
            {
              "objid": 49255,
              "classid": 1255,
              "deptype": "e",
              "extname": "btree_gist",
              "identity": "public.gbt_uuid_union(internal,internal)",
              "objsubid": 0,
              "refobjid": 48696,
              "refclassid": 3079
            },
            {
              "objid": 49256,
              "classid": 1255,
              "deptype": "e",
              "extname": "btree_gist",
              "identity": "public.gbt_uuid_same(gbtreekey32,gbtreekey32,internal)",
              "objsubid": 0,
              "refobjid": 48696,
              "refclassid": 3079
            },
            {
              "objid": 49273,
              "classid": 1255,
              "deptype": "e",
              "extname": "btree_gist",
              "identity": "public.gbt_macad8_consistent(internal,macaddr8,smallint,oid,internal)",
              "objsubid": 0,
              "refobjid": 48696,
              "refclassid": 3079
            },
            {
              "objid": 49274,
              "classid": 1255,
              "deptype": "e",
              "extname": "btree_gist",
              "identity": "public.gbt_macad8_compress(internal)",
              "objsubid": 0,
              "refobjid": 48696,
              "refclassid": 3079
            },
            {
              "objid": 49275,
              "classid": 1255,
              "deptype": "e",
              "extname": "btree_gist",
              "identity": "public.gbt_macad8_fetch(internal)",
              "objsubid": 0,
              "refobjid": 48696,
              "refclassid": 3079
            },
            {
              "objid": 49276,
              "classid": 1255,
              "deptype": "e",
              "extname": "btree_gist",
              "identity": "public.gbt_macad8_penalty(internal,internal,internal)",
              "objsubid": 0,
              "refobjid": 48696,
              "refclassid": 3079
            },
            {
              "objid": 49277,
              "classid": 1255,
              "deptype": "e",
              "extname": "btree_gist",
              "identity": "public.gbt_macad8_picksplit(internal,internal)",
              "objsubid": 0,
              "refobjid": 48696,
              "refclassid": 3079
            },
            {
              "objid": 49278,
              "classid": 1255,
              "deptype": "e",
              "extname": "btree_gist",
              "identity": "public.gbt_macad8_union(internal,internal)",
              "objsubid": 0,
              "refobjid": 48696,
              "refclassid": 3079
            },
            {
              "objid": 49279,
              "classid": 1255,
              "deptype": "e",
              "extname": "btree_gist",
              "identity": "public.gbt_macad8_same(gbtreekey16,gbtreekey16,internal)",
              "objsubid": 0,
              "refobjid": 48696,
              "refclassid": 3079
            },
            {
              "objid": 49296,
              "classid": 1255,
              "deptype": "e",
              "extname": "btree_gist",
              "identity": "public.gbt_enum_consistent(internal,anyenum,smallint,oid,internal)",
              "objsubid": 0,
              "refobjid": 48696,
              "refclassid": 3079
            },
            {
              "objid": 49297,
              "classid": 1255,
              "deptype": "e",
              "extname": "btree_gist",
              "identity": "public.gbt_enum_compress(internal)",
              "objsubid": 0,
              "refobjid": 48696,
              "refclassid": 3079
            },
            {
              "objid": 49298,
              "classid": 1255,
              "deptype": "e",
              "extname": "btree_gist",
              "identity": "public.gbt_enum_fetch(internal)",
              "objsubid": 0,
              "refobjid": 48696,
              "refclassid": 3079
            },
            {
              "objid": 49299,
              "classid": 1255,
              "deptype": "e",
              "extname": "btree_gist",
              "identity": "public.gbt_enum_penalty(internal,internal,internal)",
              "objsubid": 0,
              "refobjid": 48696,
              "refclassid": 3079
            },
            {
              "objid": 49300,
              "classid": 1255,
              "deptype": "e",
              "extname": "btree_gist",
              "identity": "public.gbt_enum_picksplit(internal,internal)",
              "objsubid": 0,
              "refobjid": 48696,
              "refclassid": 3079
            },
            {
              "objid": 49301,
              "classid": 1255,
              "deptype": "e",
              "extname": "btree_gist",
              "identity": "public.gbt_enum_union(internal,internal)",
              "objsubid": 0,
              "refobjid": 48696,
              "refclassid": 3079
            },
            {
              "objid": 49302,
              "classid": 1255,
              "deptype": "e",
              "extname": "btree_gist",
              "identity": "public.gbt_enum_same(gbtreekey8,gbtreekey8,internal)",
              "objsubid": 0,
              "refobjid": 48696,
              "refclassid": 3079
            },
            {
              "objid": 49320,
              "classid": 1255,
              "deptype": "e",
              "extname": "btree_gist",
              "identity": "public.gbtreekey2_in(cstring)",
              "objsubid": 0,
              "refobjid": 48696,
              "refclassid": 3079
            },
            {
              "objid": 49321,
              "classid": 1255,
              "deptype": "e",
              "extname": "btree_gist",
              "identity": "public.gbtreekey2_out(gbtreekey2)",
              "objsubid": 0,
              "refobjid": 48696,
              "refclassid": 3079
            },
            {
              "objid": 49323,
              "classid": 1255,
              "deptype": "e",
              "extname": "btree_gist",
              "identity": "public.gbt_bool_consistent(internal,boolean,smallint,oid,internal)",
              "objsubid": 0,
              "refobjid": 48696,
              "refclassid": 3079
            },
            {
              "objid": 49324,
              "classid": 1255,
              "deptype": "e",
              "extname": "btree_gist",
              "identity": "public.gbt_bool_compress(internal)",
              "objsubid": 0,
              "refobjid": 48696,
              "refclassid": 3079
            },
            {
              "objid": 49325,
              "classid": 1255,
              "deptype": "e",
              "extname": "btree_gist",
              "identity": "public.gbt_bool_fetch(internal)",
              "objsubid": 0,
              "refobjid": 48696,
              "refclassid": 3079
            },
            {
              "objid": 49326,
              "classid": 1255,
              "deptype": "e",
              "extname": "btree_gist",
              "identity": "public.gbt_bool_penalty(internal,internal,internal)",
              "objsubid": 0,
              "refobjid": 48696,
              "refclassid": 3079
            },
            {
              "objid": 49327,
              "classid": 1255,
              "deptype": "e",
              "extname": "btree_gist",
              "identity": "public.gbt_bool_picksplit(internal,internal)",
              "objsubid": 0,
              "refobjid": 48696,
              "refclassid": 3079
            },
            {
              "objid": 49328,
              "classid": 1255,
              "deptype": "e",
              "extname": "btree_gist",
              "identity": "public.gbt_bool_union(internal,internal)",
              "objsubid": 0,
              "refobjid": 48696,
              "refclassid": 3079
            },
            {
              "objid": 49329,
              "classid": 1255,
              "deptype": "e",
              "extname": "btree_gist",
              "identity": "public.gbt_bool_same(gbtreekey2,gbtreekey2,internal)",
              "objsubid": 0,
              "refobjid": 48696,
              "refclassid": 3079
            },
            {
              "objid": 48753,
              "classid": 2616,
              "deptype": "e",
              "extname": "btree_gist",
              "identity": "48753",
              "objsubid": 0,
              "refobjid": 48696,
              "refclassid": 3079
            },
            {
              "objid": 48779,
              "classid": 2616,
              "deptype": "e",
              "extname": "btree_gist",
              "identity": "48779",
              "objsubid": 0,
              "refobjid": 48696,
              "refclassid": 3079
            },
            {
              "objid": 48805,
              "classid": 2616,
              "deptype": "e",
              "extname": "btree_gist",
              "identity": "48805",
              "objsubid": 0,
              "refobjid": 48696,
              "refclassid": 3079
            },
            {
              "objid": 48831,
              "classid": 2616,
              "deptype": "e",
              "extname": "btree_gist",
              "identity": "48831",
              "objsubid": 0,
              "refobjid": 48696,
              "refclassid": 3079
            },
            {
              "objid": 48857,
              "classid": 2616,
              "deptype": "e",
              "extname": "btree_gist",
              "identity": "48857",
              "objsubid": 0,
              "refobjid": 48696,
              "refclassid": 3079
            },
            {
              "objid": 48883,
              "classid": 2616,
              "deptype": "e",
              "extname": "btree_gist",
              "identity": "48883",
              "objsubid": 0,
              "refobjid": 48696,
              "refclassid": 3079
            },
            {
              "objid": 48912,
              "classid": 2616,
              "deptype": "e",
              "extname": "btree_gist",
              "identity": "48912",
              "objsubid": 0,
              "refobjid": 48696,
              "refclassid": 3079
            },
            {
              "objid": 48930,
              "classid": 2616,
              "deptype": "e",
              "extname": "btree_gist",
              "identity": "48930",
              "objsubid": 0,
              "refobjid": 48696,
              "refclassid": 3079
            },
            {
              "objid": 48958,
              "classid": 2616,
              "deptype": "e",
              "extname": "btree_gist",
              "identity": "48958",
              "objsubid": 0,
              "refobjid": 48696,
              "refclassid": 3079
            },
            {
              "objid": 48976,
              "classid": 2616,
              "deptype": "e",
              "extname": "btree_gist",
              "identity": "48976",
              "objsubid": 0,
              "refobjid": 48696,
              "refclassid": 3079
            },
            {
              "objid": 48999,
              "classid": 2616,
              "deptype": "e",
              "extname": "btree_gist",
              "identity": "48999",
              "objsubid": 0,
              "refobjid": 48696,
              "refclassid": 3079
            },
            {
              "objid": 49026,
              "classid": 2616,
              "deptype": "e",
              "extname": "btree_gist",
              "identity": "49026",
              "objsubid": 0,
              "refobjid": 48696,
              "refclassid": 3079
            },
            {
              "objid": 49052,
              "classid": 2616,
              "deptype": "e",
              "extname": "btree_gist",
              "identity": "49052",
              "objsubid": 0,
              "refobjid": 48696,
              "refclassid": 3079
            },
            {
              "objid": 49077,
              "classid": 2616,
              "deptype": "e",
              "extname": "btree_gist",
              "identity": "49077",
              "objsubid": 0,
              "refobjid": 48696,
              "refclassid": 3079
            },
            {
              "objid": 49101,
              "classid": 2616,
              "deptype": "e",
              "extname": "btree_gist",
              "identity": "49101",
              "objsubid": 0,
              "refobjid": 48696,
              "refclassid": 3079
            },
            {
              "objid": 49117,
              "classid": 2616,
              "deptype": "e",
              "extname": "btree_gist",
              "identity": "49117",
              "objsubid": 0,
              "refobjid": 48696,
              "refclassid": 3079
            },
            {
              "objid": 49139,
              "classid": 2616,
              "deptype": "e",
              "extname": "btree_gist",
              "identity": "49139",
              "objsubid": 0,
              "refobjid": 48696,
              "refclassid": 3079
            },
            {
              "objid": 49161,
              "classid": 2616,
              "deptype": "e",
              "extname": "btree_gist",
              "identity": "49161",
              "objsubid": 0,
              "refobjid": 48696,
              "refclassid": 3079
            },
            {
              "objid": 49183,
              "classid": 2616,
              "deptype": "e",
              "extname": "btree_gist",
              "identity": "49183",
              "objsubid": 0,
              "refobjid": 48696,
              "refclassid": 3079
            },
            {
              "objid": 49199,
              "classid": 2616,
              "deptype": "e",
              "extname": "btree_gist",
              "identity": "49199",
              "objsubid": 0,
              "refobjid": 48696,
              "refclassid": 3079
            },
            {
              "objid": 49221,
              "classid": 2616,
              "deptype": "e",
              "extname": "btree_gist",
              "identity": "49221",
              "objsubid": 0,
              "refobjid": 48696,
              "refclassid": 3079
            },
            {
              "objid": 49236,
              "classid": 2616,
              "deptype": "e",
              "extname": "btree_gist",
              "identity": "49236",
              "objsubid": 0,
              "refobjid": 48696,
              "refclassid": 3079
            },
            {
              "objid": 49258,
              "classid": 2616,
              "deptype": "e",
              "extname": "btree_gist",
              "identity": "49258",
              "objsubid": 0,
              "refobjid": 48696,
              "refclassid": 3079
            },
            {
              "objid": 49281,
              "classid": 2616,
              "deptype": "e",
              "extname": "btree_gist",
              "identity": "49281",
              "objsubid": 0,
              "refobjid": 48696,
              "refclassid": 3079
            },
            {
              "objid": 49304,
              "classid": 2616,
              "deptype": "e",
              "extname": "btree_gist",
              "identity": "49304",
              "objsubid": 0,
              "refobjid": 48696,
              "refclassid": 3079
            },
            {
              "objid": 49331,
              "classid": 2616,
              "deptype": "e",
              "extname": "btree_gist",
              "identity": "49331",
              "objsubid": 0,
              "refobjid": 48696,
              "refclassid": 3079
            },
            {
              "objid": 48718,
              "classid": 2617,
              "deptype": "e",
              "extname": "btree_gist",
              "identity": "48718",
              "objsubid": 0,
              "refobjid": 48696,
              "refclassid": 3079
            },
            {
              "objid": 48720,
              "classid": 2617,
              "deptype": "e",
              "extname": "btree_gist",
              "identity": "48720",
              "objsubid": 0,
              "refobjid": 48696,
              "refclassid": 3079
            },
            {
              "objid": 48722,
              "classid": 2617,
              "deptype": "e",
              "extname": "btree_gist",
              "identity": "48722",
              "objsubid": 0,
              "refobjid": 48696,
              "refclassid": 3079
            },
            {
              "objid": 48724,
              "classid": 2617,
              "deptype": "e",
              "extname": "btree_gist",
              "identity": "48724",
              "objsubid": 0,
              "refobjid": 48696,
              "refclassid": 3079
            },
            {
              "objid": 48726,
              "classid": 2617,
              "deptype": "e",
              "extname": "btree_gist",
              "identity": "48726",
              "objsubid": 0,
              "refobjid": 48696,
              "refclassid": 3079
            },
            {
              "objid": 48728,
              "classid": 2617,
              "deptype": "e",
              "extname": "btree_gist",
              "identity": "48728",
              "objsubid": 0,
              "refobjid": 48696,
              "refclassid": 3079
            },
            {
              "objid": 48730,
              "classid": 2617,
              "deptype": "e",
              "extname": "btree_gist",
              "identity": "48730",
              "objsubid": 0,
              "refobjid": 48696,
              "refclassid": 3079
            },
            {
              "objid": 48732,
              "classid": 2617,
              "deptype": "e",
              "extname": "btree_gist",
              "identity": "48732",
              "objsubid": 0,
              "refobjid": 48696,
              "refclassid": 3079
            },
            {
              "objid": 48734,
              "classid": 2617,
              "deptype": "e",
              "extname": "btree_gist",
              "identity": "48734",
              "objsubid": 0,
              "refobjid": 48696,
              "refclassid": 3079
            },
            {
              "objid": 48736,
              "classid": 2617,
              "deptype": "e",
              "extname": "btree_gist",
              "identity": "48736",
              "objsubid": 0,
              "refobjid": 48696,
              "refclassid": 3079
            },
            {
              "objid": 48738,
              "classid": 2617,
              "deptype": "e",
              "extname": "btree_gist",
              "identity": "48738",
              "objsubid": 0,
              "refobjid": 48696,
              "refclassid": 3079
            },
            {
              "objid": 48740,
              "classid": 2617,
              "deptype": "e",
              "extname": "btree_gist",
              "identity": "48740",
              "objsubid": 0,
              "refobjid": 48696,
              "refclassid": 3079
            },
            {
              "objid": 48752,
              "classid": 2753,
              "deptype": "e",
              "extname": "btree_gist",
              "identity": "48752",
              "objsubid": 0,
              "refobjid": 48696,
              "refclassid": 3079
            },
            {
              "objid": 48778,
              "classid": 2753,
              "deptype": "e",
              "extname": "btree_gist",
              "identity": "48778",
              "objsubid": 0,
              "refobjid": 48696,
              "refclassid": 3079
            },
            {
              "objid": 48804,
              "classid": 2753,
              "deptype": "e",
              "extname": "btree_gist",
              "identity": "48804",
              "objsubid": 0,
              "refobjid": 48696,
              "refclassid": 3079
            },
            {
              "objid": 48830,
              "classid": 2753,
              "deptype": "e",
              "extname": "btree_gist",
              "identity": "48830",
              "objsubid": 0,
              "refobjid": 48696,
              "refclassid": 3079
            },
            {
              "objid": 48856,
              "classid": 2753,
              "deptype": "e",
              "extname": "btree_gist",
              "identity": "48856",
              "objsubid": 0,
              "refobjid": 48696,
              "refclassid": 3079
            },
            {
              "objid": 48882,
              "classid": 2753,
              "deptype": "e",
              "extname": "btree_gist",
              "identity": "48882",
              "objsubid": 0,
              "refobjid": 48696,
              "refclassid": 3079
            },
            {
              "objid": 48911,
              "classid": 2753,
              "deptype": "e",
              "extname": "btree_gist",
              "identity": "48911",
              "objsubid": 0,
              "refobjid": 48696,
              "refclassid": 3079
            },
            {
              "objid": 48929,
              "classid": 2753,
              "deptype": "e",
              "extname": "btree_gist",
              "identity": "48929",
              "objsubid": 0,
              "refobjid": 48696,
              "refclassid": 3079
            },
            {
              "objid": 48957,
              "classid": 2753,
              "deptype": "e",
              "extname": "btree_gist",
              "identity": "48957",
              "objsubid": 0,
              "refobjid": 48696,
              "refclassid": 3079
            },
            {
              "objid": 48975,
              "classid": 2753,
              "deptype": "e",
              "extname": "btree_gist",
              "identity": "48975",
              "objsubid": 0,
              "refobjid": 48696,
              "refclassid": 3079
            },
            {
              "objid": 48998,
              "classid": 2753,
              "deptype": "e",
              "extname": "btree_gist",
              "identity": "48998",
              "objsubid": 0,
              "refobjid": 48696,
              "refclassid": 3079
            },
            {
              "objid": 49025,
              "classid": 2753,
              "deptype": "e",
              "extname": "btree_gist",
              "identity": "49025",
              "objsubid": 0,
              "refobjid": 48696,
              "refclassid": 3079
            },
            {
              "objid": 49051,
              "classid": 2753,
              "deptype": "e",
              "extname": "btree_gist",
              "identity": "49051",
              "objsubid": 0,
              "refobjid": 48696,
              "refclassid": 3079
            },
            {
              "objid": 49076,
              "classid": 2753,
              "deptype": "e",
              "extname": "btree_gist",
              "identity": "49076",
              "objsubid": 0,
              "refobjid": 48696,
              "refclassid": 3079
            },
            {
              "objid": 49100,
              "classid": 2753,
              "deptype": "e",
              "extname": "btree_gist",
              "identity": "49100",
              "objsubid": 0,
              "refobjid": 48696,
              "refclassid": 3079
            },
            {
              "objid": 49116,
              "classid": 2753,
              "deptype": "e",
              "extname": "btree_gist",
              "identity": "49116",
              "objsubid": 0,
              "refobjid": 48696,
              "refclassid": 3079
            },
            {
              "objid": 49138,
              "classid": 2753,
              "deptype": "e",
              "extname": "btree_gist",
              "identity": "49138",
              "objsubid": 0,
              "refobjid": 48696,
              "refclassid": 3079
            },
            {
              "objid": 49160,
              "classid": 2753,
              "deptype": "e",
              "extname": "btree_gist",
              "identity": "49160",
              "objsubid": 0,
              "refobjid": 48696,
              "refclassid": 3079
            },
            {
              "objid": 49182,
              "classid": 2753,
              "deptype": "e",
              "extname": "btree_gist",
              "identity": "49182",
              "objsubid": 0,
              "refobjid": 48696,
              "refclassid": 3079
            },
            {
              "objid": 49198,
              "classid": 2753,
              "deptype": "e",
              "extname": "btree_gist",
              "identity": "49198",
              "objsubid": 0,
              "refobjid": 48696,
              "refclassid": 3079
            },
            {
              "objid": 49220,
              "classid": 2753,
              "deptype": "e",
              "extname": "btree_gist",
              "identity": "49220",
              "objsubid": 0,
              "refobjid": 48696,
              "refclassid": 3079
            },
            {
              "objid": 49235,
              "classid": 2753,
              "deptype": "e",
              "extname": "btree_gist",
              "identity": "49235",
              "objsubid": 0,
              "refobjid": 48696,
              "refclassid": 3079
            },
            {
              "objid": 49257,
              "classid": 2753,
              "deptype": "e",
              "extname": "btree_gist",
              "identity": "49257",
              "objsubid": 0,
              "refobjid": 48696,
              "refclassid": 3079
            },
            {
              "objid": 49280,
              "classid": 2753,
              "deptype": "e",
              "extname": "btree_gist",
              "identity": "49280",
              "objsubid": 0,
              "refobjid": 48696,
              "refclassid": 3079
            },
            {
              "objid": 49303,
              "classid": 2753,
              "deptype": "e",
              "extname": "btree_gist",
              "identity": "49303",
              "objsubid": 0,
              "refobjid": 48696,
              "refclassid": 3079
            },
            {
              "objid": 49330,
              "classid": 2753,
              "deptype": "e",
              "extname": "btree_gist",
              "identity": "49330",
              "objsubid": 0,
              "refobjid": 48696,
              "refclassid": 3079
            }
          ]
        },
        "afterReset": {
          "extensionPresent": true,
          "memberCount": 264,
          "identities": [
            "48718",
            "48720",
            "48722",
            "48724",
            "48726",
            "48728",
            "48730",
            "48732",
            "48734",
            "48736",
            "48738",
            "48740",
            "48752",
            "48753",
            "48778",
            "48779",
            "48804",
            "48805",
            "48830",
            "48831",
            "48856",
            "48857",
            "48882",
            "48883",
            "48911",
            "48912",
            "48929",
            "48930",
            "48957",
            "48958",
            "48975",
            "48976",
            "48998",
            "48999",
            "49025",
            "49026",
            "49051",
            "49052",
            "49076",
            "49077",
            "49100",
            "49101",
            "49116",
            "49117",
            "49138",
            "49139",
            "49160",
            "49161",
            "49182",
            "49183",
            "49198",
            "49199",
            "49220",
            "49221",
            "49235",
            "49236",
            "49257",
            "49258",
            "49280",
            "49281",
            "49303",
            "49304",
            "49330",
            "49331",
            "public._gbtreekey16",
            "public._gbtreekey2",
            "public._gbtreekey32",
            "public._gbtreekey4",
            "public._gbtreekey8",
            "public._gbtreekey_var",
            "public.cash_dist(money,money)",
            "public.date_dist(date,date)",
            "public.float4_dist(real,real)",
            "public.float8_dist(double precision,double precision)",
            "public.gbt_bit_compress(internal)",
            "public.gbt_bit_consistent(internal,bit,smallint,oid,internal)",
            "public.gbt_bit_penalty(internal,internal,internal)",
            "public.gbt_bit_picksplit(internal,internal)",
            "public.gbt_bit_same(gbtreekey_var,gbtreekey_var,internal)",
            "public.gbt_bit_union(internal,internal)",
            "public.gbt_bool_compress(internal)",
            "public.gbt_bool_consistent(internal,boolean,smallint,oid,internal)",
            "public.gbt_bool_fetch(internal)",
            "public.gbt_bool_penalty(internal,internal,internal)",
            "public.gbt_bool_picksplit(internal,internal)",
            "public.gbt_bool_same(gbtreekey2,gbtreekey2,internal)",
            "public.gbt_bool_union(internal,internal)",
            "public.gbt_bpchar_compress(internal)",
            "public.gbt_bpchar_consistent(internal,character,smallint,oid,internal)",
            "public.gbt_bytea_compress(internal)",
            "public.gbt_bytea_consistent(internal,bytea,smallint,oid,internal)",
            "public.gbt_bytea_penalty(internal,internal,internal)",
            "public.gbt_bytea_picksplit(internal,internal)",
            "public.gbt_bytea_same(gbtreekey_var,gbtreekey_var,internal)",
            "public.gbt_bytea_union(internal,internal)",
            "public.gbt_cash_compress(internal)",
            "public.gbt_cash_consistent(internal,money,smallint,oid,internal)",
            "public.gbt_cash_distance(internal,money,smallint,oid,internal)",
            "public.gbt_cash_fetch(internal)",
            "public.gbt_cash_penalty(internal,internal,internal)",
            "public.gbt_cash_picksplit(internal,internal)",
            "public.gbt_cash_same(gbtreekey16,gbtreekey16,internal)",
            "public.gbt_cash_union(internal,internal)",
            "public.gbt_date_compress(internal)",
            "public.gbt_date_consistent(internal,date,smallint,oid,internal)",
            "public.gbt_date_distance(internal,date,smallint,oid,internal)",
            "public.gbt_date_fetch(internal)",
            "public.gbt_date_penalty(internal,internal,internal)",
            "public.gbt_date_picksplit(internal,internal)",
            "public.gbt_date_same(gbtreekey8,gbtreekey8,internal)",
            "public.gbt_date_union(internal,internal)",
            "public.gbt_decompress(internal)",
            "public.gbt_enum_compress(internal)",
            "public.gbt_enum_consistent(internal,anyenum,smallint,oid,internal)",
            "public.gbt_enum_fetch(internal)",
            "public.gbt_enum_penalty(internal,internal,internal)",
            "public.gbt_enum_picksplit(internal,internal)",
            "public.gbt_enum_same(gbtreekey8,gbtreekey8,internal)",
            "public.gbt_enum_union(internal,internal)",
            "public.gbt_float4_compress(internal)",
            "public.gbt_float4_consistent(internal,real,smallint,oid,internal)",
            "public.gbt_float4_distance(internal,real,smallint,oid,internal)",
            "public.gbt_float4_fetch(internal)",
            "public.gbt_float4_penalty(internal,internal,internal)",
            "public.gbt_float4_picksplit(internal,internal)",
            "public.gbt_float4_same(gbtreekey8,gbtreekey8,internal)",
            "public.gbt_float4_union(internal,internal)",
            "public.gbt_float8_compress(internal)",
            "public.gbt_float8_consistent(internal,double precision,smallint,oid,internal)",
            "public.gbt_float8_distance(internal,double precision,smallint,oid,internal)",
            "public.gbt_float8_fetch(internal)",
            "public.gbt_float8_penalty(internal,internal,internal)",
            "public.gbt_float8_picksplit(internal,internal)",
            "public.gbt_float8_same(gbtreekey16,gbtreekey16,internal)",
            "public.gbt_float8_union(internal,internal)",
            "public.gbt_inet_compress(internal)",
            "public.gbt_inet_consistent(internal,inet,smallint,oid,internal)",
            "public.gbt_inet_penalty(internal,internal,internal)",
            "public.gbt_inet_picksplit(internal,internal)",
            "public.gbt_inet_same(gbtreekey16,gbtreekey16,internal)",
            "public.gbt_inet_union(internal,internal)",
            "public.gbt_int2_compress(internal)",
            "public.gbt_int2_consistent(internal,smallint,smallint,oid,internal)",
            "public.gbt_int2_distance(internal,smallint,smallint,oid,internal)",
            "public.gbt_int2_fetch(internal)",
            "public.gbt_int2_penalty(internal,internal,internal)",
            "public.gbt_int2_picksplit(internal,internal)",
            "public.gbt_int2_same(gbtreekey4,gbtreekey4,internal)",
            "public.gbt_int2_union(internal,internal)",
            "public.gbt_int4_compress(internal)",
            "public.gbt_int4_consistent(internal,integer,smallint,oid,internal)",
            "public.gbt_int4_distance(internal,integer,smallint,oid,internal)",
            "public.gbt_int4_fetch(internal)",
            "public.gbt_int4_penalty(internal,internal,internal)",
            "public.gbt_int4_picksplit(internal,internal)",
            "public.gbt_int4_same(gbtreekey8,gbtreekey8,internal)",
            "public.gbt_int4_union(internal,internal)",
            "public.gbt_int8_compress(internal)",
            "public.gbt_int8_consistent(internal,bigint,smallint,oid,internal)",
            "public.gbt_int8_distance(internal,bigint,smallint,oid,internal)",
            "public.gbt_int8_fetch(internal)",
            "public.gbt_int8_penalty(internal,internal,internal)",
            "public.gbt_int8_picksplit(internal,internal)",
            "public.gbt_int8_same(gbtreekey16,gbtreekey16,internal)",
            "public.gbt_int8_union(internal,internal)",
            "public.gbt_intv_compress(internal)",
            "public.gbt_intv_consistent(internal,interval,smallint,oid,internal)",
            "public.gbt_intv_decompress(internal)",
            "public.gbt_intv_distance(internal,interval,smallint,oid,internal)",
            "public.gbt_intv_fetch(internal)",
            "public.gbt_intv_penalty(internal,internal,internal)",
            "public.gbt_intv_picksplit(internal,internal)",
            "public.gbt_intv_same(gbtreekey32,gbtreekey32,internal)",
            "public.gbt_intv_union(internal,internal)",
            "public.gbt_macad8_compress(internal)",
            "public.gbt_macad8_consistent(internal,macaddr8,smallint,oid,internal)",
            "public.gbt_macad8_fetch(internal)",
            "public.gbt_macad8_penalty(internal,internal,internal)",
            "public.gbt_macad8_picksplit(internal,internal)",
            "public.gbt_macad8_same(gbtreekey16,gbtreekey16,internal)",
            "public.gbt_macad8_union(internal,internal)",
            "public.gbt_macad_compress(internal)",
            "public.gbt_macad_consistent(internal,macaddr,smallint,oid,internal)",
            "public.gbt_macad_fetch(internal)",
            "public.gbt_macad_penalty(internal,internal,internal)",
            "public.gbt_macad_picksplit(internal,internal)",
            "public.gbt_macad_same(gbtreekey16,gbtreekey16,internal)",
            "public.gbt_macad_union(internal,internal)",
            "public.gbt_numeric_compress(internal)",
            "public.gbt_numeric_consistent(internal,numeric,smallint,oid,internal)",
            "public.gbt_numeric_penalty(internal,internal,internal)",
            "public.gbt_numeric_picksplit(internal,internal)",
            "public.gbt_numeric_same(gbtreekey_var,gbtreekey_var,internal)",
            "public.gbt_numeric_union(internal,internal)",
            "public.gbt_oid_compress(internal)",
            "public.gbt_oid_consistent(internal,oid,smallint,oid,internal)",
            "public.gbt_oid_distance(internal,oid,smallint,oid,internal)",
            "public.gbt_oid_fetch(internal)",
            "public.gbt_oid_penalty(internal,internal,internal)",
            "public.gbt_oid_picksplit(internal,internal)",
            "public.gbt_oid_same(gbtreekey8,gbtreekey8,internal)",
            "public.gbt_oid_union(internal,internal)",
            "public.gbt_text_compress(internal)",
            "public.gbt_text_consistent(internal,text,smallint,oid,internal)",
            "public.gbt_text_penalty(internal,internal,internal)",
            "public.gbt_text_picksplit(internal,internal)",
            "public.gbt_text_same(gbtreekey_var,gbtreekey_var,internal)",
            "public.gbt_text_union(internal,internal)",
            "public.gbt_time_compress(internal)",
            "public.gbt_time_consistent(internal,time without time zone,smallint,oid,internal)",
            "public.gbt_time_distance(internal,time without time zone,smallint,oid,internal)",
            "public.gbt_time_fetch(internal)",
            "public.gbt_time_penalty(internal,internal,internal)",
            "public.gbt_time_picksplit(internal,internal)",
            "public.gbt_time_same(gbtreekey16,gbtreekey16,internal)",
            "public.gbt_time_union(internal,internal)",
            "public.gbt_timetz_compress(internal)",
            "public.gbt_timetz_consistent(internal,time with time zone,smallint,oid,internal)",
            "public.gbt_ts_compress(internal)",
            "public.gbt_ts_consistent(internal,timestamp without time zone,smallint,oid,internal)",
            "public.gbt_ts_distance(internal,timestamp without time zone,smallint,oid,internal)",
            "public.gbt_ts_fetch(internal)",
            "public.gbt_ts_penalty(internal,internal,internal)",
            "public.gbt_ts_picksplit(internal,internal)",
            "public.gbt_ts_same(gbtreekey16,gbtreekey16,internal)",
            "public.gbt_ts_union(internal,internal)",
            "public.gbt_tstz_compress(internal)",
            "public.gbt_tstz_consistent(internal,timestamp with time zone,smallint,oid,internal)",
            "public.gbt_tstz_distance(internal,timestamp with time zone,smallint,oid,internal)",
            "public.gbt_uuid_compress(internal)",
            "public.gbt_uuid_consistent(internal,uuid,smallint,oid,internal)",
            "public.gbt_uuid_fetch(internal)",
            "public.gbt_uuid_penalty(internal,internal,internal)",
            "public.gbt_uuid_picksplit(internal,internal)",
            "public.gbt_uuid_same(gbtreekey32,gbtreekey32,internal)",
            "public.gbt_uuid_union(internal,internal)",
            "public.gbt_var_decompress(internal)",
            "public.gbt_var_fetch(internal)",
            "public.gbtreekey16",
            "public.gbtreekey16_in(cstring)",
            "public.gbtreekey16_out(gbtreekey16)",
            "public.gbtreekey2",
            "public.gbtreekey2_in(cstring)",
            "public.gbtreekey2_out(gbtreekey2)",
            "public.gbtreekey32",
            "public.gbtreekey32_in(cstring)",
            "public.gbtreekey32_out(gbtreekey32)",
            "public.gbtreekey4",
            "public.gbtreekey4_in(cstring)",
            "public.gbtreekey4_out(gbtreekey4)",
            "public.gbtreekey8",
            "public.gbtreekey8_in(cstring)",
            "public.gbtreekey8_out(gbtreekey8)",
            "public.gbtreekey_var",
            "public.gbtreekey_var_in(cstring)",
            "public.gbtreekey_var_out(gbtreekey_var)",
            "public.int2_dist(smallint,smallint)",
            "public.int4_dist(integer,integer)",
            "public.int8_dist(bigint,bigint)",
            "public.interval_dist(interval,interval)",
            "public.oid_dist(oid,oid)",
            "public.time_dist(time without time zone,time without time zone)",
            "public.ts_dist(timestamp without time zone,timestamp without time zone)",
            "public.tstz_dist(timestamp with time zone,timestamp with time zone)"
          ],
          "tuples": [
            {
              "objid": 48697,
              "classid": 1247,
              "deptype": "e",
              "extname": "btree_gist",
              "identity": "public.gbtreekey4",
              "objsubid": 0,
              "refobjid": 48696,
              "refclassid": 3079
            },
            {
              "objid": 48700,
              "classid": 1247,
              "deptype": "e",
              "extname": "btree_gist",
              "identity": "public._gbtreekey4",
              "objsubid": 0,
              "refobjid": 48696,
              "refclassid": 3079
            },
            {
              "objid": 48701,
              "classid": 1247,
              "deptype": "e",
              "extname": "btree_gist",
              "identity": "public.gbtreekey8",
              "objsubid": 0,
              "refobjid": 48696,
              "refclassid": 3079
            },
            {
              "objid": 48704,
              "classid": 1247,
              "deptype": "e",
              "extname": "btree_gist",
              "identity": "public._gbtreekey8",
              "objsubid": 0,
              "refobjid": 48696,
              "refclassid": 3079
            },
            {
              "objid": 48705,
              "classid": 1247,
              "deptype": "e",
              "extname": "btree_gist",
              "identity": "public.gbtreekey16",
              "objsubid": 0,
              "refobjid": 48696,
              "refclassid": 3079
            },
            {
              "objid": 48708,
              "classid": 1247,
              "deptype": "e",
              "extname": "btree_gist",
              "identity": "public._gbtreekey16",
              "objsubid": 0,
              "refobjid": 48696,
              "refclassid": 3079
            },
            {
              "objid": 48709,
              "classid": 1247,
              "deptype": "e",
              "extname": "btree_gist",
              "identity": "public.gbtreekey32",
              "objsubid": 0,
              "refobjid": 48696,
              "refclassid": 3079
            },
            {
              "objid": 48712,
              "classid": 1247,
              "deptype": "e",
              "extname": "btree_gist",
              "identity": "public._gbtreekey32",
              "objsubid": 0,
              "refobjid": 48696,
              "refclassid": 3079
            },
            {
              "objid": 48713,
              "classid": 1247,
              "deptype": "e",
              "extname": "btree_gist",
              "identity": "public.gbtreekey_var",
              "objsubid": 0,
              "refobjid": 48696,
              "refclassid": 3079
            },
            {
              "objid": 48716,
              "classid": 1247,
              "deptype": "e",
              "extname": "btree_gist",
              "identity": "public._gbtreekey_var",
              "objsubid": 0,
              "refobjid": 48696,
              "refclassid": 3079
            },
            {
              "objid": 49319,
              "classid": 1247,
              "deptype": "e",
              "extname": "btree_gist",
              "identity": "public.gbtreekey2",
              "objsubid": 0,
              "refobjid": 48696,
              "refclassid": 3079
            },
            {
              "objid": 49322,
              "classid": 1247,
              "deptype": "e",
              "extname": "btree_gist",
              "identity": "public._gbtreekey2",
              "objsubid": 0,
              "refobjid": 48696,
              "refclassid": 3079
            },
            {
              "objid": 48698,
              "classid": 1255,
              "deptype": "e",
              "extname": "btree_gist",
              "identity": "public.gbtreekey4_in(cstring)",
              "objsubid": 0,
              "refobjid": 48696,
              "refclassid": 3079
            },
            {
              "objid": 48699,
              "classid": 1255,
              "deptype": "e",
              "extname": "btree_gist",
              "identity": "public.gbtreekey4_out(gbtreekey4)",
              "objsubid": 0,
              "refobjid": 48696,
              "refclassid": 3079
            },
            {
              "objid": 48702,
              "classid": 1255,
              "deptype": "e",
              "extname": "btree_gist",
              "identity": "public.gbtreekey8_in(cstring)",
              "objsubid": 0,
              "refobjid": 48696,
              "refclassid": 3079
            },
            {
              "objid": 48703,
              "classid": 1255,
              "deptype": "e",
              "extname": "btree_gist",
              "identity": "public.gbtreekey8_out(gbtreekey8)",
              "objsubid": 0,
              "refobjid": 48696,
              "refclassid": 3079
            },
            {
              "objid": 48706,
              "classid": 1255,
              "deptype": "e",
              "extname": "btree_gist",
              "identity": "public.gbtreekey16_in(cstring)",
              "objsubid": 0,
              "refobjid": 48696,
              "refclassid": 3079
            },
            {
              "objid": 48707,
              "classid": 1255,
              "deptype": "e",
              "extname": "btree_gist",
              "identity": "public.gbtreekey16_out(gbtreekey16)",
              "objsubid": 0,
              "refobjid": 48696,
              "refclassid": 3079
            },
            {
              "objid": 48710,
              "classid": 1255,
              "deptype": "e",
              "extname": "btree_gist",
              "identity": "public.gbtreekey32_in(cstring)",
              "objsubid": 0,
              "refobjid": 48696,
              "refclassid": 3079
            },
            {
              "objid": 48711,
              "classid": 1255,
              "deptype": "e",
              "extname": "btree_gist",
              "identity": "public.gbtreekey32_out(gbtreekey32)",
              "objsubid": 0,
              "refobjid": 48696,
              "refclassid": 3079
            },
            {
              "objid": 48714,
              "classid": 1255,
              "deptype": "e",
              "extname": "btree_gist",
              "identity": "public.gbtreekey_var_in(cstring)",
              "objsubid": 0,
              "refobjid": 48696,
              "refclassid": 3079
            },
            {
              "objid": 48715,
              "classid": 1255,
              "deptype": "e",
              "extname": "btree_gist",
              "identity": "public.gbtreekey_var_out(gbtreekey_var)",
              "objsubid": 0,
              "refobjid": 48696,
              "refclassid": 3079
            },
            {
              "objid": 48717,
              "classid": 1255,
              "deptype": "e",
              "extname": "btree_gist",
              "identity": "public.cash_dist(money,money)",
              "objsubid": 0,
              "refobjid": 48696,
              "refclassid": 3079
            },
            {
              "objid": 48719,
              "classid": 1255,
              "deptype": "e",
              "extname": "btree_gist",
              "identity": "public.date_dist(date,date)",
              "objsubid": 0,
              "refobjid": 48696,
              "refclassid": 3079
            },
            {
              "objid": 48721,
              "classid": 1255,
              "deptype": "e",
              "extname": "btree_gist",
              "identity": "public.float4_dist(real,real)",
              "objsubid": 0,
              "refobjid": 48696,
              "refclassid": 3079
            },
            {
              "objid": 48723,
              "classid": 1255,
              "deptype": "e",
              "extname": "btree_gist",
              "identity": "public.float8_dist(double precision,double precision)",
              "objsubid": 0,
              "refobjid": 48696,
              "refclassid": 3079
            },
            {
              "objid": 48725,
              "classid": 1255,
              "deptype": "e",
              "extname": "btree_gist",
              "identity": "public.int2_dist(smallint,smallint)",
              "objsubid": 0,
              "refobjid": 48696,
              "refclassid": 3079
            },
            {
              "objid": 48727,
              "classid": 1255,
              "deptype": "e",
              "extname": "btree_gist",
              "identity": "public.int4_dist(integer,integer)",
              "objsubid": 0,
              "refobjid": 48696,
              "refclassid": 3079
            },
            {
              "objid": 48729,
              "classid": 1255,
              "deptype": "e",
              "extname": "btree_gist",
              "identity": "public.int8_dist(bigint,bigint)",
              "objsubid": 0,
              "refobjid": 48696,
              "refclassid": 3079
            },
            {
              "objid": 48731,
              "classid": 1255,
              "deptype": "e",
              "extname": "btree_gist",
              "identity": "public.interval_dist(interval,interval)",
              "objsubid": 0,
              "refobjid": 48696,
              "refclassid": 3079
            },
            {
              "objid": 48733,
              "classid": 1255,
              "deptype": "e",
              "extname": "btree_gist",
              "identity": "public.oid_dist(oid,oid)",
              "objsubid": 0,
              "refobjid": 48696,
              "refclassid": 3079
            },
            {
              "objid": 48735,
              "classid": 1255,
              "deptype": "e",
              "extname": "btree_gist",
              "identity": "public.time_dist(time without time zone,time without time zone)",
              "objsubid": 0,
              "refobjid": 48696,
              "refclassid": 3079
            },
            {
              "objid": 48737,
              "classid": 1255,
              "deptype": "e",
              "extname": "btree_gist",
              "identity": "public.ts_dist(timestamp without time zone,timestamp without time zone)",
              "objsubid": 0,
              "refobjid": 48696,
              "refclassid": 3079
            },
            {
              "objid": 48739,
              "classid": 1255,
              "deptype": "e",
              "extname": "btree_gist",
              "identity": "public.tstz_dist(timestamp with time zone,timestamp with time zone)",
              "objsubid": 0,
              "refobjid": 48696,
              "refclassid": 3079
            },
            {
              "objid": 48741,
              "classid": 1255,
              "deptype": "e",
              "extname": "btree_gist",
              "identity": "public.gbt_oid_consistent(internal,oid,smallint,oid,internal)",
              "objsubid": 0,
              "refobjid": 48696,
              "refclassid": 3079
            },
            {
              "objid": 48742,
              "classid": 1255,
              "deptype": "e",
              "extname": "btree_gist",
              "identity": "public.gbt_oid_distance(internal,oid,smallint,oid,internal)",
              "objsubid": 0,
              "refobjid": 48696,
              "refclassid": 3079
            },
            {
              "objid": 48743,
              "classid": 1255,
              "deptype": "e",
              "extname": "btree_gist",
              "identity": "public.gbt_oid_fetch(internal)",
              "objsubid": 0,
              "refobjid": 48696,
              "refclassid": 3079
            },
            {
              "objid": 48744,
              "classid": 1255,
              "deptype": "e",
              "extname": "btree_gist",
              "identity": "public.gbt_oid_compress(internal)",
              "objsubid": 0,
              "refobjid": 48696,
              "refclassid": 3079
            },
            {
              "objid": 48745,
              "classid": 1255,
              "deptype": "e",
              "extname": "btree_gist",
              "identity": "public.gbt_decompress(internal)",
              "objsubid": 0,
              "refobjid": 48696,
              "refclassid": 3079
            },
            {
              "objid": 48746,
              "classid": 1255,
              "deptype": "e",
              "extname": "btree_gist",
              "identity": "public.gbt_var_decompress(internal)",
              "objsubid": 0,
              "refobjid": 48696,
              "refclassid": 3079
            },
            {
              "objid": 48747,
              "classid": 1255,
              "deptype": "e",
              "extname": "btree_gist",
              "identity": "public.gbt_var_fetch(internal)",
              "objsubid": 0,
              "refobjid": 48696,
              "refclassid": 3079
            },
            {
              "objid": 48748,
              "classid": 1255,
              "deptype": "e",
              "extname": "btree_gist",
              "identity": "public.gbt_oid_penalty(internal,internal,internal)",
              "objsubid": 0,
              "refobjid": 48696,
              "refclassid": 3079
            },
            {
              "objid": 48749,
              "classid": 1255,
              "deptype": "e",
              "extname": "btree_gist",
              "identity": "public.gbt_oid_picksplit(internal,internal)",
              "objsubid": 0,
              "refobjid": 48696,
              "refclassid": 3079
            },
            {
              "objid": 48750,
              "classid": 1255,
              "deptype": "e",
              "extname": "btree_gist",
              "identity
Connecting to remote database...
Do you want to push these migrations to the remote database?
 • 20260913173000_f3_bounded_financial_epoch_foundation.sql
 [Y/n] y
Applying migration 20260913173000_f3_bounded_financial_epoch_foundation.sql...
ERROR: F3_DBPUSH_DISPOSABLE_HISTORY_INJECT: blocked INSERT for version 20260913173000 name f3_bounded_financial_epoch_foundation (SQLSTATE P0001)
At statement: 28
INSERT INTO supabase_migrations.schema_migrations(version, name, statements) VALUES($1, $2, $3)
Try rerunning the command with --debug to troubleshoot the error.
