{
  "schema": "f18-qualification-reset-local-proof-v1",
  "label": "F19 LOCAL CORRECTION CANDIDATE — AWAITING QA / LOCAL TX PROOF",
  "helper": "scripts/prove-f3-qualification-reset-local.mjs",
  "hostedIdentityProof": false,
  "disposableContact": false,
  "productionContact": false,
  "wipeRejectionCode": "F3_WIPE_FORBIDDEN_FOR_STUB_LIVE_PIN_AUTH",
  "mustLocal": false,
  "localPg": {
    "available": true,
    "reason": null,
    "classification": "LOCAL_PG_EXECUTED",
    "serverVersion": "17.11 (Ubuntu 17.11-1.pgdg24.04+2)"
  },
  "distinctions": {
    "checks": 33,
    "scenarios": 14,
    "executedTransactions": 11
  },
  "completeThrough00123": false,
  "migrationsAppliedThrough00123": true,
  "documentedAtomicRollbackHold": true,
  "localApplicationComplete": false,
  "faultInjectionSafetyPass": true,
  "applicationRemainingHold": "F23_FINGERPRINT_MISMATCH",
  "faultInjectionHold": "F22_LOCAL_CLI_ATOMIC_ROLLBACK_REPAIR_REFUSED",
  "remainingHold": "F23_FINGERPRINT_MISMATCH",
  "combinedAcceptanceRejected": true,
  "repairCoverage": {
    "freshlyExercised": "F22 fault-injection: induced history failure classified PRE_COMMIT_OR_ATOMIC_ROLLBACK; repair-safety gate refused repair; repairCalls=0",
    "inheritedAcceptedEvidence": "F22 HOLD PACKAGE ACCEPT for F22_LOCAL_CLI_ATOMIC_ROLLBACK_REPAIR_REFUSED as historical authenticated negative test",
    "unexercised": "post-commit filename-version repair after objects remain; hosted split where SQL commits and history INSERT fails",
    "mandatoryUnderApprovedContract": true,
    "promotedNotExercisedToPass": false,
    "remainingFounderDecision": "Whether a hosted filename-version split (objects remain after inject) can be authorized. Local CLI atomic rollback cannot satisfy post-commit repair. Do not mark unapplied SQL applied or manufacture committed objects."
  },
  "cases": [
    {
      "id": "WIPE_STILL_REJECTED",
      "kind": "check",
      "ok": true,
      "capture": null,
      "resetApply": null,
      "sql": null,
      "observedPhase": null,
      "commit": null,
      "rollback": null,
      "replay": false,
      "code": "F3_WIPE_FORBIDDEN_FOR_STUB_LIVE_PIN_AUTH",
      "verdict": null,
      "executedTransaction": false,
      "note": null,
      "captureCalls": null,
      "transportCalls": null,
      "applyCalls": null,
      "sqlCalls": null,
      "mutationPhaseReached": false,
      "processStatus": null,
      "signal": null,
      "timeout": null,
      "thrown": false,
      "structuredError": null,
      "streams": null,
      "stdout": null,
      "stderr": null,
      "lockWaitObserved": null,
      "lockSamples": null,
      "preResetCommittedDrift": null,
      "interleaving": null,
      "backendBoundLock": null,
      "holderCommitted": null,
      "holderResult": null,
      "timedOut": null,
      "status": null,
      "appliedSqlIdentity": null,
      "reparseAttestation": null
    },
    {
      "id": "F23_OUTCOMES_NOT_COMBINED_OR",
      "kind": "check",
      "ok": true,
      "capture": null,
      "resetApply": null,
      "sql": null,
      "observedPhase": null,
      "commit": null,
      "rollback": null,
      "replay": false,
      "code": null,
      "verdict": null,
      "executedTransaction": false,
      "note": "completeThrough00123 and documentedAtomicRollbackHold are separately reported; neither OR-satisfies the other",
      "captureCalls": null,
      "transportCalls": null,
      "applyCalls": null,
      "sqlCalls": null,
      "mutationPhaseReached": false,
      "processStatus": null,
      "signal": null,
      "timeout": null,
      "thrown": false,
      "structuredError": null,
      "streams": null,
      "stdout": null,
      "stderr": null,
      "lockWaitObserved": null,
      "lockSamples": null,
      "preResetCommittedDrift": null,
      "interleaving": null,
      "backendBoundLock": null,
      "holderCommitted": null,
      "holderResult": null,
      "timedOut": null,
      "status": null,
      "appliedSqlIdentity": null,
      "reparseAttestation": null,
      "completeThrough00123": null,
      "documentedAtomicRollbackHold": null,
      "combinedAcceptanceRejected": true
    },
    {
      "id": "INVENTORY_PSQL_ARGV_MACHINE_READABLE",
      "kind": "check",
      "ok": true,
      "capture": null,
      "resetApply": null,
      "sql": true,
      "observedPhase": null,
      "commit": null,
      "rollback": null,
      "replay": false,
      "code": null,
      "verdict": null,
      "executedTransaction": false,
      "note": null,
      "captureCalls": null,
      "transportCalls": null,
      "applyCalls": null,
      "sqlCalls": true,
      "mutationPhaseReached": false,
      "processStatus": null,
      "signal": null,
      "timeout": null,
      "thrown": false,
      "structuredError": null,
      "streams": null,
      "stdout": null,
      "stderr": null,
      "lockWaitObserved": null,
      "lockSamples": null,
      "preResetCommittedDrift": null,
      "interleaving": null,
      "backendBoundLock": null,
      "holderCommitted": null,
      "holderResult": null,
      "timedOut": null,
      "status": null,
      "appliedSqlIdentity": null,
      "reparseAttestation": null
    },
    {
      "id": "ALIGNED_FRAMING_REJECTED",
      "kind": "check",
      "ok": true,
      "capture": "rejected",
      "resetApply": null,
      "sql": null,
      "observedPhase": null,
      "commit": null,
      "rollback": null,
      "replay": false,
      "code": "F13_INVENTORY_CAPTURE_FRAMING",
      "verdict": null,
      "executedTransaction": false,
      "note": null,
      "captureCalls": null,
      "transportCalls": null,
      "applyCalls": null,
      "sqlCalls": null,
      "mutationPhaseReached": false,
      "processStatus": null,
      "signal": null,
      "timeout": null,
      "thrown": false,
      "structuredError": null,
      "streams": null,
      "stdout": null,
      "stderr": null,
      "lockWaitObserved": null,
      "lockSamples": null,
      "preResetCommittedDrift": null,
      "interleaving": null,
      "backendBoundLock": null,
      "holderCommitted": null,
      "holderResult": null,
      "timedOut": null,
      "status": null,
      "appliedSqlIdentity": null,
      "reparseAttestation": null
    },
    {
      "id": "FUNCTION_IDENTITY_NAMED_ARGS",
      "kind": "check",
      "ok": true,
      "capture": null,
      "resetApply": null,
      "sql": true,
      "observedPhase": null,
      "commit": null,
      "rollback": null,
      "replay": false,
      "code": null,
      "verdict": null,
      "executedTransaction": false,
      "note": null,
      "captureCalls": null,
      "transportCalls": null,
      "applyCalls": null,
      "sqlCalls": true,
      "mutationPhaseReached": false,
      "processStatus": null,
      "signal": null,
      "timeout": null,
      "thrown": false,
      "structuredError": null,
      "streams": null,
      "stdout": null,
      "stderr": null,
      "lockWaitObserved": null,
      "lockSamples": null,
      "preResetCommittedDrift": null,
      "interleaving": null,
      "backendBoundLock": null,
      "holderCommitted": null,
      "holderResult": null,
      "timedOut": null,
      "status": null,
      "appliedSqlIdentity": null,
      "reparseAttestation": null
    },
    {
      "id": "UNEXPECTED_OBJECT_BLOCKS",
      "kind": "check",
      "ok": true,
      "capture": null,
      "resetApply": null,
      "sql": null,
      "observedPhase": null,
      "commit": null,
      "rollback": null,
      "replay": false,
      "code": "F13_UNEXPECTED_OBJECT_OR_DEPENDENCY",
      "verdict": null,
      "executedTransaction": false,
      "note": null,
      "captureCalls": null,
      "transportCalls": null,
      "applyCalls": null,
      "sqlCalls": null,
      "mutationPhaseReached": false,
      "processStatus": null,
      "signal": null,
      "timeout": null,
      "thrown": false,
      "structuredError": null,
      "streams": null,
      "stdout": null,
      "stderr": null,
      "lockWaitObserved": null,
      "lockSamples": null,
      "preResetCommittedDrift": null,
      "interleaving": null,
      "backendBoundLock": null,
      "holderCommitted": null,
      "holderResult": null,
      "timedOut": null,
      "status": null,
      "appliedSqlIdentity": null,
      "reparseAttestation": null
    },
    {
      "id": "CLEAN_BASELINE_AUTH_TRIGGER_HOLD",
      "kind": "check",
      "ok": true,
      "capture": null,
      "resetApply": null,
      "sql": null,
      "observedPhase": null,
      "commit": null,
      "rollback": null,
      "replay": false,
      "code": "F13_UNSUPPORTED_MANAGED_LEFTOVER",
      "verdict": "HOLD",
      "executedTransaction": false,
      "note": null,
      "captureCalls": null,
      "transportCalls": null,
      "applyCalls": null,
      "sqlCalls": null,
      "mutationPhaseReached": false,
      "processStatus": null,
      "signal": null,
      "timeout": null,
      "thrown": false,
      "structuredError": null,
      "streams": null,
      "stdout": null,
      "stderr": null,
      "lockWaitObserved": null,
      "lockSamples": null,
      "preResetCommittedDrift": null,
      "interleaving": null,
      "backendBoundLock": null,
      "holderCommitted": null,
      "holderResult": null,
      "timedOut": null,
      "status": null,
      "appliedSqlIdentity": null,
      "reparseAttestation": null
    },
    {
      "id": "CLEAN_BASELINE_UNNEST_HOLD",
      "kind": "check",
      "ok": true,
      "capture": null,
      "resetApply": null,
      "sql": null,
      "observedPhase": null,
      "commit": null,
      "rollback": null,
      "replay": false,
      "code": "F13_INVENTORY_CAPTURE_CONTRADICTION",
      "verdict": "HOLD",
      "executedTransaction": false,
      "note": null,
      "captureCalls": null,
      "transportCalls": null,
      "applyCalls": null,
      "sqlCalls": null,
      "mutationPhaseReached": false,
      "processStatus": null,
      "signal": null,
      "timeout": null,
      "thrown": false,
      "structuredError": null,
      "streams": null,
      "stdout": null,
      "stderr": null,
      "lockWaitObserved": null,
      "lockSamples": null,
      "preResetCommittedDrift": null,
      "interleaving": null,
      "backendBoundLock": null,
      "holderCommitted": null,
      "holderResult": null,
      "timedOut": null,
      "status": null,
      "appliedSqlIdentity": null,
      "reparseAttestation": null
    },
    {
      "id": "CLEAN_BASELINE_UNEXPECTED_STORAGE_HOLD",
      "kind": "check",
      "ok": true,
      "capture": null,
      "resetApply": null,
      "sql": null,
      "observedPhase": null,
      "commit": null,
      "rollback": null,
      "replay": false,
      "code": "F13_UNSUPPORTED_MANAGED_LEFTOVER",
      "verdict": "HOLD",
      "executedTransaction": false,
      "note": null,
      "captureCalls": null,
      "transportCalls": null,
      "applyCalls": null,
      "sqlCalls": null,
      "mutationPhaseReached": false,
      "processStatus": null,
      "signal": null,
      "timeout": null,
      "thrown": false,
      "structuredError": null,
      "streams": null,
      "stdout": null,
      "stderr": null,
      "lockWaitObserved": null,
      "lockSamples": null,
      "preResetCommittedDrift": null,
      "interleaving": null,
      "backendBoundLock": null,
      "holderCommitted": null,
      "holderResult": null,
      "timedOut": null,
      "status": null,
      "appliedSqlIdentity": null,
      "reparseAttestation": null
    },
    {
      "id": "CLEAN_BASELINE_UNEXPECTED_BUCKET_HOLD",
      "kind": "check",
      "ok": true,
      "capture": null,
      "resetApply": null,
      "sql": null,
      "observedPhase": null,
      "commit": null,
      "rollback": null,
      "replay": false,
      "code": "F13_UNSUPPORTED_MANAGED_LEFTOVER",
      "verdict": "HOLD",
      "executedTransaction": false,
      "note": null,
      "captureCalls": null,
      "transportCalls": null,
      "applyCalls": null,
      "sqlCalls": null,
      "mutationPhaseReached": false,
      "processStatus": null,
      "signal": null,
      "timeout": null,
      "thrown": false,
      "structuredError": null,
      "streams": null,
      "stdout": null,
      "stderr": null,
      "lockWaitObserved": null,
      "lockSamples": null,
      "preResetCommittedDrift": null,
      "interleaving": null,
      "backendBoundLock": null,
      "holderCommitted": null,
      "holderResult": null,
      "timedOut": null,
      "status": null,
      "appliedSqlIdentity": null,
      "reparseAttestation": null
    },
    {
      "id": "CLEAN_BASELINE_UNEXPECTED_PLUS_NAMED_BUCKET_HOLD",
      "kind": "check",
      "ok": true,
      "capture": null,
      "resetApply": null,
      "sql": null,
      "observedPhase": null,
      "commit": null,
      "rollback": null,
      "replay": false,
      "code": "F13_UNSUPPORTED_MANAGED_LEFTOVER",
      "verdict": "HOLD",
      "executedTransaction": false,
      "note": null,
      "captureCalls": null,
      "transportCalls": null,
      "applyCalls": null,
      "sqlCalls": null,
      "mutationPhaseReached": false,
      "processStatus": null,
      "signal": null,
      "timeout": null,
      "thrown": false,
      "structuredError": null,
      "streams": null,
      "stdout": null,
      "stderr": null,
      "lockWaitObserved": null,
      "lockSamples": null,
      "preResetCommittedDrift": null,
      "interleaving": null,
      "backendBoundLock": null,
      "holderCommitted": null,
      "holderResult": null,
      "timedOut": null,
      "status": null,
      "appliedSqlIdentity": null,
      "reparseAttestation": null
    },
    {
      "id": "GENUINE_CLEAN_STILL_CLEAN",
      "kind": "check",
      "ok": true,
      "capture": null,
      "resetApply": null,
      "sql": null,
      "observedPhase": null,
      "commit": null,
      "rollback": null,
      "replay": false,
      "code": null,
      "verdict": "QUALIFICATION_BASELINE_PRESERVE_BTREE_GIST_V1",
      "executedTransaction": false,
      "note": null,
      "captureCalls": null,
      "transportCalls": null,
      "applyCalls": null,
      "sqlCalls": null,
      "mutationPhaseReached": false,
      "processStatus": null,
      "signal": null,
      "timeout": null,
      "thrown": false,
      "structuredError": null,
      "streams": null,
      "stdout": null,
      "stderr": null,
      "lockWaitObserved": null,
      "lockSamples": null,
      "preResetCommittedDrift": null,
      "interleaving": null,
      "backendBoundLock": null,
      "holderCommitted": null,
      "holderResult": null,
      "timedOut": null,
      "status": null,
      "appliedSqlIdentity": null,
      "reparseAttestation": null
    },
    {
      "id": "F21_NAME_ONLY_GBT_HOLD",
      "kind": "check",
      "ok": true,
      "capture": null,
      "resetApply": null,
      "sql": null,
      "observedPhase": null,
      "commit": null,
      "rollback": null,
      "replay": false,
      "code": "F13_UNEXPECTED_OBJECT_OR_DEPENDENCY",
      "verdict": null,
      "executedTransaction": false,
      "note": null,
      "captureCalls": null,
      "transportCalls": null,
      "applyCalls": null,
      "sqlCalls": null,
      "mutationPhaseReached": false,
      "processStatus": null,
      "signal": null,
      "timeout": null,
      "thrown": false,
      "structuredError": null,
      "streams": null,
      "stdout": null,
      "stderr": null,
      "lockWaitObserved": null,
      "lockSamples": null,
      "preResetCommittedDrift": null,
      "interleaving": null,
      "backendBoundLock": null,
      "holderCommitted": null,
      "holderResult": null,
      "timedOut": null,
      "status": null,
      "appliedSqlIdentity": null,
      "reparseAttestation": null
    },
    {
      "id": "F21_SIX_HISTORICAL_FKS_OK",
      "kind": "check",
      "ok": true,
      "capture": null,
      "resetApply": null,
      "sql": null,
      "observedPhase": null,
      "commit": null,
      "rollback": null,
      "replay": false,
      "code": null,
      "verdict": "RESET_ELIGIBLE",
      "executedTransaction": false,
      "note": null,
      "captureCalls": null,
      "transportCalls": null,
      "applyCalls": null,
      "sqlCalls": null,
      "mutationPhaseReached": false,
      "processStatus": null,
      "signal": null,
      "timeout": null,
      "thrown": false,
      "structuredError": null,
      "streams": null,
      "stdout": null,
      "stderr": null,
      "lockWaitObserved": null,
      "lockSamples": null,
      "preResetCommittedDrift": null,
      "interleaving": null,
      "backendBoundLock": null,
      "holderCommitted": null,
      "holderResult": null,
      "timedOut": null,
      "status": null,
      "appliedSqlIdentity": null,
      "reparseAttestation": null
    },
    {
      "id": "F21_ALTERED_FK_HOLD",
      "kind": "check",
      "ok": true,
      "capture": null,
      "resetApply": null,
      "sql": null,
      "observedPhase": null,
      "commit": null,
      "rollback": null,
      "replay": false,
      "code": "F13_UNEXPECTED_OBJECT_OR_DEPENDENCY",
      "verdict": null,
      "executedTransaction": false,
      "note": null,
      "captureCalls": null,
      "transportCalls": null,
      "applyCalls": null,
      "sqlCalls": null,
      "mutationPhaseReached": false,
      "processStatus": null,
      "signal": null,
      "timeout": null,
      "thrown": false,
      "structuredError": null,
      "streams": null,
      "stdout": null,
      "stderr": null,
      "lockWaitObserved": null,
      "lockSamples": null,
      "preResetCommittedDrift": null,
      "interleaving": null,
      "backendBoundLock": null,
      "holderCommitted": null,
      "holderResult": null,
      "timedOut": null,
      "status": null,
      "appliedSqlIdentity": null,
      "reparseAttestation": null
    },
    {
      "id": "F21_UNEXPECTED_MEMBERSHIP_OVERLAP_HOLD",
      "kind": "check",
      "ok": true,
      "capture": null,
      "resetApply": null,
      "sql": null,
      "observedPhase": null,
      "commit": null,
      "rollback": null,
      "replay": false,
      "code": "F21_UNEXPECTED_MEMBERSHIP_OVERLAP",
      "verdict": null,
      "executedTransaction": false,
      "note": null,
      "captureCalls": null,
      "transportCalls": null,
      "applyCalls": null,
      "sqlCalls": null,
      "mutationPhaseReached": false,
      "processStatus": null,
      "signal": null,
      "timeout": null,
      "thrown": false,
      "structuredError": null,
      "streams": null,
      "stdout": null,
      "stderr": null,
      "lockWaitObserved": null,
      "lockSamples": null,
      "preResetCommittedDrift": null,
      "interleaving": null,
      "backendBoundLock": null,
      "holderCommitted": null,
      "holderResult": null,
      "timedOut": null,
      "status": null,
      "appliedSqlIdentity": null,
      "reparseAttestation": null
    },
    {
      "id": "F21_STALE_INVENTORY_SCHEMA_HOLD",
      "kind": "check",
      "ok": true,
      "capture": null,
      "resetApply": null,
      "sql": null,
      "observedPhase": null,
      "commit": null,
      "rollback": null,
      "replay": false,
      "code": "F21_MEMBERSHIP_SCHEMA_STALE",
      "verdict": null,
      "executedTransaction": false,
      "note": null,
      "captureCalls": null,
      "transportCalls": null,
      "applyCalls": null,
      "sqlCalls": null,
      "mutationPhaseReached": false,
      "processStatus": null,
      "signal": null,
      "timeout": null,
      "thrown": false,
      "structuredError": null,
      "streams": null,
      "stdout": null,
      "stderr": null,
      "lockWaitObserved": null,
      "lockSamples": null,
      "preResetCommittedDrift": null,
      "interleaving": null,
      "backendBoundLock": null,
      "holderCommitted": null,
      "holderResult": null,
      "timedOut": null,
      "status": null,
      "appliedSqlIdentity": null,
      "reparseAttestation": null
    },
    {
      "id": "F21_STALE_SCOPE_DIGEST_HOLD",
      "kind": "check",
      "ok": true,
      "capture": null,
      "resetApply": null,
      "sql": null,
      "observedPhase": null,
      "commit": null,
      "rollback": null,
      "replay": false,
      "code": "F13_FOUNDER_AUTH_MISMATCH",
      "verdict": null,
      "executedTransaction": false,
      "note": null,
      "captureCalls": null,
      "transportCalls": null,
      "applyCalls": null,
      "sqlCalls": null,
      "mutationPhaseReached": false,
      "processStatus": null,
      "signal": null,
      "timeout": null,
      "thrown": false,
      "structuredError": null,
      "streams": null,
      "stdout": null,
      "stderr": null,
      "lockWaitObserved": null,
      "lockSamples": null,
      "preResetCommittedDrift": null,
      "interleaving": null,
      "backendBoundLock": null,
      "holderCommitted": null,
      "holderResult": null,
      "timedOut": null,
      "status": null,
      "appliedSqlIdentity": null,
      "reparseAttestation": null
    },
    {
      "id": "F22_CLEAN_BASELINE_PRE_FLOOR_UNCHANGED",
      "kind": "check",
      "ok": true,
      "capture": null,
      "resetApply": null,
      "sql": null,
      "observedPhase": null,
      "commit": null,
      "rollback": null,
      "replay": false,
      "code": null,
      "verdict": null,
      "executedTransaction": false,
      "note": null,
      "captureCalls": null,
      "transportCalls": null,
      "applyCalls": null,
      "sqlCalls": null,
      "mutationPhaseReached": false,
      "processStatus": null,
      "signal": null,
      "timeout": null,
      "thrown": false,
      "structuredError": null,
      "streams": null,
      "stdout": null,
      "stderr": null,
      "lockWaitObserved": null,
      "lockSamples": null,
      "preResetCommittedDrift": null,
      "interleaving": null,
      "backendBoundLock": null,
      "holderCommitted": null,
      "holderResult": null,
      "timedOut": null,
      "status": null,
      "appliedSqlIdentity": null,
      "reparseAttestation": null
    },
    {
      "id": "F22_STALE_RESET_RECORD_CANNOT_AUTHENTICATE",
      "kind": "check",
      "ok": true,
      "capture": null,
      "resetApply": null,
      "sql": null,
      "observedPhase": null,
      "commit": null,
      "rollback": null,
      "replay": false,
      "code": "F21_PRESERVE_BASELINE_FRESH_CAPTURE_REQUIRED",
      "verdict": null,
      "executedTransaction": false,
      "note": null,
      "captureCalls": null,
      "transportCalls": null,
      "applyCalls": null,
      "sqlCalls": null,
      "mutationPhaseReached": false,
      "processStatus": null,
      "signal": null,
      "timeout": null,
      "thrown": false,
      "structuredError": null,
      "streams": null,
      "stdout": null,
      "stderr": null,
      "lockWaitObserved": null,
      "lockSamples": null,
      "preResetCommittedDrift": null,
      "interleaving": null,
      "backendBoundLock": null,
      "holderCommitted": null,
      "holderResult": null,
      "timedOut": null,
      "status": null,
      "appliedSqlIdentity": null,
      "reparseAttestation": null
    },
    {
      "id": "ELIGIBLE_LEFTOVER_NAMED_STORAGE",
      "kind": "check",
      "ok": true,
      "capture": null,
      "resetApply": null,
      "sql": null,
      "observedPhase": null,
      "commit": null,
      "rollback": null,
      "replay": false,
      "code": null,
      "verdict": "RESET_ELIGIBLE",
      "executedTransaction": false,
      "note": null,
      "captureCalls": null,
      "transportCalls": null,
      "applyCalls": null,
      "sqlCalls": null,
      "mutationPhaseReached": false,
      "processStatus": null,
      "signal": null,
      "timeout": null,
      "thrown": false,
      "structuredError": null,
      "streams": null,
      "stdout": null,
      "stderr": null,
      "lockWaitObserved": null,
      "lockSamples": null,
      "preResetCommittedDrift": null,
      "interleaving": null,
      "backendBoundLock": null,
      "holderCommitted": null,
      "holderResult": null,
      "timedOut": null,
      "status": null,
      "appliedSqlIdentity": null,
      "reparseAttestation": null
    },
    {
      "id": "STATUS0_WITHOUT_COMMIT_OBS",
      "kind": "check",
      "ok": true,
      "capture": null,
      "resetApply": null,
      "sql": null,
      "observedPhase": null,
      "commit": false,
      "rollback": null,
      "replay": false,
      "code": null,
      "verdict": null,
      "executedTransaction": false,
      "note": null,
      "captureCalls": null,
      "transportCalls": null,
      "applyCalls": null,
      "sqlCalls": null,
      "mutationPhaseReached": false,
      "processStatus": null,
      "signal": null,
      "timeout": null,
      "thrown": false,
      "structuredError": null,
      "streams": null,
      "stdout": null,
      "stderr": null,
      "lockWaitObserved": null,
      "lockSamples": null,
      "preResetCommittedDrift": null,
      "interleaving": null,
      "backendBoundLock": null,
      "holderCommitted": null,
      "holderResult": null,
      "timedOut": null,
      "status": null,
      "appliedSqlIdentity": null,
      "reparseAttestation": null
    },
    {
      "id": "COMMIT_CONNECTION_LOSS_UNCERTAIN",
      "kind": "check",
      "ok": true,
      "capture": null,
      "resetApply": null,
      "sql": null,
      "observedPhase": "T7_COMMIT",
      "commit": false,
      "rollback": null,
      "replay": false,
      "code": null,
      "verdict": null,
      "executedTransaction": false,
      "note": null,
      "captureCalls": null,
      "transportCalls": null,
      "applyCalls": null,
      "sqlCalls": null,
      "mutationPhaseReached": false,
      "processStatus": null,
      "signal": null,
      "timeout": null,
      "thrown": false,
      "structuredError": null,
      "streams": null,
      "stdout": null,
      "stderr": null,
      "lockWaitObserved": null,
      "lockSamples": null,
      "preResetCommittedDrift": null,
      "interleaving": null,
      "backendBoundLock": null,
      "holderCommitted": null,
      "holderResult": null,
      "timedOut": null,
      "status": null,
      "appliedSqlIdentity": null,
      "reparseAttestation": null
    },
    {
      "id": "ADVISORY_LOCK_NO_VOID_SELECT",
      "kind": "check",
      "ok": true,
      "capture": null,
      "resetApply": null,
      "sql": true,
      "observedPhase": null,
      "commit": null,
      "rollback": null,
      "replay": false,
      "code": null,
      "verdict": null,
      "executedTransaction": false,
      "note": null,
      "captureCalls": null,
      "transportCalls": null,
      "applyCalls": null,
      "sqlCalls": true,
      "mutationPhaseReached": false,
      "processStatus": null,
      "signal": null,
      "timeout": null,
      "thrown": false,
      "structuredError": null,
      "streams": null,
      "stdout": null,
      "stderr": null,
      "lockWaitObserved": null,
      "lockSamples": null,
      "preResetCommittedDrift": null,
      "interleaving": null,
      "backendBoundLock": null,
      "holderCommitted": null,
      "holderResult": null,
      "timedOut": null,
      "status": null,
      "appliedSqlIdentity": null,
      "reparseAttestation": null
    },
    {
      "id": "T1_SQL_BOUND_BACKEND_IDENTITY",
      "kind": "check",
      "ok": true,
      "capture": null,
      "resetApply": null,
      "sql": true,
      "observedPhase": null,
      "commit": null,
      "rollback": null,
      "replay": false,
      "code": null,
      "verdict": null,
      "executedTransaction": false,
      "note": null,
      "captureCalls": null,
      "transportCalls": null,
      "applyCalls": null,
      "sqlCalls": true,
      "mutationPhaseReached": false,
      "processStatus": null,
      "signal": null,
      "timeout": null,
      "thrown": false,
      "structuredError": null,
      "streams": null,
      "stdout": null,
      "stderr": null,
      "lockWaitObserved": null,
      "lockSamples": null,
      "preResetCommittedDrift": null,
      "interleaving": null,
      "backendBoundLock": null,
      "holderCommitted": null,
      "holderResult": null,
      "timedOut": null,
      "status": null,
      "appliedSqlIdentity": null,
      "reparseAttestation": null
    },
    {
      "id": "T3_SQL_LIVE_CATALOG_TUPLES",
      "kind": "check",
      "ok": true,
      "capture": null,
      "resetApply": null,
      "sql": true,
      "observedPhase": null,
      "commit": null,
      "rollback": null,
      "replay": false,
      "code": null,
      "verdict": null,
      "executedTransaction": false,
      "note": null,
      "captureCalls": null,
      "transportCalls": null,
      "applyCalls": null,
      "sqlCalls": true,
      "mutationPhaseReached": false,
      "processStatus": null,
      "signal": null,
      "timeout": null,
      "thrown": false,
      "structuredError": null,
      "streams": null,
      "stdout": null,
      "stderr": null,
      "lockWaitObserved": null,
      "lockSamples": null,
      "preResetCommittedDrift": null,
      "interleaving": null,
      "backendBoundLock": null,
      "holderCommitted": null,
      "holderResult": null,
      "timedOut": null,
      "status": null,
      "appliedSqlIdentity": null,
      "reparseAttestation": null
    },
    {
      "id": "ADVISORY_LOCK_VOID_SELECT_FRAMING",
      "kind": "check",
      "ok": true,
      "capture": null,
      "resetApply": null,
      "sql": null,
      "observedPhase": "T7_COMMIT",
      "commit": true,
      "rollback": null,
      "replay": false,
      "code": null,
      "verdict": null,
      "executedTransaction": false,
      "note": "protocol-defined whitespace from void SELECT is ignored; PREFIX/SUFFIX still rejected",
      "captureCalls": null,
      "transportCalls": null,
      "applyCalls": null,
      "sqlCalls": null,
      "mutationPhaseReached": false,
      "processStatus": null,
      "signal": null,
      "timeout": null,
      "thrown": false,
      "structuredError": null,
      "streams": null,
      "stdout": null,
      "stderr": null,
      "lockWaitObserved": null,
      "lockSamples": null,
      "preResetCommittedDrift": null,
      "interleaving": null,
      "backendBoundLock": null,
      "holderCommitted": null,
      "holderResult": null,
      "timedOut": null,
      "status": null,
      "appliedSqlIdentity": null,
      "reparseAttestation": null
    },
    {
      "id": "RUNTIME_CLOSURE_NOT_SUMMARY",
      "kind": "check",
      "ok": true,
      "capture": null,
      "resetApply": null,
      "sql": null,
      "observedPhase": null,
      "commit": null,
      "rollback": null,
      "replay": false,
      "code": null,
      "verdict": null,
      "executedTransaction": false,
      "note": null,
      "captureCalls": null,
      "transportCalls": null,
      "applyCalls": null,
      "sqlCalls": null,
      "mutationPhaseReached": false,
      "processStatus": null,
      "signal": null,
      "timeout": null,
      "thrown": false,
      "structuredError": null,
      "streams": null,
      "stdout": null,
      "stderr": null,
      "lockWaitObserved": null,
      "lockSamples": null,
      "preResetCommittedDrift": null,
      "interleaving": null,
      "backendBoundLock": null,
      "holderCommitted": null,
      "holderResult": null,
      "timedOut": null,
      "status": null,
      "appliedSqlIdentity": null,
      "reparseAttestation": null
    },
    {
      "id": "READ_COMMITTED_LOCK_ORDER_DOCUMENTED",
      "kind": "check",
      "ok": true,
      "capture": null,
      "resetApply": null,
      "sql": true,
      "observedPhase": null,
      "commit": null,
      "rollback": null,
      "replay": false,
      "code": null,
      "verdict": null,
      "executedTransaction": false,
      "note": null,
      "captureCalls": null,
      "transportCalls": null,
      "applyCalls": null,
      "sqlCalls": true,
      "mutationPhaseReached": false,
      "processStatus": null,
      "signal": null,
      "timeout": null,
      "thrown": false,
      "structuredError": null,
      "streams": null,
      "stdout": null,
      "stderr": null,
      "lockWaitObserved": null,
      "lockSamples": null,
      "preResetCommittedDrift": null,
      "interleaving": null,
      "backendBoundLock": null,
      "holderCommitted": null,
      "holderResult": null,
      "timedOut": null,
      "status": null,
      "appliedSqlIdentity": null,
      "reparseAttestation": null
    },
    {
      "id": "PROPOSED_HOSTED_PLAN_OFFLINE",
      "kind": "check",
      "ok": true,
      "capture": null,
      "resetApply": null,
      "sql": null,
      "observedPhase": null,
      "commit": null,
      "rollback": null,
      "replay": false,
      "code": null,
      "verdict": null,
      "executedTransaction": false,
      "note": null,
      "captureCalls": null,
      "transportCalls": null,
      "applyCalls": null,
      "sqlCalls": null,
      "mutationPhaseReached": false,
      "processStatus": null,
      "signal": null,
      "timeout": null,
      "thrown": false,
      "structuredError": null,
      "streams": null,
      "stdout": null,
      "stderr": null,
      "lockWaitObserved": null,
      "lockSamples": null,
      "preResetCommittedDrift": null,
      "interleaving": null,
      "backendBoundLock": null,
      "holderCommitted": null,
      "holderResult": null,
      "timedOut": null,
      "status": null,
      "appliedSqlIdentity": null,
      "reparseAttestation": null
    },
    {
      "id": "BACKEND_BOUND_LOCK_PROOF_POSITIVE",
      "kind": "check",
      "ok": true,
      "capture": null,
      "resetApply": null,
      "sql": null,
      "observedPhase": null,
      "commit": null,
      "rollback": null,
      "replay": false,
      "code": null,
      "verdict": null,
      "executedTransaction": false,
      "note": null,
      "captureCalls": null,
      "transportCalls": null,
      "applyCalls": null,
      "sqlCalls": null,
      "mutationPhaseReached": false,
      "processStatus": null,
      "signal": null,
      "timeout": null,
      "thrown": false,
      "structuredError": null,
      "streams": null,
      "stdout": null,
      "stderr": null,
      "lockWaitObserved": null,
      "lockSamples": null,
      "preResetCommittedDrift": null,
      "interleaving": null,
      "backendBoundLock": null,
      "holderCommitted": null,
      "holderResult": null,
      "timedOut": null,
      "status": null,
      "appliedSqlIdentity": null,
      "reparseAttestation": null
    },
    {
      "id": "BACKEND_BOUND_LOCK_PROOF_NEGATIVES",
      "kind": "check",
      "ok": true,
      "capture": null,
      "resetApply": null,
      "sql": null,
      "observedPhase": null,
      "commit": null,
      "rollback": null,
      "replay": false,
      "code": null,
      "verdict": null,
      "executedTransaction": false,
      "note": "unrelated waiter, mismatched backend, missing commit, missing acquisition cannot PASS",
      "captureCalls": null,
      "transportCalls": null,
      "applyCalls": null,
      "sqlCalls": null,
      "mutationPhaseReached": false,
      "processStatus": null,
      "signal": null,
      "timeout": null,
      "thrown": false,
      "structuredError": null,
      "streams": null,
      "stdout": null,
      "stderr": null,
      "lockWaitObserved": null,
      "lockSamples": null,
      "preResetCommittedDrift": null,
      "interleaving": null,
      "backendBoundLock": null,
      "holderCommitted": null,
      "holderResult": null,
      "timedOut": null,
      "status": null,
      "appliedSqlIdentity": null,
      "reparseAttestation": null
    },
    {
      "id": "STORED_PROCESS_STATUS_NOT_DEFAULTED",
      "kind": "check",
      "ok": true,
      "capture": null,
      "resetApply": null,
      "sql": null,
      "observedPhase": null,
      "commit": null,
      "rollback": null,
      "replay": false,
      "code": null,
      "verdict": null,
      "executedTransaction": false,
      "note": null,
      "captureCalls": null,
      "transportCalls": null,
      "applyCalls": null,
      "sqlCalls": null,
      "mutationPhaseReached": false,
      "processStatus": null,
      "signal": null,
      "timeout": null,
      "thrown": false,
      "structuredError": null,
      "streams": null,
      "stdout": null,
      "stderr": null,
      "lockWaitObserved": null,
      "lockSamples": null,
      "preResetCommittedDrift": null,
      "interleaving": null,
      "backendBoundLock": null,
      "holderCommitted": null,
      "holderResult": null,
      "timedOut": null,
      "status": null,
      "appliedSqlIdentity": null,
      "reparseAttestation": null
    },
    {
      "id": "UNEXPECTED_OBJECT_BLOCKS_BEFORE_PLAN",
      "kind": "scenario",
      "ok": true,
      "capture": "complete-universe-with-sentinel",
      "resetApply": "not-attempted",
      "sql": null,
      "observedPhase": null,
      "commit": false,
      "rollback": null,
      "replay": false,
      "code": "F13_UNEXPECTED_OBJECT_OR_DEPENDENCY",
      "verdict": "HOLD",
      "executedTransaction": false,
      "note": "unexpected object present at capture blocks planning; no apply",
      "captureCalls": null,
      "transportCalls": null,
      "applyCalls": "not-attempted",
      "sqlCalls": null,
      "mutationPhaseReached": false,
      "processStatus": null,
      "signal": null,
      "timeout": null,
      "thrown": false,
      "structuredError": null,
      "streams": null,
      "stdout": null,
      "stderr": null,
      "lockWaitObserved": null,
      "lockSamples": null,
      "preResetCommittedDrift": null,
      "interleaving": null,
      "backendBoundLock": null,
      "holderCommitted": null,
      "holderResult": null,
      "timedOut": null,
      "status": null,
      "appliedSqlIdentity": null,
      "reparseAttestation": null
    },
    {
      "id": "TX_SUCCESSFUL_RESET",
      "kind": "scenario",
      "ok": true,
      "capture": "eligible-leftover",
      "resetApply": 1,
      "sql": true,
      "observedPhase": "T7_COMMIT",
      "commit": true,
      "rollback": null,
      "replay": false,
      "code": null,
      "verdict": "QUALIFICATION_BASELINE_PRESERVE_BTREE_GIST_V1",
      "executedTransaction": true,
      "note": "shared runQualificationReset + local-fixture psql + generated SQL",
      "captureCalls": 1,
      "transportCalls": 1,
      "applyCalls": 1,
      "sqlCalls": 1,
      "mutationPhaseReached": true,
      "processStatus": 0,
      "signal": null,
      "timeout": false,
      "thrown": false,
      "structuredError": null,
      "streams": {
        "capturedBeforeEncode": true,
        "originalStdoutSha256": "022f570edc08850f45ae60a6a874ed96064d8a90c9a8093b3281bfebbf905a4f",
        "originalStdoutByteLength": 1088,
        "originalStderrSha256": "9b1a72eaf1aef20325ff5cc463ac011bb32065c081619b696df599aa50eb1984",
        "originalStderrByteLength": 14181,
        "packagedStdoutSha256": "022f570edc08850f45ae60a6a874ed96064d8a90c9a8093b3281bfebbf905a4f",
        "packagedStdoutByteLength": 1088,
        "packagedStderrSha256": "ae7b234ddc639c83b0e9ce33f85b7cca38c229fbe679f483faa252ab4cf4ab68",
        "packagedStderrByteLength": 9342,
        "originalByteEqual": false,
        "reconstructedFromSummary": false,
        "transformApplied": true
      },
      "stdout": "{\"schema\" : \"f15-qualification-reset-tx-observation-v1\", \"phase\" : \"T1_BEGIN\", \"event\" : \"began\", \"backendPid\" : 49083, \"datname\" : \"f3_[RUN_OWNED_DB]\", \"applicationName\" : \"f13_qualification_reset\", \"usename\" : \"ubuntu\"}\n{\"schema\" : \"f15-qualification-reset-tx-observation-v1\", \"phase\" : \"T2_LOCK\", \"event\" : \"locked\", \"backendPid\" : 49083, \"datname\" : \"f3_[RUN_OWNED_DB]\", \"applicationName\" : \"f13_qualification_reset\", \"usename\" : \"ubuntu\"}\n{\"schema\":\"f15-qualification-reset-tx-observation-v1\",\"phase\":\"T3_REVALIDATE\",\"event\":\"revalidated\"}\n{\"schema\":\"f15-qualification-reset-tx-observation-v1\",\"phase\":\"T4_MUTATE\",\"event\":\"mutate_attempted\"}\n{\"schema\":\"f15-qualification-reset-tx-observation-v1\",\"phase\":\"T5_AFFECTED\",\"event\":\"affected_checked\"}\n{\"schema\":\"f15-qualification-reset-tx-observation-v1\",\"phase\":\"T6_FINAL\",\"event\":\"final_ok\"}\n{\"schema\":\"f15-qualification-reset-tx-observation-v1\",\"phase\":\"T7_COMMIT\",\"event\":\"commit_attempted\"}\n{\"schema\":\"f15-qualification-reset-tx-observation-v1\",\"phase\":\"T7_COMMIT\",\"event\":\"committed\",\"committed\":true}\n",
      "stderr": "psql:[REDACTED_PATH] NOTICE:  F18_RESET_BACKEND pid=49083 datname=f3_[RUN_OWNED_DB] app=f13_qualification_reset\npsql:[REDACTED_PATH] NOTICE:  F18_RESET_LOCK_ACQUIRED pid=49083\npsql:[REDACTED_PATH] NOTICE:  function public.get_financial_cashbook(uuid,pg_catalog.timestamptz,pg_catalog.timestamptz,uuid,text,pg_catalog.int4,pg_catalog.int4) does not exist, skipping\npsql:[REDACTED_PATH] NOTICE:  function public.get_financial_projection_bundle(uuid,pg_catalog.timestamptz,pg_catalog.timestamptz,pg_catalog.timestamptz) does not exist, skipping\npsql:[REDACTED_PATH] NOTICE:  function public.post_financial_command(jsonb) does not exist, skipping\npsql:[REDACTED_PATH] NOTICE:  function public.correct_financial_event(jsonb) does not exist, skipping\npsql:[REDACTED_PATH] NOTICE:  type \"notification_channel\" does not exist, skipping\npsql:[REDACTED_PATH] NOTICE:  function public.execute_member_transfer(jsonb) does not exist, skipping\npsql:[REDACTED_PATH] NOTICE:  function public.request_member_transfer(jsonb) does not exist, skipping\npsql:[REDACTED_PATH] NOTICE:  function public.has_group_permission(uuid,text,uuid) does not exist, skipping\npsql:[REDACTED_PATH] NOTICE:  function public.compute_member_standing(uuid) does not exist, skipping\npsql:[REDACTED_PATH] NOTICE:  function public.m2_is_valid_iana_timezone(text) does not exist, skipping\npsql:[REDACTED_PATH] NOTICE:  function public.notification_policy_set_updated_at() does not exist, skipping\npsql:[REDACTED_PATH] NOTICE:  function public.uuid_generate_v5(uuid,text) does not exist, skipping\npsql:[REDACTED_PATH] NOTICE:  schema \"financial_core\" does not exist, skipping\npsql:[REDACTED_PATH] NOTICE:  schema \"financial_core\" does not exist, skipping\npsql:[REDACTED_PATH] NOTICE:  schema \"financial_core\" does not exist, skipping\npsql:[REDACTED_PATH] NOTICE:  schema \"financial_core\" does not exist, skipping\npsql:[REDACTED_PATH] NOTICE:  schema \"financial_core\" does not exist, skipping\npsql:[REDACTED_PATH] NOTICE:  schema \"financial_core\" does not exist, skipping\npsql:[REDACTED_PATH] NOTICE:  schema \"financial_core\" does not exist, skipping\npsql:[REDACTED_PATH] NOTICE:  schema \"financial_core\" does not exist, skipping\npsql:[REDACTED_PATH] NOTICE:  schema \"financial_core\" does not exist, skipping\npsql:[REDACTED_PATH] NOTICE:  schema \"financial_core\" does not exist, skipping\npsql:[REDACTED_PATH] NOTICE:  schema \"financial_core\" does not exist, skipping\npsql:[REDACTED_PATH] NOTICE:  schema \"financial_core\" does not exist, skipping\npsql:[REDACTED_PATH] NOTICE:  schema \"financial_core\" does not exist, skipping\npsql:[REDACTED_PATH] NOTICE:  schema \"financial_core\" does not exist, skipping\npsql:[REDACTED_PATH] NOTICE:  schema \"financial_core\" does not exist, skipping\npsql:[REDACTED_PATH] NOTICE:  schema \"financial_core\" does not exist, skipping\npsql:[REDACTED_PATH] NOTICE:  schema \"financial_core\" does not exist, skipping\npsql:[REDACTED_PATH] NOTICE:  schema \"financial_core\" does not exist, skipping\npsql:[REDACTED_PATH] NOTICE:  schema \"financial_core\" does not exist, skipping\npsql:[REDACTED_PATH] NOTICE:  schema \"financial_core\" does not exist, skipping\npsql:[REDACTED_PATH] NOTICE:  schema \"financial_core\" does not exist, skipping\npsql:[REDACTED_PATH] NOTICE:  schema \"financial_core\" does not exist, skipping\npsql:[REDACTED_PATH] NOTICE:  schema \"financial_core\" does not exist, skipping\npsql:[REDACTED_PATH] NOTICE:  schema \"financial_core\" does not exist, skipping\npsql:[REDACTED_PATH] NOTICE:  schema \"financial_core\" does not exist, skipping\npsql:[REDACTED_PATH] NOTICE:  schema \"financial_core\" does not exist, skipping\npsql:[REDACTED_PATH] NOTICE:  schema \"financial_core\" does not exist, skipping\npsql:[REDACTED_PATH] NOTICE:  schema \"financial_core\" does not exist, skipping\npsql:[REDACTED_PATH] NOTICE:  schema \"financial_core\" does not exist, skipping\npsql:[REDACTED_PATH] NOTICE:  schema \"financial_core\" does not exist, skipping\npsql:[REDACTED_PATH] NOTICE:  schema \"financial_core\" does not exist, skipping\npsql:[REDACTED_PATH] NOTICE:  schema \"financial_core\" does not exist, skipping\npsql:[REDACTED_PATH] NOTICE:  schema \"financial_core\" does not exist, skipping\npsql:[REDACTED_PATH] NOTICE:  schema \"financial_core\" does not exist, skipping\npsql:[REDACTED_PATH] NOTICE:  schema \"financial_core\" does not exist, skipping\npsql:[REDACTED_PATH] NOTICE:  schema \"financial_core\" does not exist, skipping\npsql:[REDACTED_PATH] NOTICE:  schema \"financial_core\" does not exist, skipping\npsql:[REDACTED_PATH] NOTICE:  schema \"financial_core\" does not exist, skipping\npsql:[REDACTED_PATH] NOTICE:  schema \"financial_core\" does not exist, skipping\npsql:[REDACTED_PATH] NOTICE:  schema \"financial_core\" does not exist, skipping\npsql:[REDACTED_PATH] NOTICE:  schema \"financial_core\" does not exist, skipping\npsql:[REDACTED_PATH] NOTICE:  schema \"financial_core\" does not exist, skipping\npsql:[REDACTED_PATH] NOTICE:  schema \"financial_core\" does not exist, skipping\npsql:[REDACTED_PATH] NOTICE:  schema \"financial_core\" does not exist, skipping\npsql:[REDACTED_PATH] NOTICE:  schema \"financial_private\" does not exist, skipping\npsql:[REDACTED_PATH] NOTICE:  schema \"financial_core\" does not exist, skipping\npsql:[REDACTED_PATH] NOTICE:  schema \"financial_core\" does not exist, skipping\npsql:[REDACTED_PATH] NOTICE:  schema \"financial_core\" does not exist, skipping\npsql:[REDACTED_PATH] NOTICE:  table \"financial_postings\" does not exist, skipping\npsql:[REDACTED_PATH] NOTICE:  table \"financial_events\" does not exist, skipping\npsql:[REDACTED_PATH] NOTICE:  table \"financial_categories\" does not exist, skipping\npsql:[REDACTED_PATH] NOTICE:  table \"financial_funds\" does not exist, skipping\npsql:[REDACTED_PATH] NOTICE:  table \"financial_ledger_epochs\" does not exist, skipping\npsql:[REDACTED_PATH] NOTICE:  schema \"financial_private\" does not exist, skipping\npsql:[REDACTED_PATH] NOTICE:  schema \"financial_private\" does not exist, skipping\npsql:[REDACTED_PATH] NOTICE:  table \"notification_policy_triggers\" does not exist, skipping\npsql:[REDACTED_PATH] NOTICE:  table \"notification_policy_occurrences\" does not exist, skipping\npsql:[REDACTED_PATH] NOTICE:  table \"notification_policies\" does not exist, skipping\npsql:[REDACTED_PATH] NOTICE:  table \"position_assignments\" does not exist, skipping\npsql:[REDACTED_PATH] NOTICE:  table \"position_permissions\" does not exist, skipping\npsql:[REDACTED_PATH] NOTICE:  table \"group_positions\" does not exist, skipping\npsql:[REDACTED_PATH] NOTICE:  table \"hosting_swap_requests\" does not exist, skipping\npsql:[REDACTED_PATH] NOTICE:  table \"hosting_assignments\" does not exist, skipping\npsql:[REDACTED_PATH] NOTICE:  table \"hosting_rosters\" does not exist, skipping\npsql:[REDACTED_PATH] NOTICE:  table \"payment_obligation_applications\" does not exist, skipping\npsql:[REDACTED_PATH] NOTICE:  table \"payments\" does not exist, skipping\npsql:[REDACTED_PATH] NOTICE:  table \"contribution_obligations\" does not exist, skipping\npsql:[REDACTED_PATH] NOTICE:  table \"relief_remittances\" does not exist, skipping\npsql:[REDACTED_PATH] NOTICE:  table \"relief_claims\" does not exist, skipping\npsql:[REDACTED_PATH] NOTICE:  table \"relief_enrollments\" does not exist, skipping\npsql:[REDACTED_PATH] NOTICE:  table \"relief_plans\" does not exist, skipping\npsql:[REDACTED_PATH] NOTICE:  table \"fines\" does not exist, skipping\npsql:[REDACTED_PATH] NOTICE:  table \"member_transfers\" does not exist, skipping\npsql:[REDACTED_PATH] NOTICE:  table \"invitations\" does not exist, skipping\npsql:[REDACTED_PATH] NOTICE:  table \"elections\" does not exist, skipping\npsql:[REDACTED_PATH] NOTICE:  table \"events\" does not exist, skipping\npsql:[REDACTED_PATH] NOTICE:  table \"meeting_minutes\" does not exist, skipping\npsql:[REDACTED_PATH] NOTICE:  table \"announcements\" does not exist, skipping\npsql:[REDACTED_PATH] NOTICE:  table \"notifications_queue\" does not exist, skipping\npsql:[REDACTED_PATH] NOTICE:  table \"loans\" does not exist, skipping\npsql:[REDACTED_PATH] NOTICE:  table \"projects\" does not exist, skipping\npsql:[REDACTED_PATH] NOTICE:  table \"group_subscriptions\" does not exist, skipping\npsql:[REDACTED_PATH] NOTICE:  table \"memberships\" does not exist, skipping\npsql:[REDACTED_PATH] NOTICE:  table \"groups\" does not exist, skipping\npsql:[REDACTED_PATH] NOTICE:  table \"profiles\" does not exist, skipping\npsql:[REDACTED_PATH] NOTICE:  table \"organizations\" does not exist, skipping\npsql:[REDACTED_PATH] NOTICE:  table \"__f3_acl_platform_canary_20260915\" does not exist, skipping\npsql:[REDACTED_PATH] NOTICE:  sequence \"__f3_acl_platform_canary_20260915_id_seq\" does not exist, skipping\npsql:[REDACTED_PATH] NOTICE:  type \"public.financial_account_kind\" does not exist, skipping\npsql:[REDACTED_PATH] NOTICE:  type \"public.financial_account_status\" does not exist, skipping\npsql:[REDACTED_PATH] NOTICE:  type \"public.financial_category_class\" does not exist, skipping\npsql:[REDACTED_PATH] NOTICE:  type \"public.financial_config_status\" does not exist, skipping\npsql:[REDACTED_PATH] NOTICE:  type \"public.financial_control_class\" does not exist, skipping\npsql:[REDACTED_PATH] NOTICE:  type \"public.financial_event_class\" does not exist, skipping\npsql:[REDACTED_PATH] NOTICE:  type \"public.financial_event_status\" does not exist, skipping\npsql:[REDACTED_PATH] NOTICE:  type \"public.notification_channel\" does not exist, skipping\n",
      "lockWaitObserved": null,
      "lockSamples": null,
      "preResetCommittedDrift": null,
      "interleaving": null,
      "backendBoundLock": null,
      "holderCommitted": null,
      "holderResult": null,
      "timedOut": false,
      "status": 0,
      "appliedSqlIdentity": "80f5d8ad2ebdfaf5e6ceab0f47f02409f792d25a9c41160640a2d62853c86af7",
      "reparseAttestation": {
        "ok": true,
        "consistent": true,
        "schema": "f18-qualification-reset-stored-process-adapter-v1",
        "parsedOk": true,
        "observationCount": 8,
        "lastEvent": {
          "schema": "f15-qualification-reset-tx-observation-v1",
          "phase": "T7_COMMIT",
          "event": "committed",
          "committed": true
        },
        "interpretedCommitted": true,
        "interpretedVerdictPath": "QUALIFICATION_BASELINE_PRESERVE_BTREE_GIST_V1",
        "phaseReached": "T7_COMMIT",
        "t7CommitAttempted": true,
        "t7CommittedTrue": true,
        "processStatus": 0,
        "processFailed": false,
        "genuineSuccess": true,
        "genuineFailure": false,
        "successClaimedUncommitted": false,
        "failureBecameCommitted": false,
        "mappedProcessStatusToStatus": false
      },
      "processEvidenceRejected": false
    },
    {
      "id": "TX_UNEXPECTED_OBJECT_ROLLBACK",
      "kind": "scenario",
      "ok": true,
      "capture": "eligible-then-sentinel-after-capture",
      "resetApply": 1,
      "sql": true,
      "observedPhase": "T2_LOCK",
      "commit": false,
      "rollback": null,
      "replay": false,
      "code": "F13_RESET_SQL_FAILED",
      "verdict": "HOLD",
      "executedTransaction": true,
      "note": "object introduced after capture is TX-revalidated; sentinel preserved",
      "captureCalls": 1,
      "transportCalls": 1,
      "applyCalls": 1,
      "sqlCalls": 1,
      "mutationPhaseReached": false,
      "processStatus": 3,
      "signal": null,
      "timeout": false,
      "thrown": false,
      "structuredError": null,
      "streams": {
        "capturedBeforeEncode": true,
        "originalStdoutSha256": "ccdd0fae991448db19e4cc9b1e1920d8bcab1bcf53572291c3fb1f34b1d3880f",
        "originalStdoutByteLength": 474,
        "originalStderrSha256": "fae69a58d0223f9a2a3f801ae1e38bc5c9b1ddfc4c27b21dd564c4da00338d3e",
        "originalStderrByteLength": 474,
        "packagedStdoutSha256": "ccdd0fae991448db19e4cc9b1e1920d8bcab1bcf53572291c3fb1f34b1d3880f",
        "packagedStdoutByteLength": 474,
        "packagedStderrSha256": "1664953f743785557c2f8ab28ced0381ef833fda6e3c752ba11ed49368de184c",
        "packagedStderrByteLength": 343,
        "originalByteEqual": false,
        "reconstructedFromSummary": false,
        "transformApplied": true
      },
      "stdout": "{\"schema\" : \"f15-qualification-reset-tx-observation-v1\", \"phase\" : \"T1_BEGIN\", \"event\" : \"began\", \"backendPid\" : 49115, \"datname\" : \"f3_[RUN_OWNED_DB]\", \"applicationName\" : \"f13_qualification_reset\", \"usename\" : \"ubuntu\"}\n{\"schema\" : \"f15-qualification-reset-tx-observation-v1\", \"phase\" : \"T2_LOCK\", \"event\" : \"locked\", \"backendPid\" : 49115, \"datname\" : \"f3_[RUN_OWNED_DB]\", \"applicationName\" : \"f13_qualification_reset\", \"usename\" : \"ubuntu\"}\n",
      "stderr": "psql:[REDACTED_PATH] NOTICE:  F18_RESET_BACKEND pid=49115 datname=f3_[RUN_OWNED_DB] app=f13_qualification_reset\npsql:[REDACTED_PATH] NOTICE:  F18_RESET_LOCK_ACQUIRED pid=49115\npsql:[REDACTED_PATH] ERROR:  F13_UNEXPECTED_OBJECT_OR_DEPENDENCY: public.unexpected_view\nCONTEXT:  PL/pgSQL function inline_code_block line 25 at RAISE\n",
      "lockWaitObserved": null,
      "lockSamples": null,
      "preResetCommittedDrift": null,
      "interleaving": null,
      "backendBoundLock": null,
      "holderCommitted": null,
      "holderResult": null,
      "timedOut": false,
      "status": 3,
      "appliedSqlIdentity": "80f5d8ad2ebdfaf5e6ceab0f47f02409f792d25a9c41160640a2d62853c86af7",
      "reparseAttestation": null,
      "processEvidenceRejected": false
    },
    {
      "id": "TX_HISTORY_MISMATCH_ROLLBACK",
      "kind": "scenario",
      "ok": true,
      "capture": "eligible-then-history-mutated-after-capture",
      "resetApply": 1,
      "sql": true,
      "observedPhase": "T2_LOCK",
      "commit": false,
      "rollback": null,
      "replay": false,
      "code": "F13_RESET_SQL_FAILED",
      "verdict": "HOLD",
      "executedTransaction": true,
      "note": "history mismatch after capture rolls back; mutated history retained",
      "captureCalls": 1,
      "transportCalls": 1,
      "applyCalls": 1,
      "sqlCalls": 1,
      "mutationPhaseReached": false,
      "processStatus": 3,
      "signal": null,
      "timeout": false,
      "thrown": false,
      "structuredError": null,
      "streams": {
        "capturedBeforeEncode": true,
        "originalStdoutSha256": "de85cf60554acc32525ec9c48a1d1591fb391ef2c1176f2d788bf8c92f2a8f49",
        "originalStdoutByteLength": 474,
        "originalStderrSha256": "ca6dbe9c88fec51e1b2f9abb164de2bf656f8feea8d86b1dd569aa3eba3b3cd7",
        "originalStderrByteLength": 488,
        "packagedStdoutSha256": "de85cf60554acc32525ec9c48a1d1591fb391ef2c1176f2d788bf8c92f2a8f49",
        "packagedStdoutByteLength": 474,
        "packagedStderrSha256": "7f611847aaddb55e0ba4865beb2bfda92a68c8b5755263cbf0240f5e7651f9f6",
        "packagedStderrByteLength": 357,
        "originalByteEqual": false,
        "reconstructedFromSummary": false,
        "transformApplied": true
      },
      "stdout": "{\"schema\" : \"f15-qualification-reset-tx-observation-v1\", \"phase\" : \"T1_BEGIN\", \"event\" : \"began\", \"backendPid\" : 49127, \"datname\" : \"f3_[RUN_OWNED_DB]\", \"applicationName\" : \"f13_qualification_reset\", \"usename\" : \"ubuntu\"}\n{\"schema\" : \"f15-qualification-reset-tx-observation-v1\", \"phase\" : \"T2_LOCK\", \"event\" : \"locked\", \"backendPid\" : 49127, \"datname\" : \"f3_[RUN_OWNED_DB]\", \"applicationName\" : \"f13_qualification_reset\", \"usename\" : \"ubuntu\"}\n",
      "stderr": "psql:[REDACTED_PATH] NOTICE:  F18_RESET_BACKEND pid=49127 datname=f3_[RUN_OWNED_DB] app=f13_qualification_reset\npsql:[REDACTED_PATH] NOTICE:  F18_RESET_LOCK_ACQUIRED pid=49127\npsql:[REDACTED_PATH] ERROR:  F13_HISTORY_KEY_MISMATCH: version 20260913173000 name wrong_source_label\nCONTEXT:  PL/pgSQL function inline_code_block line 169 at RAISE\n",
      "lockWaitObserved": null,
      "lockSamples": null,
      "preResetCommittedDrift": null,
      "interleaving": null,
      "backendBoundLock": null,
      "holderCommitted": null,
      "holderResult": null,
      "timedOut": false,
      "status": 3,
      "appliedSqlIdentity": "80f5d8ad2ebdfaf5e6ceab0f47f02409f792d25a9c41160640a2d62853c86af7",
      "reparseAttestation": null,
      "processEvidenceRejected": false
    },
    {
      "id": "TX_T3_UNAPPROVED_FK_ROLLBACK",
      "kind": "scenario",
      "ok": true,
      "capture": "approved-set-then-unapproved-fk-after-capture-before-lock",
      "resetApply": 1,
      "sql": true,
      "observedPhase": "T2_LOCK",
      "commit": false,
      "rollback": null,
      "replay": false,
      "code": "F13_RESET_SQL_FAILED",
      "verdict": "HOLD",
      "executedTransaction": true,
      "note": "unapproved FK between allowlisted tables after capture is T3-rejected; injected change retained",
      "captureCalls": 1,
      "transportCalls": 1,
      "applyCalls": 1,
      "sqlCalls": 1,
      "mutationPhaseReached": false,
      "processStatus": 3,
      "signal": null,
      "timeout": false,
      "thrown": false,
      "structuredError": null,
      "streams": {
        "capturedBeforeEncode": true,
        "originalStdoutSha256": "effd6b20d034f4926a0ef6ac148e7053396bbab9649e6ae5c92ebecb55a27e82",
        "originalStdoutByteLength": 474,
        "originalStderrSha256": "1564a5043ec90c6cc4373a7b4347e003fa73a0b168c59facc56d4b6e4f2d3de1",
        "originalStderrByteLength": 582,
        "packagedStdoutSha256": "effd6b20d034f4926a0ef6ac148e7053396bbab9649e6ae5c92ebecb55a27e82",
        "packagedStdoutByteLength": 474,
        "packagedStderrSha256": "978c70d154dd977079ef56b05798bcf1a17c997bce1b5da4f50af91b95e728df",
        "packagedStderrByteLength": 451,
        "originalByteEqual": false,
        "reconstructedFromSummary": false,
        "transformApplied": true
      },
      "stdout": "{\"schema\" : \"f15-qualification-reset-tx-observation-v1\", \"phase\" : \"T1_BEGIN\", \"event\" : \"began\", \"backendPid\" : 49173, \"datname\" : \"f3_[RUN_OWNED_DB]\", \"applicationName\" : \"f13_qualification_reset\", \"usename\" : \"ubuntu\"}\n{\"schema\" : \"f15-qualification-reset-tx-observation-v1\", \"phase\" : \"T2_LOCK\", \"event\" : \"locked\", \"backendPid\" : 49173, \"datname\" : \"f3_[RUN_OWNED_DB]\", \"applicationName\" : \"f13_qualification_reset\", \"usename\" : \"ubuntu\"}\n",
      "stderr": "psql:[REDACTED_PATH] NOTICE:  F18_RESET_BACKEND pid=49173 datname=f3_[RUN_OWNED_DB] app=f13_qualification_reset\npsql:[REDACTED_PATH] NOTICE:  F18_RESET_LOCK_ACQUIRED pid=49173\npsql:[REDACTED_PATH] ERROR:  F13_UNEXPECTED_OBJECT_OR_DEPENDENCY: live tuple not in FINITE_DEPENDENCY_ALLOWLIST foreign_key|unapproved_accounts_groups_fkey|public.financial_accounts|public.groups\nCONTEXT:  PL/pgSQL function inline_code_block line 123 at RAISE\n",
      "lockWaitObserved": null,
      "lockSamples": null,
      "preResetCommittedDrift": null,
      "interleaving": null,
      "backendBoundLock": null,
      "holderCommitted": null,
      "holderResult": null,
      "timedOut": false,
      "status": 3,
      "appliedSqlIdentity": "3118ee6f1937bfc0e1aa6e752e8aa039e0e4ea297e01fc62a75e22f0cb48f319",
      "reparseAttestation": null,
      "processEvidenceRejected": false
    },
    {
      "id": "TX_T3_RETARGETED_FK_ROLLBACK",
      "kind": "scenario",
      "ok": true,
      "capture": "approved-identity-then-retargeted-after-capture-before-lock",
      "resetApply": 1,
      "sql": true,
      "observedPhase": "T2_LOCK",
      "commit": false,
      "rollback": null,
      "replay": false,
      "code": "F13_RESET_SQL_FAILED",
      "verdict": "HOLD",
      "executedTransaction": true,
      "note": "approved FK identity retargeted after capture is T3-rejected; retarget retained",
      "captureCalls": 1,
      "transportCalls": 1,
      "applyCalls": 1,
      "sqlCalls": 1,
      "mutationPhaseReached": false,
      "processStatus": 3,
      "signal": null,
      "timeout": false,
      "thrown": false,
      "structuredError": null,
      "streams": {
        "capturedBeforeEncode": true,
        "originalStdoutSha256": "b6a6276c70d53aaa9edb18a406f6bf110c263babcfc232f505814b17bbdc4b85",
        "originalStdoutByteLength": 474,
        "originalStderrSha256": "0616d9a43b33bae6e9ce9614d7fb11bfd7e762d42c332c8ebcbe10a8bd049e7e",
        "originalStderrByteLength": 571,
        "packagedStdoutSha256": "b6a6276c70d53aaa9edb18a406f6bf110c263babcfc232f505814b17bbdc4b85",
        "packagedStdoutByteLength": 474,
        "packagedStderrSha256": "650683aad6d8f5d14a13cd8f092c4676493addc94a68816a8b72e07ed7e7ad7c",
        "packagedStderrByteLength": 440,
        "originalByteEqual": false,
        "reconstructedFromSummary": false,
        "transformApplied": true
      },
      "stdout": "{\"schema\" : \"f15-qualification-reset-tx-observation-v1\", \"phase\" : \"T1_BEGIN\", \"event\" : \"began\", \"backendPid\" : 49191, \"datname\" : \"f3_[RUN_OWNED_DB]\", \"applicationName\" : \"f13_qualification_reset\", \"usename\" : \"ubuntu\"}\n{\"schema\" : \"f15-qualification-reset-tx-observation-v1\", \"phase\" : \"T2_LOCK\", \"event\" : \"locked\", \"backendPid\" : 49191, \"datname\" : \"f3_[RUN_OWNED_DB]\", \"applicationName\" : \"f13_qualification_reset\", \"usename\" : \"ubuntu\"}\n",
      "stderr": "psql:[REDACTED_PATH] NOTICE:  F18_RESET_BACKEND pid=49191 datname=f3_[RUN_OWNED_DB] app=f13_qualification_reset\npsql:[REDACTED_PATH] NOTICE:  F18_RESET_LOCK_ACQUIRED pid=49191\npsql:[REDACTED_PATH] ERROR:  F13_UNEXPECTED_OBJECT_OR_DEPENDENCY: live tuple not in FINITE_DEPENDENCY_ALLOWLIST foreign_key|memberships_group_id_fkey|public.memberships|public.profiles\nCONTEXT:  PL/pgSQL function inline_code_block line 123 at RAISE\n",
      "lockWaitObserved": null,
      "lockSamples": null,
      "preResetCommittedDrift": null,
      "interleaving": null,
      "backendBoundLock": null,
      "holderCommitted": null,
      "holderResult": null,
      "timedOut": false,
      "status": 3,
      "appliedSqlIdentity": "3118ee6f1937bfc0e1aa6e752e8aa039e0e4ea297e01fc62a75e22f0cb48f319",
      "reparseAttestation": null,
      "processEvidenceRejected": false
    },
    {
      "id": "TX_T3_APPROVED_SET_SUCCESS",
      "kind": "scenario",
      "ok": true,
      "capture": "unchanged-approved-dependency-set",
      "resetApply": 1,
      "sql": true,
      "observedPhase": "T7_COMMIT",
      "commit": true,
      "rollback": null,
      "replay": false,
      "code": null,
      "verdict": "QUALIFICATION_BASELINE_PRESERVE_BTREE_GIST_V1",
      "executedTransaction": true,
      "note": "unchanged approved dependency set commits QUALIFICATION_BASELINE_PRESERVE_BTREE_GIST_V1",
      "captureCalls": 1,
      "transportCalls": 1,
      "applyCalls": 1,
      "sqlCalls": 1,
      "mutationPhaseReached": true,
      "processStatus": 0,
      "signal": null,
      "timeout": false,
      "thrown": false,
      "structuredError": null,
      "streams": {
        "capturedBeforeEncode": true,
        "originalStdoutSha256": "0d57cc6f7291212c1298d003ad90c09f59b052a54841ba299090c2bfb7ad029a",
        "originalStdoutByteLength": 1088,
        "originalStderrSha256": "f9ac496557bab8918c1e333d1f135afc95e7e195384c24e0774fff49f5635355",
        "originalStderrByteLength": 13832,
        "packagedStdoutSha256": "0d57cc6f7291212c1298d003ad90c09f59b052a54841ba299090c2bfb7ad029a",
        "packagedStdoutByteLength": 1088,
        "packagedStderrSha256": "d43753ef15e32a0f103fde35283a72b32ad012638b2324e2c707832fe9ef4618",
        "packagedStderrByteLength": 9125,
        "originalByteEqual": false,
        "reconstructedFromSummary": false,
        "transformApplied": true
      },
      "stdout": "{\"schema\" : \"f15-qualification-reset-tx-observation-v1\", \"phase\" : \"T1_BEGIN\", \"event\" : \"began\", \"backendPid\" : 49203, \"datname\" : \"f3_[RUN_OWNED_DB]\", \"applicationName\" : \"f13_qualification_reset\", \"usename\" : \"ubuntu\"}\n{\"schema\" : \"f15-qualification-reset-tx-observation-v1\", \"phase\" : \"T2_LOCK\", \"event\" : \"locked\", \"backendPid\" : 49203, \"datname\" : \"f3_[RUN_OWNED_DB]\", \"applicationName\" : \"f13_qualification_reset\", \"usename\" : \"ubuntu\"}\n{\"schema\":\"f15-qualification-reset-tx-observation-v1\",\"phase\":\"T3_REVALIDATE\",\"event\":\"revalidated\"}\n{\"schema\":\"f15-qualification-reset-tx-observation-v1\",\"phase\":\"T4_MUTATE\",\"event\":\"mutate_attempted\"}\n{\"schema\":\"f15-qualification-reset-tx-observation-v1\",\"phase\":\"T5_AFFECTED\",\"event\":\"affected_checked\"}\n{\"schema\":\"f15-qualification-reset-tx-observation-v1\",\"phase\":\"T6_FINAL\",\"event\":\"final_ok\"}\n{\"schema\":\"f15-qualification-reset-tx-observation-v1\",\"phase\":\"T7_COMMIT\",\"event\":\"commit_attempted\"}\n{\"schema\":\"f15-qualification-reset-tx-observation-v1\",\"phase\":\"T7_COMMIT\",\"event\":\"committed\",\"committed\":true}\n",
      "stderr": "psql:[REDACTED_PATH] NOTICE:  F18_RESET_BACKEND pid=49203 datname=f3_[RUN_OWNED_DB] app=f13_qualification_reset\npsql:[REDACTED_PATH] NOTICE:  F18_RESET_LOCK_ACQUIRED pid=49203\npsql:[REDACTED_PATH] NOTICE:  function public.get_financial_cashbook(uuid,pg_catalog.timestamptz,pg_catalog.timestamptz,uuid,text,pg_catalog.int4,pg_catalog.int4) does not exist, skipping\npsql:[REDACTED_PATH] NOTICE:  function public.get_financial_projection_bundle(uuid,pg_catalog.timestamptz,pg_catalog.timestamptz,pg_catalog.timestamptz) does not exist, skipping\npsql:[REDACTED_PATH] NOTICE:  function public.post_financial_command(jsonb) does not exist, skipping\npsql:[REDACTED_PATH] NOTICE:  function public.correct_financial_event(jsonb) does not exist, skipping\npsql:[REDACTED_PATH] NOTICE:  type \"notification_channel\" does not exist, skipping\npsql:[REDACTED_PATH] NOTICE:  function public.execute_member_transfer(jsonb) does not exist, skipping\npsql:[REDACTED_PATH] NOTICE:  function public.request_member_transfer(jsonb) does not exist, skipping\npsql:[REDACTED_PATH] NOTICE:  function public.has_group_permission(uuid,text,uuid) does not exist, skipping\npsql:[REDACTED_PATH] NOTICE:  function public.compute_member_standing(uuid) does not exist, skipping\npsql:[REDACTED_PATH] NOTICE:  function public.m2_is_valid_iana_timezone(text) does not exist, skipping\npsql:[REDACTED_PATH] NOTICE:  function public.notification_policy_set_updated_at() does not exist, skipping\npsql:[REDACTED_PATH] NOTICE:  function public.uuid_generate_v5(uuid,text) does not exist, skipping\npsql:[REDACTED_PATH] NOTICE:  schema \"financial_core\" does not exist, skipping\npsql:[REDACTED_PATH] NOTICE:  schema \"financial_core\" does not exist, skipping\npsql:[REDACTED_PATH] NOTICE:  schema \"financial_core\" does not exist, skipping\npsql:[REDACTED_PATH] NOTICE:  schema \"financial_core\" does not exist, skipping\npsql:[REDACTED_PATH] NOTICE:  schema \"financial_core\" does not exist, skipping\npsql:[REDACTED_PATH] NOTICE:  schema \"financial_core\" does not exist, skipping\npsql:[REDACTED_PATH] NOTICE:  schema \"financial_core\" does not exist, skipping\npsql:[REDACTED_PATH] NOTICE:  schema \"financial_core\" does not exist, skipping\npsql:[REDACTED_PATH] NOTICE:  schema \"financial_core\" does not exist, skipping\npsql:[REDACTED_PATH] NOTICE:  schema \"financial_core\" does not exist, skipping\npsql:[REDACTED_PATH] NOTICE:  schema \"financial_core\" does not exist, skipping\npsql:[REDACTED_PATH] NOTICE:  schema \"financial_core\" does not exist, skipping\npsql:[REDACTED_PATH] NOTICE:  schema \"financial_core\" does not exist, skipping\npsql:[REDACTED_PATH] NOTICE:  schema \"financial_core\" does not exist, skipping\npsql:[REDACTED_PATH] NOTICE:  schema \"financial_core\" does not exist, skipping\npsql:[REDACTED_PATH] NOTICE:  schema \"financial_core\" does not exist, skipping\npsql:[REDACTED_PATH] NOTICE:  schema \"financial_core\" does not exist, skipping\npsql:[REDACTED_PATH] NOTICE:  schema \"financial_core\" does not exist, skipping\npsql:[REDACTED_PATH] NOTICE:  schema \"financial_core\" does not exist, skipping\npsql:[REDACTED_PATH] NOTICE:  schema \"financial_core\" does not exist, skipping\npsql:[REDACTED_PATH] NOTICE:  schema \"financial_core\" does not exist, skipping\npsql:[REDACTED_PATH] NOTICE:  schema \"financial_core\" does not exist, skipping\npsql:[REDACTED_PATH] NOTICE:  schema \"financial_core\" does not exist, skipping\npsql:[REDACTED_PATH] NOTICE:  schema \"financial_core\" does not exist, skipping\npsql:[REDACTED_PATH] NOTICE:  schema \"financial_core\" does not exist, skipping\npsql:[REDACTED_PATH] NOTICE:  schema \"financial_core\" does not exist, skipping\npsql:[REDACTED_PATH] NOTICE:  schema \"financial_core\" does not exist, skipping\npsql:[REDACTED_PATH] NOTICE:  schema \"financial_core\" does not exist, skipping\npsql:[REDACTED_PATH] NOTICE:  schema \"financial_core\" does not exist, skipping\npsql:[REDACTED_PATH] NOTICE:  schema \"financial_core\" does not exist, skipping\npsql:[REDACTED_PATH] NOTICE:  schema \"financial_core\" does not exist, skipping\npsql:[REDACTED_PATH] NOTICE:  schema \"financial_core\" does not exist, skipping\npsql:[REDACTED_PATH] NOTICE:  schema \"financial_core\" does not exist, skipping\npsql:[REDACTED_PATH] NOTICE:  schema \"financial_core\" does not exist, skipping\npsql:[REDACTED_PATH] NOTICE:  schema \"financial_core\" does not exist, skipping\npsql:[REDACTED_PATH] NOTICE:  schema \"financial_core\" does not exist, skipping\npsql:[REDACTED_PATH] NOTICE:  schema \"financial_core\" does not exist, skipping\npsql:[REDACTED_PATH] NOTICE:  schema \"financial_core\" does not exist, skipping\npsql:[REDACTED_PATH] NOTICE:  schema \"financial_core\" does not exist, skipping\npsql:[REDACTED_PATH] NOTICE:  schema \"financial_core\" does not exist, skipping\npsql:[REDACTED_PATH] NOTICE:  schema \"financial_core\" does not exist, skipping\npsql:[REDACTED_PATH] NOTICE:  schema \"financial_core\" does not exist, skipping\npsql:[REDACTED_PATH] NOTICE:  schema \"financial_core\" does not exist, skipping\npsql:[REDACTED_PATH] NOTICE:  schema \"financial_core\" does not exist, skipping\npsql:[REDACTED_PATH] NOTICE:  schema \"financial_private\" does not exist, skipping\npsql:[REDACTED_PATH] NOTICE:  schema \"financial_core\" does not exist, skipping\npsql:[REDACTED_PATH] NOTICE:  schema \"financial_core\" does not exist, skipping\npsql:[REDACTED_PATH] NOTICE:  schema \"financial_core\" does not exist, skipping\npsql:[REDACTED_PATH] NOTICE:  table \"financial_postings\" does not exist, skipping\npsql:[REDACTED_PATH] NOTICE:  table \"financial_events\" does not exist, skipping\npsql:[REDACTED_PATH] NOTICE:  table \"financial_categories\" does not exist, skipping\npsql:[REDACTED_PATH] NOTICE:  table \"financial_funds\" does not exist, skipping\npsql:[REDACTED_PATH] NOTICE:  table \"financial_ledger_epochs\" does not exist, skipping\npsql:[REDACTED_PATH] NOTICE:  schema \"financial_private\" does not exist, skipping\npsql:[REDACTED_PATH] NOTICE:  schema \"financial_private\" does not exist, skipping\npsql:[REDACTED_PATH] NOTICE:  table \"notification_policy_triggers\" does not exist, skipping\npsql:[REDACTED_PATH] NOTICE:  table \"notification_policy_occurrences\" does not exist, skipping\npsql:[REDACTED_PATH] NOTICE:  table \"notification_policies\" does not exist, skipping\npsql:[REDACTED_PATH] NOTICE:  table \"position_assignments\" does not exist, skipping\npsql:[REDACTED_PATH] NOTICE:  table \"position_permissions\" does not exist, skipping\npsql:[REDACTED_PATH] NOTICE:  table \"group_positions\" does not exist, skipping\npsql:[REDACTED_PATH] NOTICE:  table \"hosting_swap_requests\" does not exist, skipping\npsql:[REDACTED_PATH] NOTICE:  table \"hosting_assignments\" does not exist, skipping\npsql:[REDACTED_PATH] NOTICE:  table \"hosting_rosters\" does not exist, skipping\npsql:[REDACTED_PATH] NOTICE:  table \"payment_obligation_applications\" does not exist, skipping\npsql:[REDACTED_PATH] NOTICE:  table \"payments\" does not exist, skipping\npsql:[REDACTED_PATH] NOTICE:  table \"contribution_obligations\" does not exist, skipping\npsql:[REDACTED_PATH] NOTICE:  table \"relief_remittances\" does not exist, skipping\npsql:[REDACTED_PATH] NOTICE:  table \"relief_claims\" does not exist, skipping\npsql:[REDACTED_PATH] NOTICE:  table \"relief_enrollments\" does not exist, skipping\npsql:[REDACTED_PATH] NOTICE:  table \"relief_plans\" does not exist, skipping\npsql:[REDACTED_PATH] NOTICE:  table \"fines\" does not exist, skipping\npsql:[REDACTED_PATH] NOTICE:  table \"member_transfers\" does not exist, skipping\npsql:[REDACTED_PATH] NOTICE:  table \"invitations\" does not exist, skipping\npsql:[REDACTED_PATH] NOTICE:  table \"elections\" does not exist, skipping\npsql:[REDACTED_PATH] NOTICE:  table \"events\" does not exist, skipping\npsql:[REDACTED_PATH] NOTICE:  table \"meeting_minutes\" does not exist, skipping\npsql:[REDACTED_PATH] NOTICE:  table \"announcements\" does not exist, skipping\npsql:[REDACTED_PATH] NOTICE:  table \"notifications_queue\" does not exist, skipping\npsql:[REDACTED_PATH] NOTICE:  table \"loans\" does not exist, skipping\npsql:[REDACTED_PATH] NOTICE:  table \"projects\" does not exist, skipping\npsql:[REDACTED_PATH] NOTICE:  table \"group_subscriptions\" does not exist, skipping\npsql:[REDACTED_PATH] NOTICE:  table \"organizations\" does not exist, skipping\npsql:[REDACTED_PATH] NOTICE:  table \"__f3_acl_platform_canary_20260915\" does not exist, skipping\npsql:[REDACTED_PATH] NOTICE:  sequence \"__f3_acl_platform_canary_20260915_id_seq\" does not exist, skipping\npsql:[REDACTED_PATH] NOTICE:  type \"public.financial_account_kind\" does not exist, skipping\npsql:[REDACTED_PATH] NOTICE:  type \"public.financial_account_status\" does not exist, skipping\npsql:[REDACTED_PATH] NOTICE:  type \"public.financial_category_class\" does not exist, skipping\npsql:[REDACTED_PATH] NOTICE:  type \"public.financial_config_status\" does not exist, skipping\npsql:[REDACTED_PATH] NOTICE:  type \"public.financial_control_class\" does not exist, skipping\npsql:[REDACTED_PATH] NOTICE:  type \"public.financial_event_class\" does not exist, skipping\npsql:[REDACTED_PATH] NOTICE:  type \"public.financial_event_status\" does not exist, skipping\npsql:[REDACTED_PATH] NOTICE:  type \"public.notification_channel\" does not exist, skipping\n",
      "lockWaitObserved": null,
      "lockSamples": null,
      "preResetCommittedDrift": null,
      "interleaving": null,
      "backendBoundLock": null,
      "holderCommitted": null,
      "holderResult": null,
      "timedOut": false,
      "status": 0,
      "appliedSqlIdentity": "3118ee6f1937bfc0e1aa6e752e8aa039e0e4ea297e01fc62a75e22f0cb48f319",
      "reparseAttestation": {
        "ok": true,
        "consistent": true,
        "schema": "f18-qualification-reset-stored-process-adapter-v1",
        "parsedOk": true,
        "observationCount": 8,
        "lastEvent": {
          "schema": "f15-qualification-reset-tx-observation-v1",
          "phase": "T7_COMMIT",
          "event": "committed",
          "committed": true
        },
        "interpretedCommitted": true,
        "interpretedVerdictPath": "QUALIFICATION_BASELINE_PRESERVE_BTREE_GIST_V1",
        "phaseReached": "T7_COMMIT",
        "t7CommitAttempted": true,
        "t7CommittedTrue": true,
        "processStatus": 0,
        "processFailed": false,
        "genuineSuccess": true,
        "genuineFailure": false,
        "successClaimedUncommitted": false,
        "failureBecameCommitted": false,
        "mappedProcessStatusToStatus": false
      },
      "processEvidenceRejected": false
    },
    {
      "id": "F21_TX_PRESERVE_EXTENSION_AND_MEMBERS",
      "kind": "scenario",
      "ok": true,
      "capture": "preinstalled-btree_gist-plus-eligible-leftover",
      "resetApply": 1,
      "sql": true,
      "observedPhase": null,
      "commit": true,
      "rollback": null,
      "replay": false,
      "code": null,
      "verdict": "QUALIFICATION_BASELINE_PRESERVE_BTREE_GIST_V1",
      "executedTransaction": true,
      "note": "reset preserves btree_gist and authenticated members; only approved leftovers/history change",
      "captureCalls": 1,
      "transportCalls": 1,
      "applyCalls": 1,
      "sqlCalls": 1,
      "mutationPhaseReached": true,
      "processStatus": 0,
      "signal": null,
      "timeout": false,
      "thrown": false,
      "structuredError": null,
      "streams": {
        "capturedBeforeEncode": true,
        "originalStdoutSha256": "93537331cf5ff4a551da01dca36af37a86e8ccc8d344aedffb8deeb14a692619",
        "originalStdoutByteLength": 1088,
        "originalStderrSha256": "4b0a52f5ae52c1087a8abd521a662b47e70f5e84c98b9ca61c2a5e83ee15c4e4",
        "originalStderrByteLength": 14181,
        "packagedStdoutSha256": "93537331cf5ff4a551da01dca36af37a86e8ccc8d344aedffb8deeb14a692619",
        "packagedStdoutByteLength": 1088,
        "packagedStderrSha256": "c4a51df29af77e991b26ae1388c68ad79612e8efc51d7ec640023a8b72ded372",
        "packagedStderrByteLength": 9342,
        "originalByteEqual": false,
        "reconstructedFromSummary": false,
        "transformApplied": true
      },
      "stdout": "{\"schema\" : \"f15-qualification-reset-tx-observation-v1\", \"phase\" : \"T1_BEGIN\", \"event\" : \"began\", \"backendPid\" : 49254, \"datname\" : \"f3_[RUN_OWNED_DB]\", \"applicationName\" : \"f13_qualification_reset\", \"usename\" : \"ubuntu\"}\n{\"schema\" : \"f15-qualification-reset-tx-observation-v1\", \"phase\" : \"T2_LOCK\", \"event\" : \"locked\", \"backendPid\" : 49254, \"datname\" : \"f3_[RUN_OWNED_DB]\", \"applicationName\" : \"f13_qualification_reset\", \"usename\" : \"ubuntu\"}\n{\"schema\":\"f15-qualification-reset-tx-observation-v1\",\"phase\":\"T3_REVALIDATE\",\"event\":\"revalidated\"}\n{\"schema\":\"f15-qualification-reset-tx-observation-v1\",\"phase\":\"T4_MUTATE\",\"event\":\"mutate_attempted\"}\n{\"schema\":\"f15-qualification-reset-tx-observation-v1\",\"phase\":\"T5_AFFECTED\",\"event\":\"affected_checked\"}\n{\"schema\":\"f15-qualification-reset-tx-observation-v1\",\"phase\":\"T6_FINAL\",\"event\":\"final_ok\"}\n{\"schema\":\"f15-qualification-reset-tx-observation-v1\",\"phase\":\"T7_COMMIT\",\"event\":\"commit_attempted\"}\n{\"schema\":\"f15-qualification-reset-tx-observation-v1\",\"phase\":\"T7_COMMIT\",\"event\":\"committed\",\"committed\":true}\n",
      "stderr": "psql:[REDACTED_PATH] NOTICE:  F18_RESET_BACKEND pid=49254 datname=f3_[RUN_OWNED_DB] app=f13_qualification_reset\npsql:[REDACTED_PATH] NOTICE:  F18_RESET_LOCK_ACQUIRED pid=49254\npsql:[REDACTED_PATH] NOTICE:  function public.get_financial_cashbook(uuid,pg_catalog.timestamptz,pg_catalog.timestamptz,uuid,text,pg_catalog.int4,pg_catalog.int4) does not exist, skipping\npsql:[REDACTED_PATH] NOTICE:  function public.get_financial_projection_bundle(uuid,pg_catalog.timestamptz,pg_catalog.timestamptz,pg_catalog.timestamptz) does not exist, skipping\npsql:[REDACTED_PATH] NOTICE:  function public.post_financial_command(jsonb) does not exist, skipping\npsql:[REDACTED_PATH] NOTICE:  function public.correct_financial_event(jsonb) does not exist, skipping\npsql:[REDACTED_PATH] NOTICE:  type \"notification_channel\" does not exist, skipping\npsql:[REDACTED_PATH] NOTICE:  function public.execute_member_transfer(jsonb) does not exist, skipping\npsql:[REDACTED_PATH] NOTICE:  function public.request_member_transfer(jsonb) does not exist, skipping\npsql:[REDACTED_PATH] NOTICE:  function public.has_group_permission(uuid,text,uuid) does not exist, skipping\npsql:[REDACTED_PATH] NOTICE:  function public.compute_member_standing(uuid) does not exist, skipping\npsql:[REDACTED_PATH] NOTICE:  function public.m2_is_valid_iana_timezone(text) does not exist, skipping\npsql:[REDACTED_PATH] NOTICE:  function public.notification_policy_set_updated_at() does not exist, skipping\npsql:[REDACTED_PATH] NOTICE:  function public.uuid_generate_v5(uuid,text) does not exist, skipping\npsql:[REDACTED_PATH] NOTICE:  schema \"financial_core\" does not exist, skipping\npsql:[REDACTED_PATH] NOTICE:  schema \"financial_core\" does not exist, skipping\npsql:[REDACTED_PATH] NOTICE:  schema \"financial_core\" does not exist, skipping\npsql:[REDACTED_PATH] NOTICE:  schema \"financial_core\" does not exist, skipping\npsql:[REDACTED_PATH] NOTICE:  schema \"financial_core\" does not exist, skipping\npsql:[REDACTED_PATH] NOTICE:  schema \"financial_core\" does not exist, skipping\npsql:[REDACTED_PATH] NOTICE:  schema \"financial_core\" does not exist, skipping\npsql:[REDACTED_PATH] NOTICE:  schema \"financial_core\" does not exist, skipping\npsql:[REDACTED_PATH] NOTICE:  schema \"financial_core\" does not exist, skipping\npsql:[REDACTED_PATH] NOTICE:  schema \"financial_core\" does not exist, skipping\npsql:[REDACTED_PATH] NOTICE:  schema \"financial_core\" does not exist, skipping\npsql:[REDACTED_PATH] NOTICE:  schema \"financial_core\" does not exist, skipping\npsql:[REDACTED_PATH] NOTICE:  schema \"financial_core\" does not exist, skipping\npsql:[REDACTED_PATH] NOTICE:  schema \"financial_core\" does not exist, skipping\npsql:[REDACTED_PATH] NOTICE:  schema \"financial_core\" does not exist, skipping\npsql:[REDACTED_PATH] NOTICE:  schema \"financial_core\" does not exist, skipping\npsql:[REDACTED_PATH] NOTICE:  schema \"financial_core\" does not exist, skipping\npsql:[REDACTED_PATH] NOTICE:  schema \"financial_core\" does not exist, skipping\npsql:[REDACTED_PATH] NOTICE:  schema \"financial_core\" does not exist, skipping\npsql:[REDACTED_PATH] NOTICE:  schema \"financial_core\" does not exist, skipping\npsql:[REDACTED_PATH] NOTICE:  schema \"financial_core\" does not exist, skipping\npsql:[REDACTED_PATH] NOTICE:  schema \"financial_core\" does not exist, skipping\npsql:[REDACTED_PATH] NOTICE:  schema \"financial_core\" does not exist, skipping\npsql:[REDACTED_PATH] NOTICE:  schema \"financial_core\" does not exist, skipping\npsql:[REDACTED_PATH] NOTICE:  schema \"financial_core\" does not exist, skipping\npsql:[REDACTED_PATH] NOTICE:  schema \"financial_core\" does not exist, skipping\npsql:[REDACTED_PATH] NOTICE:  schema \"financial_core\" does not exist, skipping\npsql:[REDACTED_PATH] NOTICE:  schema \"financial_core\" does not exist, skipping\npsql:[REDACTED_PATH] NOTICE:  schema \"financial_core\" does not exist, skipping\npsql:[REDACTED_PATH] NOTICE:  schema \"financial_core\" does not exist, skipping\npsql:[REDACTED_PATH] NOTICE:  schema \"financial_core\" does not exist, skipping\npsql:[REDACTED_PATH] NOTICE:  schema \"financial_core\" does not exist, skipping\npsql:[REDACTED_PATH] NOTICE:  schema \"financial_core\" does not exist, skipping\npsql:[REDACTED_PATH] NOTICE:  schema \"financial_core\" does not exist, skipping\npsql:[REDACTED_PATH] NOTICE:  schema \"financial_core\" does not exist, skipping\npsql:[REDACTED_PATH] NOTICE:  schema \"financial_core\" does not exist, skipping\npsql:[REDACTED_PATH] NOTICE:  schema \"financial_core\" does not exist, skipping\npsql:[REDACTED_PATH] NOTICE:  schema \"financial_core\" does not exist, skipping\npsql:[REDACTED_PATH] NOTICE:  schema \"financial_core\" does not exist, skipping\npsql:[REDACTED_PATH] NOTICE:  schema \"financial_core\" does not exist, skipping\npsql:[REDACTED_PATH] NOTICE:  schema \"financial_core\" does not exist, skipping\npsql:[REDACTED_PATH] NOTICE:  schema \"financial_core\" does not exist, skipping\npsql:[REDACTED_PATH] NOTICE:  schema \"financial_core\" does not exist, skipping\npsql:[REDACTED_PATH] NOTICE:  schema \"financial_core\" does not exist, skipping\npsql:[REDACTED_PATH] NOTICE:  schema \"financial_private\" does not exist, skipping\npsql:[REDACTED_PATH] NOTICE:  schema \"financial_core\" does not exist, skipping\npsql:[REDACTED_PATH] NOTICE:  schema \"financial_core\" does not exist, skipping\npsql:[REDACTED_PATH] NOTICE:  schema \"financial_core\" does not exist, skipping\npsql:[REDACTED_PATH] NOTICE:  table \"financial_postings\" does not exist, skipping\npsql:[REDACTED_PATH] NOTICE:  table \"financial_events\" does not exist, skipping\npsql:[REDACTED_PATH] NOTICE:  table \"financial_categories\" does not exist, skipping\npsql:[REDACTED_PATH] NOTICE:  table \"financial_funds\" does not exist, skipping\npsql:[REDACTED_PATH] NOTICE:  table \"financial_ledger_epochs\" does not exist, skipping\npsql:[REDACTED_PATH] NOTICE:  schema \"financial_private\" does not exist, skipping\npsql:[REDACTED_PATH] NOTICE:  schema \"financial_private\" does not exist, skipping\npsql:[REDACTED_PATH] NOTICE:  table \"notification_policy_triggers\" does not exist, skipping\npsql:[REDACTED_PATH] NOTICE:  table \"notification_policy_occurrences\" does not exist, skipping\npsql:[REDACTED_PATH] NOTICE:  table \"notification_policies\" does not exist, skipping\npsql:[REDACTED_PATH] NOTICE:  table \"position_assignments\" does not exist, skipping\npsql:[REDACTED_PATH] NOTICE:  table \"position_permissions\" does not exist, skipping\npsql:[REDACTED_PATH] NOTICE:  table \"group_positions\" does not exist, skipping\npsql:[REDACTED_PATH] NOTICE:  table \"hosting_swap_requests\" does not exist, skipping\npsql:[REDACTED_PATH] NOTICE:  table \"hosting_assignments\" does not exist, skipping\npsql:[REDACTED_PATH] NOTICE:  table \"hosting_rosters\" does not exist, skipping\npsql:[REDACTED_PATH] NOTICE:  table \"payment_obligation_applications\" does not exist, skipping\npsql:[REDACTED_PATH] NOTICE:  table \"payments\" does not exist, skipping\npsql:[REDACTED_PATH] NOTICE:  table \"contribution_obligations\" does not exist, skipping\npsql:[REDACTED_PATH] NOTICE:  table \"relief_remittances\" does not exist, skipping\npsql:[REDACTED_PATH] NOTICE:  table \"relief_claims\" does not exist, skipping\npsql:[REDACTED_PATH] NOTICE:  table \"relief_enrollments\" does not exist, skipping\npsql:[REDACTED_PATH] NOTICE:  table \"relief_plans\" does not exist, skipping\npsql:[REDACTED_PATH] NOTICE:  table \"fines\" does not exist, skipping\npsql:[REDACTED_PATH] NOTICE:  table \"member_transfers\" does not exist, skipping\npsql:[REDACTED_PATH] NOTICE:  table \"invitations\" does not exist, skipping\npsql:[REDACTED_PATH] NOTICE:  table \"elections\" does not exist, skipping\npsql:[REDACTED_PATH] NOTICE:  table \"events\" does not exist, skipping\npsql:[REDACTED_PATH] NOTICE:  table \"meeting_minutes\" does not exist, skipping\npsql:[REDACTED_PATH] NOTICE:  table \"announcements\" does not exist, skipping\npsql:[REDACTED_PATH] NOTICE:  table \"notifications_queue\" does not exist, skipping\npsql:[REDACTED_PATH] NOTICE:  table \"loans\" does not exist, skipping\npsql:[REDACTED_PATH] NOTICE:  table \"projects\" does not exist, skipping\npsql:[REDACTED_PATH] NOTICE:  table \"group_subscriptions\" does not exist, skipping\npsql:[REDACTED_PATH] NOTICE:  table \"memberships\" does not exist, skipping\npsql:[REDACTED_PATH] NOTICE:  table \"groups\" does not exist, skipping\npsql:[REDACTED_PATH] NOTICE:  table \"profiles\" does not exist, skipping\npsql:[REDACTED_PATH] NOTICE:  table \"organizations\" does not exist, skipping\npsql:[REDACTED_PATH] NOTICE:  table \"__f3_acl_platform_canary_20260915\" does not exist, skipping\npsql:[REDACTED_PATH] NOTICE:  sequence \"__f3_acl_platform_canary_20260915_id_seq\" does not exist, skipping\npsql:[REDACTED_PATH] NOTICE:  type \"public.financial_account_kind\" does not exist, skipping\npsql:[REDACTED_PATH] NOTICE:  type \"public.financial_account_status\" does not exist, skipping\npsql:[REDACTED_PATH] NOTICE:  type \"public.financial_category_class\" does not exist, skipping\npsql:[REDACTED_PATH] NOTICE:  type \"public.financial_config_status\" does not exist, skipping\npsql:[REDACTED_PATH] NOTICE:  type \"public.financial_control_class\" does not exist, skipping\npsql:[REDACTED_PATH] NOTICE:  type \"public.financial_event_class\" does not exist, skipping\npsql:[REDACTED_PATH] NOTICE:  type \"public.financial_event_status\" does not exist, skipping\npsql:[REDACTED_PATH] NOTICE:  type \"public.notification_channel\" does not exist, skipping\n",
      "lockWaitObserved": null,
      "lockSamples": null,
      "preResetCommittedDrift": null,
      "interleaving": null,
      "backendBoundLock": null,
      "holderCommitted": null,
      "holderResult": null,
      "timedOut": false,
      "status": 0,
      "appliedSqlIdentity": "80f5d8ad2ebdfaf5e6ceab0f47f02409f792d25a9c41160640a2d62853c86af7",
      "reparseAttestation": null,
      "catalogBefore": {
        "extension": "btree_gist",
        "memberCount": "264",
        "typedMembers": 188
      },
      "catalogAfter": {
        "extension": "btree_gist",
        "memberCount": "264"
      },
      "processEvidenceRejected": false
    },
    {
      "id": "F21_NAME_ONLY_OR_UNRELATED_LEFTOVER_HOLD",
      "kind": "scenario",
      "ok": true,
      "capture": "unrelated-gbt-name-without-membership",
      "resetApply": null,
      "sql": null,
      "observedPhase": null,
      "commit": null,
      "rollback": null,
      "replay": false,
      "code": "F13_UNEXPECTED_OBJECT_OR_DEPENDENCY",
      "verdict": "HOLD",
      "executedTransaction": false,
      "note": "name-only/unrelated leftover is unexpected; extension members are not a prefix allowlist",
      "captureCalls": null,
      "transportCalls": null,
      "applyCalls": null,
      "sqlCalls": null,
      "mutationPhaseReached": false,
      "processStatus": null,
      "signal": null,
      "timeout": null,
      "thrown": false,
      "structuredError": null,
      "streams": null,
      "stdout": null,
      "stderr": null,
      "lockWaitObserved": null,
      "lockSamples": null,
      "preResetCommittedDrift": null,
      "interleaving": null,
      "backendBoundLock": null,
      "holderCommitted": null,
      "holderResult": null,
      "timedOut": null,
      "status": null,
      "appliedSqlIdentity": null,
      "reparseAttestation": null
    },
    {
      "id": "F21_LOCAL_QUAL_FROM_00118_PREINSTALLED_INDUCED_HOLD",
      "kind": "scenario",
      "ok": true,
      "capture": "preinstalled-extension-then-00118",
      "resetApply": null,
      "sql": null,
      "observedPhase": null,
      "commit": null,
      "rollback": null,
      "replay": false,
      "code": "F3_ABORT",
      "verdict": "HOLD",
      "executedTransaction": false,
      "note": "DOCUMENTED QUALIFICATION FIXTURE — NOT A CLEAN 00001–00117 REPLAY AND NOT PRODUCTION-EQUIVALENT",
      "captureCalls": null,
      "transportCalls": null,
      "applyCalls": null,
      "sqlCalls": null,
      "mutationPhaseReached": false,
      "processStatus": null,
      "signal": null,
      "timeout": null,
      "thrown": false,
      "structuredError": null,
      "streams": null,
      "stdout": null,
      "stderr": null,
      "lockWaitObserved": null,
      "lockSamples": null,
      "preResetCommittedDrift": null,
      "interleaving": null,
      "backendBoundLock": null,
      "holderCommitted": null,
      "holderResult": null,
      "timedOut": null,
      "status": null,
      "appliedSqlIdentity": null,
      "reparseAttestation": null,
      "inducedFailure": "ERROR:  F3_ABORT: has_group_permission overload count=0 (expected 1; do not add 2-arg)\nCONTEXT:  PL/pgSQL function inline_code_block line 16 at RAISE\n",
      "catalogAfter": {
        "extension": "btree_gist"
      }
    },
    {
      "id": "F22_COMPLETE_LOCAL_QUALIFICATION",
      "kind": "scenario",
      "ok": true,
      "capture": "preserve-reset-then-shared-qualify-fault-injection-00118",
      "resetApply": 1,
      "sql": null,
      "observedPhase": null,
      "commit": true,
      "rollback": null,
      "replay": false,
      "code": null,
      "verdict": "HOLD",
      "executedTransaction": true,
      "note": "DOCUMENTED QUALIFICATION FIXTURE — NOT A CLEAN 00001–00117 REPLAY AND NOT PRODUCTION-EQUIVALENT",
      "captureCalls": null,
      "transportCalls": null,
      "applyCalls": 1,
      "sqlCalls": null,
      "mutationPhaseReached": false,
      "processStatus": null,
      "signal": null,
      "timeout": null,
      "thrown": false,
      "structuredError": null,
      "streams": null,
      "stdout": null,
      "stderr": null,
      "lockWaitObserved": null,
      "lockSamples": null,
      "preResetCommittedDrift": null,
      "interleaving": null,
      "backendBoundLock": null,
      "holderCommitted": null,
      "holderResult": null,
      "timedOut": null,
      "status": null,
      "appliedSqlIdentity": null,
      "reparseAttestation": null,
      "preFloorVerdict": "QUALIFICATION_BASELINE_PRESERVE_BTREE_GIST_V1",
      "qualifyStatus": "HOLD",
      "qualifyError": "HOLD: repair-safety gate failed; poison cleaned; repair not spawned; no continuation",
      "qualifyErrorCode": null,
      "verificationMode": "fault-injection",
      "verificationModeRecorded": {
        "ok": true,
        "mode": "fault-injection",
        "selectedBeforeDatabaseOperations": true,
        "hostedAuthority": false,
        "faultInjection": true,
        "normalApplication": false,
        "note": "Local verification mode only. Supplies no hosted authority."
      },
      "completeThrough00123": false,
      "migrationsAppliedThrough00123": false,
      "documentedAtomicRollbackHold": true,
      "localApplicationComplete": false,
      "faultInjectionSafetyPass": true,
      "remainingHold": "F22_LOCAL_CLI_ATOMIC_ROLLBACK_REPAIR_REFUSED",
      "classification": {
        "nonzeroExit": true,
        "historyFailed": true,
        "historyInsertMentioned": true,
        "targetVersionPresent": false,
        "targetVersionAbsent": true,
        "sqlCommitted": false,
        "rolledBack": true,
        "split": "PRE_COMMIT_OR_ATOMIC_ROLLBACK",
        "knownFilenameVersion": "20260913173000",
        "repairAuthorizedByFilenameVersion": false
      },
      "objectsPresent": false,
      "repairAttempted": false,
      "repairExercised": false,
      "floorInstalled": true,
      "preDbPushGatesOk": true,
      "sequenceLength": 1,
      "historyAfter": 0,
      "historyIdentities": {
        "ok": false,
        "expected": [
          {
            "file": "00118_f3_bounded_financial_epoch_foundation.sql",
            "version": "20260913173000",
            "name": "f3_bounded_financial_epoch_foundation"
          },
          {
            "file": "00119_f3_01_core_ledger_foundation.sql",
            "version": "20260913173001",
            "name": "f3_01_core_ledger_foundation"
          },
          {
            "file": "00120_f3_02_secure_posting_idempotency.sql",
            "version": "20260913173002",
            "name": "f3_02_secure_posting_idempotency"
          },
          {
            "file": "00121_f3_03_projection_read_proof.sql",
            "version": "20260913173003",
            "name": "f3_03_projection_read_proof"
          },
          {
            "file": "00122_f3_04_correction_reversal.sql",
            "version": "20260913173004",
            "name": "f3_04_correction_reversal"
          },
          {
            "file": "00123_f3_05_opening_cash_command.sql",
            "version": "20260913173005",
            "name": "f3_05_opening_cash_command"
          }
        ],
        "observed": [],
        "missing": [
          {
            "file": "00118_f3_bounded_financial_epoch_foundation.sql",
            "version": "20260913173000",
            "name": "f3_bounded_financial_epoch_foundation",
            "present": false
          },
          {
            "file": "00119_f3_01_core_ledger_foundation.sql",
            "version": "20260913173001",
            "name": "f3_01_core_ledger_foundation",
            "present": false
          },
          {
            "file": "00120_f3_02_secure_posting_idempotency.sql",
            "version": "20260913173002",
            "name": "f3_02_secure_posting_idempotency",
            "present": false
          },
          {
            "file": "00121_f3_03_projection_read_proof.sql",
            "version": "20260913173003",
            "name": "f3_03_projection_read_proof",
            "present": false
          },
          {
            "file": "00122_f3_04_correction_reversal.sql",
            "version": "20260913173004",
            "name": "f3_04_correction_reversal",
            "present": false
          },
          {
            "file": "00123_f3_05_opening_cash_command.sql",
            "version": "20260913173005",
            "name": "f3_05_opening_cash_command",
            "present": false
          }
        ],
        "extra": [],
        "count": 0,
        "expectedCount": 6,
        "identities": [
          {
            "file": "00118_f3_bounded_financial_epoch_foundation.sql",
            "version": "20260913173000",
            "name": "f3_bounded_financial_epoch_foundation",
            "present": false
          },
          {
            "file": "00119_f3_01_core_ledger_foundation.sql",
            "version": "20260913173001",
            "name": "f3_01_core_ledger_foundation",
            "present": false
          },
          {
            "file": "00120_f3_02_secure_posting_idempotency.sql",
            "version": "20260913173002",
            "name": "f3_02_secure_posting_idempotency",
            "present": false
          },
          {
            "file": "00121_f3_03_projection_read_proof.sql",
            "version": "20260913173003",
            "name": "f3_03_projection_read_proof",
            "present": false
          },
          {
            "file": "00122_f3_04_correction_reversal.sql",
            "version": "20260913173004",
            "name": "f3_04_correction_reversal",
            "present": false
          },
          {
            "file": "00123_f3_05_opening_cash_command.sql",
            "version": "20260913173005",
            "name": "f3_05_opening_cash_command",
            "present": false
          }
        ]
      },
      "expectedHistory": 6,
      "operationCounts": {
        "calibrationProbes": null,
        "migrationApplications": 2,
        "retries": 0,
        "repairs": 0,
        "historyInjects": 1
      },
      "floorCalls": 2,
      "dbPushCalls": 2,
      "repairCalls": 0,
      "substitutedInterfaces": [
        {
          "hosted": "getDisposableProjectIdentity (Management API)",
          "local": "local-fixture identity adapter; not hosted identity proof"
        },
        {
          "hosted": "listDisposableMigrationsViaGet (Management API)",
          "local": "local schema_migrations query via run-owned psql"
        },
        {
          "hosted": "constructImmutableValidatedTargetFromConnection",
          "local": "local-fixture target; production ref still rejected; not hosted identity proof"
        },
        {
          "hosted": "runDbQuery / runGatedRemoteSqlText / runIsolatedPoisonPsqlQuery",
          "local": "local-fixture psql (-t -A -w / -f) against run-owned f3_*"
        },
        {
          "hosted": "installHostedFloor (gated remote psql)",
          "local": "installStubLivePinFloorLocal (same SQL steps, local psql -f)"
        },
        {
          "hosted": "runDbPushCandidate / runFilenameVersionRepair via hosted --db-url",
          "local": "CLI 2.117.0 db push and migration repair as separate commands against local --db-url; not assertConstructedDbUrl hosted pooler"
        }
      ],
      "hostedIdentityProof": false,
      "membership": {
        "beforeReset": {
          "extensionPresent": true,
          "memberCount": 264,
          "identities": [
            "38555",
            "38557",
            "38559",
            "38561",
            "38563",
            "38565",
            "38567",
            "38569",
            "38571",
            "38573",
            "38575",
            "38577",
            "38589",
            "38590",
            "38615",
            "38616",
            "38641",
            "38642",
            "38667",
            "38668",
            "38693",
            "38694",
            "38719",
            "38720",
            "38748",
            "38749",
            "38766",
            "38767",
            "38794",
            "38795",
            "38812",
            "38813",
            "38835",
            "38836",
            "38862",
            "38863",
            "38888",
            "38889",
            "38913",
            "38914",
            "38937",
            "38938",
            "38953",
            "38954",
            "38975",
            "38976",
            "38997",
            "38998",
            "39019",
            "39020",
            "39035",
            "39036",
            "39057",
            "39058",
            "39072",
            "39073",
            "39094",
            "39095",
            "39117",
            "39118",
            "39140",
            "39141",
            "39167",
            "39168",
            "public._gbtreekey16",
            "public._gbtreekey2",
            "public._gbtreekey32",
            "public._gbtreekey4",
            "public._gbtreekey8",
            "public._gbtreekey_var",
            "public.cash_dist(money,money)",
            "public.date_dist(date,date)",
            "public.float4_dist(real,real)",
            "public.float8_dist(double precision,double precision)",
            "public.gbt_bit_compress(internal)",
            "public.gbt_bit_consistent(internal,bit,smallint,oid,internal)",
            "public.gbt_bit_penalty(internal,internal,internal)",
            "public.gbt_bit_picksplit(internal,internal)",
            "public.gbt_bit_same(gbtreekey_var,gbtreekey_var,internal)",
            "public.gbt_bit_union(internal,internal)",
            "public.gbt_bool_compress(internal)",
            "public.gbt_bool_consistent(internal,boolean,smallint,oid,internal)",
            "public.gbt_bool_fetch(internal)",
            "public.gbt_bool_penalty(internal,internal,internal)",
            "public.gbt_bool_picksplit(internal,internal)",
            "public.gbt_bool_same(gbtreekey2,gbtreekey2,internal)",
            "public.gbt_bool_union(internal,internal)",
            "public.gbt_bpchar_compress(internal)",
            "public.gbt_bpchar_consistent(internal,character,smallint,oid,internal)",
            "public.gbt_bytea_compress(internal)",
            "public.gbt_bytea_consistent(internal,bytea,smallint,oid,internal)",
            "public.gbt_bytea_penalty(internal,internal,internal)",
            "public.gbt_bytea_picksplit(internal,internal)",
            "public.gbt_bytea_same(gbtreekey_var,gbtreekey_var,internal)",
            "public.gbt_bytea_union(internal,internal)",
            "public.gbt_cash_compress(internal)",
            "public.gbt_cash_consistent(internal,money,smallint,oid,internal)",
            "public.gbt_cash_distance(internal,money,smallint,oid,internal)",
            "public.gbt_cash_fetch(internal)",
            "public.gbt_cash_penalty(internal,internal,internal)",
            "public.gbt_cash_picksplit(internal,internal)",
            "public.gbt_cash_same(gbtreekey16,gbtreekey16,internal)",
            "public.gbt_cash_union(internal,internal)",
            "public.gbt_date_compress(internal)",
            "public.gbt_date_consistent(internal,date,smallint,oid,internal)",
            "public.gbt_date_distance(internal,date,smallint,oid,internal)",
            "public.gbt_date_fetch(internal)",
            "public.gbt_date_penalty(internal,internal,internal)",
            "public.gbt_date_picksplit(internal,internal)",
            "public.gbt_date_same(gbtreekey8,gbtreekey8,internal)",
            "public.gbt_date_union(internal,internal)",
            "public.gbt_decompress(internal)",
            "public.gbt_enum_compress(internal)",
            "public.gbt_enum_consistent(internal,anyenum,smallint,oid,internal)",
            "public.gbt_enum_fetch(internal)",
            "public.gbt_enum_penalty(internal,internal,internal)",
            "public.gbt_enum_picksplit(internal,internal)",
            "public.gbt_enum_same(gbtreekey8,gbtreekey8,internal)",
            "public.gbt_enum_union(internal,internal)",
            "public.gbt_float4_compress(internal)",
            "public.gbt_float4_consistent(internal,real,smallint,oid,internal)",
            "public.gbt_float4_distance(internal,real,smallint,oid,internal)",
            "public.gbt_float4_fetch(internal)",
            "public.gbt_float4_penalty(internal,internal,internal)",
            "public.gbt_float4_picksplit(internal,internal)",
            "public.gbt_float4_same(gbtreekey8,gbtreekey8,internal)",
            "public.gbt_float4_union(internal,internal)",
            "public.gbt_float8_compress(internal)",
            "public.gbt_float8_consistent(internal,double precision,smallint,oid,internal)",
            "public.gbt_float8_distance(internal,double precision,smallint,oid,internal)",
            "public.gbt_float8_fetch(internal)",
            "public.gbt_float8_penalty(internal,internal,internal)",
            "public.gbt_float8_picksplit(internal,internal)",
            "public.gbt_float8_same(gbtreekey16,gbtreekey16,internal)",
            "public.gbt_float8_union(internal,internal)",
            "public.gbt_inet_compress(internal)",
            "public.gbt_inet_consistent(internal,inet,smallint,oid,internal)",
            "public.gbt_inet_penalty(internal,internal,internal)",
            "public.gbt_inet_picksplit(internal,internal)",
            "public.gbt_inet_same(gbtreekey16,gbtreekey16,internal)",
            "public.gbt_inet_union(internal,internal)",
            "public.gbt_int2_compress(internal)",
            "public.gbt_int2_consistent(internal,smallint,smallint,oid,internal)",
            "public.gbt_int2_distance(internal,smallint,smallint,oid,internal)",
            "public.gbt_int2_fetch(internal)",
            "public.gbt_int2_penalty(internal,internal,internal)",
            "public.gbt_int2_picksplit(internal,internal)",
            "public.gbt_int2_same(gbtreekey4,gbtreekey4,internal)",
            "public.gbt_int2_union(internal,internal)",
            "public.gbt_int4_compress(internal)",
            "public.gbt_int4_consistent(internal,integer,smallint,oid,internal)",
            "public.gbt_int4_distance(internal,integer,smallint,oid,internal)",
            "public.gbt_int4_fetch(internal)",
            "public.gbt_int4_penalty(internal,internal,internal)",
            "public.gbt_int4_picksplit(internal,internal)",
            "public.gbt_int4_same(gbtreekey8,gbtreekey8,internal)",
            "public.gbt_int4_union(internal,internal)",
            "public.gbt_int8_compress(internal)",
            "public.gbt_int8_consistent(internal,bigint,smallint,oid,internal)",
            "public.gbt_int8_distance(internal,bigint,smallint,oid,internal)",
            "public.gbt_int8_fetch(internal)",
            "public.gbt_int8_penalty(internal,internal,internal)",
            "public.gbt_int8_picksplit(internal,internal)",
            "public.gbt_int8_same(gbtreekey16,gbtreekey16,internal)",
            "public.gbt_int8_union(internal,internal)",
            "public.gbt_intv_compress(internal)",
            "public.gbt_intv_consistent(internal,interval,smallint,oid,internal)",
            "public.gbt_intv_decompress(internal)",
            "public.gbt_intv_distance(internal,interval,smallint,oid,internal)",
            "public.gbt_intv_fetch(internal)",
            "public.gbt_intv_penalty(internal,internal,internal)",
            "public.gbt_intv_picksplit(internal,internal)",
            "public.gbt_intv_same(gbtreekey32,gbtreekey32,internal)",
            "public.gbt_intv_union(internal,internal)",
            "public.gbt_macad8_compress(internal)",
            "public.gbt_macad8_consistent(internal,macaddr8,smallint,oid,internal)",
            "public.gbt_macad8_fetch(internal)",
            "public.gbt_macad8_penalty(internal,internal,internal)",
            "public.gbt_macad8_picksplit(internal,internal)",
            "public.gbt_macad8_same(gbtreekey16,gbtreekey16,internal)",
            "public.gbt_macad8_union(internal,internal)",
            "public.gbt_macad_compress(internal)",
            "public.gbt_macad_consistent(internal,macaddr,smallint,oid,internal)",
            "public.gbt_macad_fetch(internal)",
            "public.gbt_macad_penalty(internal,internal,internal)",
            "public.gbt_macad_picksplit(internal,internal)",
            "public.gbt_macad_same(gbtreekey16,gbtreekey16,internal)",
            "public.gbt_macad_union(internal,internal)",
            "public.gbt_numeric_compress(internal)",
            "public.gbt_numeric_consistent(internal,numeric,smallint,oid,internal)",
            "public.gbt_numeric_penalty(internal,internal,internal)",
            "public.gbt_numeric_picksplit(internal,internal)",
            "public.gbt_numeric_same(gbtreekey_var,gbtreekey_var,internal)",
            "public.gbt_numeric_union(internal,internal)",
            "public.gbt_oid_compress(internal)",
            "public.gbt_oid_consistent(internal,oid,smallint,oid,internal)",
            "public.gbt_oid_distance(internal,oid,smallint,oid,internal)",
            "public.gbt_oid_fetch(internal)",
            "public.gbt_oid_penalty(internal,internal,internal)",
            "public.gbt_oid_picksplit(internal,internal)",
            "public.gbt_oid_same(gbtreekey8,gbtreekey8,internal)",
            "public.gbt_oid_union(internal,internal)",
            "public.gbt_text_compress(internal)",
            "public.gbt_text_consistent(internal,text,smallint,oid,internal)",
            "public.gbt_text_penalty(internal,internal,internal)",
            "public.gbt_text_picksplit(internal,internal)",
            "public.gbt_text_same(gbtreekey_var,gbtreekey_var,internal)",
            "public.gbt_text_union(internal,internal)",
            "public.gbt_time_compress(internal)",
            "public.gbt_time_consistent(internal,time without time zone,smallint,oid,internal)",
            "public.gbt_time_distance(internal,time without time zone,smallint,oid,internal)",
            "public.gbt_time_fetch(internal)",
            "public.gbt_time_penalty(internal,internal,internal)",
            "public.gbt_time_picksplit(internal,internal)",
            "public.gbt_time_same(gbtreekey16,gbtreekey16,internal)",
            "public.gbt_time_union(internal,internal)",
            "public.gbt_timetz_compress(internal)",
            "public.gbt_timetz_consistent(internal,time with time zone,smallint,oid,internal)",
            "public.gbt_ts_compress(internal)",
            "public.gbt_ts_consistent(internal,timestamp without time zone,smallint,oid,internal)",
            "public.gbt_ts_distance(internal,timestamp without time zone,smallint,oid,internal)",
            "public.gbt_ts_fetch(internal)",
            "public.gbt_ts_penalty(internal,internal,internal)",
            "public.gbt_ts_picksplit(internal,internal)",
            "public.gbt_ts_same(gbtreekey16,gbtreekey16,internal)",
            "public.gbt_ts_union(internal,internal)",
            "public.gbt_tstz_compress(internal)",
            "public.gbt_tstz_consistent(internal,timestamp with time zone,smallint,oid,internal)",
            "public.gbt_tstz_distance(internal,timestamp with time zone,smallint,oid,internal)",
            "public.gbt_uuid_compress(internal)",
            "public.gbt_uuid_consistent(internal,uuid,smallint,oid,internal)",
            "public.gbt_uuid_fetch(internal)",
            "public.gbt_uuid_penalty(internal,internal,internal)",
            "public.gbt_uuid_picksplit(internal,internal)",
            "public.gbt_uuid_same(gbtreekey32,gbtreekey32,internal)",
            "public.gbt_uuid_union(internal,internal)",
            "public.gbt_var_decompress(internal)",
            "public.gbt_var_fetch(internal)",
            "public.gbtreekey16",
            "public.gbtreekey16_in(cstring)",
            "public.gbtreekey16_out(gbtreekey16)",
            "public.gbtreekey2",
            "public.gbtreekey2_in(cstring)",
            "public.gbtreekey2_out(gbtreekey2)",
            "public.gbtreekey32",
            "public.gbtreekey32_in(cstring)",
            "public.gbtreekey32_out(gbtreekey32)",
            "public.gbtreekey4",
            "public.gbtreekey4_in(cstring)",
            "public.gbtreekey4_out(gbtreekey4)",
            "public.gbtreekey8",
            "public.gbtreekey8_in(cstring)",
            "public.gbtreekey8_out(gbtreekey8)",
            "public.gbtreekey_var",
            "public.gbtreekey_var_in(cstring)",
            "public.gbtreekey_var_out(gbtreekey_var)",
            "public.int2_dist(smallint,smallint)",
            "public.int4_dist(integer,integer)",
            "public.int8_dist(bigint,bigint)",
            "public.interval_dist(interval,interval)",
            "public.oid_dist(oid,oid)",
            "public.time_dist(time without time zone,time without time zone)",
            "public.ts_dist(timestamp without time zone,timestamp without time zone)",
            "public.tstz_dist(timestamp with time zone,timestamp with time zone)"
          ],
          "tuples": [
            {
              "objid": 38534,
              "classid": 1247,
              "deptype": "e",
              "extname": "btree_gist",
              "identity": "public.gbtreekey4",
              "objsubid": 0,
              "refobjid": 38533,
              "refclassid": 3079
            },
            {
              "objid": 38537,
              "classid": 1247,
              "deptype": "e",
              "extname": "btree_gist",
              "identity": "public._gbtreekey4",
              "objsubid": 0,
              "refobjid": 38533,
              "refclassid": 3079
            },
            {
              "objid": 38538,
              "classid": 1247,
              "deptype": "e",
              "extname": "btree_gist",
              "identity": "public.gbtreekey8",
              "objsubid": 0,
              "refobjid": 38533,
              "refclassid": 3079
            },
            {
              "objid": 38541,
              "classid": 1247,
              "deptype": "e",
              "extname": "btree_gist",
              "identity": "public._gbtreekey8",
              "objsubid": 0,
              "refobjid": 38533,
              "refclassid": 3079
            },
            {
              "objid": 38542,
              "classid": 1247,
              "deptype": "e",
              "extname": "btree_gist",
              "identity": "public.gbtreekey16",
              "objsubid": 0,
              "refobjid": 38533,
              "refclassid": 3079
            },
            {
              "objid": 38545,
              "classid": 1247,
              "deptype": "e",
              "extname": "btree_gist",
              "identity": "public._gbtreekey16",
              "objsubid": 0,
              "refobjid": 38533,
              "refclassid": 3079
            },
            {
              "objid": 38546,
              "classid": 1247,
              "deptype": "e",
              "extname": "btree_gist",
              "identity": "public.gbtreekey32",
              "objsubid": 0,
              "refobjid": 38533,
              "refclassid": 3079
            },
            {
              "objid": 38549,
              "classid": 1247,
              "deptype": "e",
              "extname": "btree_gist",
              "identity": "public._gbtreekey32",
              "objsubid": 0,
              "refobjid": 38533,
              "refclassid": 3079
            },
            {
              "objid": 38550,
              "classid": 1247,
              "deptype": "e",
              "extname": "btree_gist",
              "identity": "public.gbtreekey_var",
              "objsubid": 0,
              "refobjid": 38533,
              "refclassid": 3079
            },
            {
              "objid": 38553,
              "classid": 1247,
              "deptype": "e",
              "extname": "btree_gist",
              "identity": "public._gbtreekey_var",
              "objsubid": 0,
              "refobjid": 38533,
              "refclassid": 3079
            },
            {
              "objid": 39156,
              "classid": 1247,
              "deptype": "e",
              "extname": "btree_gist",
              "identity": "public.gbtreekey2",
              "objsubid": 0,
              "refobjid": 38533,
              "refclassid": 3079
            },
            {
              "objid": 39159,
              "classid": 1247,
              "deptype": "e",
              "extname": "btree_gist",
              "identity": "public._gbtreekey2",
              "objsubid": 0,
              "refobjid": 38533,
              "refclassid": 3079
            },
            {
              "objid": 38535,
              "classid": 1255,
              "deptype": "e",
              "extname": "btree_gist",
              "identity": "public.gbtreekey4_in(cstring)",
              "objsubid": 0,
              "refobjid": 38533,
              "refclassid": 3079
            },
            {
              "objid": 38536,
              "classid": 1255,
              "deptype": "e",
              "extname": "btree_gist",
              "identity": "public.gbtreekey4_out(gbtreekey4)",
              "objsubid": 0,
              "refobjid": 38533,
              "refclassid": 3079
            },
            {
              "objid": 38539,
              "classid": 1255,
              "deptype": "e",
              "extname": "btree_gist",
              "identity": "public.gbtreekey8_in(cstring)",
              "objsubid": 0,
              "refobjid": 38533,
              "refclassid": 3079
            },
            {
              "objid": 38540,
              "classid": 1255,
              "deptype": "e",
              "extname": "btree_gist",
              "identity": "public.gbtreekey8_out(gbtreekey8)",
              "objsubid": 0,
              "refobjid": 38533,
              "refclassid": 3079
            },
            {
              "objid": 38543,
              "classid": 1255,
              "deptype": "e",
              "extname": "btree_gist",
              "identity": "public.gbtreekey16_in(cstring)",
              "objsubid": 0,
              "refobjid": 38533,
              "refclassid": 3079
            },
            {
              "objid": 38544,
              "classid": 1255,
              "deptype": "e",
              "extname": "btree_gist",
              "identity": "public.gbtreekey16_out(gbtreekey16)",
              "objsubid": 0,
              "refobjid": 38533,
              "refclassid": 3079
            },
            {
              "objid": 38547,
              "classid": 1255,
              "deptype": "e",
              "extname": "btree_gist",
              "identity": "public.gbtreekey32_in(cstring)",
              "objsubid": 0,
              "refobjid": 38533,
              "refclassid": 3079
            },
            {
              "objid": 38548,
              "classid": 1255,
              "deptype": "e",
              "extname": "btree_gist",
              "identity": "public.gbtreekey32_out(gbtreekey32)",
              "objsubid": 0,
              "refobjid": 38533,
              "refclassid": 3079
            },
            {
              "objid": 38551,
              "classid": 1255,
              "deptype": "e",
              "extname": "btree_gist",
              "identity": "public.gbtreekey_var_in(cstring)",
              "objsubid": 0,
              "refobjid": 38533,
              "refclassid": 3079
            },
            {
              "objid": 38552,
              "classid": 1255,
              "deptype": "e",
              "extname": "btree_gist",
              "identity": "public.gbtreekey_var_out(gbtreekey_var)",
              "objsubid": 0,
              "refobjid": 38533,
              "refclassid": 3079
            },
            {
              "objid": 38554,
              "classid": 1255,
              "deptype": "e",
              "extname": "btree_gist",
              "identity": "public.cash_dist(money,money)",
              "objsubid": 0,
              "refobjid": 38533,
              "refclassid": 3079
            },
            {
              "objid": 38556,
              "classid": 1255,
              "deptype": "e",
              "extname": "btree_gist",
              "identity": "public.date_dist(date,date)",
              "objsubid": 0,
              "refobjid": 38533,
              "refclassid": 3079
            },
            {
              "objid": 38558,
              "classid": 1255,
              "deptype": "e",
              "extname": "btree_gist",
              "identity": "public.float4_dist(real,real)",
              "objsubid": 0,
              "refobjid": 38533,
              "refclassid": 3079
            },
            {
              "objid": 38560,
              "classid": 1255,
              "deptype": "e",
              "extname": "btree_gist",
              "identity": "public.float8_dist(double precision,double precision)",
              "objsubid": 0,
              "refobjid": 38533,
              "refclassid": 3079
            },
            {
              "objid": 38562,
              "classid": 1255,
              "deptype": "e",
              "extname": "btree_gist",
              "identity": "public.int2_dist(smallint,smallint)",
              "objsubid": 0,
              "refobjid": 38533,
              "refclassid": 3079
            },
            {
              "objid": 38564,
              "classid": 1255,
              "deptype": "e",
              "extname": "btree_gist",
              "identity": "public.int4_dist(integer,integer)",
              "objsubid": 0,
              "refobjid": 38533,
              "refclassid": 3079
            },
            {
              "objid": 38566,
              "classid": 1255,
              "deptype": "e",
              "extname": "btree_gist",
              "identity": "public.int8_dist(bigint,bigint)",
              "objsubid": 0,
              "refobjid": 38533,
              "refclassid": 3079
            },
            {
              "objid": 38568,
              "classid": 1255,
              "deptype": "e",
              "extname": "btree_gist",
              "identity": "public.interval_dist(interval,interval)",
              "objsubid": 0,
              "refobjid": 38533,
              "refclassid": 3079
            },
            {
              "objid": 38570,
              "classid": 1255,
              "deptype": "e",
              "extname": "btree_gist",
              "identity": "public.oid_dist(oid,oid)",
              "objsubid": 0,
              "refobjid": 38533,
              "refclassid": 3079
            },
            {
              "objid": 38572,
              "classid": 1255,
              "deptype": "e",
              "extname": "btree_gist",
              "identity": "public.time_dist(time without time zone,time without time zone)",
              "objsubid": 0,
              "refobjid": 38533,
              "refclassid": 3079
            },
            {
              "objid": 38574,
              "classid": 1255,
              "deptype": "e",
              "extname": "btree_gist",
              "identity": "public.ts_dist(timestamp without time zone,timestamp without time zone)",
              "objsubid": 0,
              "refobjid": 38533,
              "refclassid": 3079
            },
            {
              "objid": 38576,
              "classid": 1255,
              "deptype": "e",
              "extname": "btree_gist",
              "identity": "public.tstz_dist(timestamp with time zone,timestamp with time zone)",
              "objsubid": 0,
              "refobjid": 38533,
              "refclassid": 3079
            },
            {
              "objid": 38578,
              "classid": 1255,
              "deptype": "e",
              "extname": "btree_gist",
              "identity": "public.gbt_oid_consistent(internal,oid,smallint,oid,internal)",
              "objsubid": 0,
              "refobjid": 38533,
              "refclassid": 3079
            },
            {
              "objid": 38579,
              "classid": 1255,
              "deptype": "e",
              "extname": "btree_gist",
              "identity": "public.gbt_oid_distance(internal,oid,smallint,oid,internal)",
              "objsubid": 0,
              "refobjid": 38533,
              "refclassid": 3079
            },
            {
              "objid": 38580,
              "classid": 1255,
              "deptype": "e",
              "extname": "btree_gist",
              "identity": "public.gbt_oid_fetch(internal)",
              "objsubid": 0,
              "refobjid": 38533,
              "refclassid": 3079
            },
            {
              "objid": 38581,
              "classid": 1255,
              "deptype": "e",
              "extname": "btree_gist",
              "identity": "public.gbt_oid_compress(internal)",
              "objsubid": 0,
              "refobjid": 38533,
              "refclassid": 3079
            },
            {
              "objid": 38582,
              "classid": 1255,
              "deptype": "e",
              "extname": "btree_gist",
              "identity": "public.gbt_decompress(internal)",
              "objsubid": 0,
              "refobjid": 38533,
              "refclassid": 3079
            },
            {
              "objid": 38583,
              "classid": 1255,
              "deptype": "e",
              "extname": "btree_gist",
              "identity": "public.gbt_var_decompress(internal)",
              "objsubid": 0,
              "refobjid": 38533,
              "refclassid": 3079
            },
            {
              "objid": 38584,
              "classid": 1255,
              "deptype": "e",
              "extname": "btree_gist",
              "identity": "public.gbt_var_fetch(internal)",
              "objsubid": 0,
              "refobjid": 38533,
              "refclassid": 3079
            },
            {
              "objid": 38585,
              "classid": 1255,
              "deptype": "e",
              "extname": "btree_gist",
              "identity": "public.gbt_oid_penalty(internal,internal,internal)",
              "objsubid": 0,
              "refobjid": 38533,
              "refclassid": 3079
            },
            {
              "objid": 38586,
              "classid": 1255,
              "deptype": "e",
              "extname": "btree_gist",
              "identity": "public.gbt_oid_picksplit(internal,internal)",
              "objsubid": 0,
              "refobjid": 38533,
              "refclassid": 3079
            },
            {
              "objid": 38587,
              "classid": 1255,
              "deptype": "e",
              "extname": "btree_gist",
              "identity": "public.gbt_oid_union(internal,internal)",
              "objsubid": 0,
              "refobjid": 38533,
              "refclassid": 3079
            },
            {
              "objid": 38588,
              "classid": 1255,
              "deptype": "e",
              "extname": "btree_gist",
              "identity": "public.gbt_oid_same(gbtreekey8,gbtreekey8,internal)",
              "objsubid": 0,
              "refobjid": 38533,
              "refclassid": 3079
            },
            {
              "objid": 38607,
              "classid": 1255,
              "deptype": "e",
              "extname": "btree_gist",
              "identity": "public.gbt_int2_consistent(internal,smallint,smallint,oid,internal)",
              "objsubid": 0,
              "refobjid": 38533,
              "refclassid": 3079
            },
            {
              "objid": 38608,
              "classid": 1255,
              "deptype": "e",
              "extname": "btree_gist",
              "identity": "public.gbt_int2_distance(internal,smallint,smallint,oid,internal)",
              "objsubid": 0,
              "refobjid": 38533,
              "refclassid": 3079
            },
            {
              "objid": 38609,
              "classid": 1255,
              "deptype": "e",
              "extname": "btree_gist",
              "identity": "public.gbt_int2_compress(internal)",
              "objsubid": 0,
              "refobjid": 38533,
              "refclassid": 3079
            },
            {
              "objid": 38610,
              "classid": 1255,
              "deptype": "e",
              "extname": "btree_gist",
              "identity": "public.gbt_int2_fetch(internal)",
              "objsubid": 0,
              "refobjid": 38533,
              "refclassid": 3079
            },
            {
              "objid": 38611,
              "classid": 1255,
              "deptype": "e",
              "extname": "btree_gist",
              "identity": "public.gbt_int2_penalty(internal,internal,internal)",
              "objsubid": 0,
              "refobjid": 38533,
              "refclassid": 3079
            },
            {
              "objid": 38612,
              "classid": 1255,
              "deptype": "e",
              "extname": "btree_gist",
              "identity": "public.gbt_int2_picksplit(internal,internal)",
              "objsubid": 0,
              "refobjid": 38533,
              "refclassid": 3079
            },
            {
              "objid": 38613,
              "classid": 1255,
              "deptype": "e",
              "extname": "btree_gist",
              "identity": "public.gbt_int2_union(internal,internal)",
              "objsubid": 0,
              "refobjid": 38533,
              "refclassid": 3079
            },
            {
              "objid": 38614,
              "classid": 1255,
              "deptype": "e",
              "extname": "btree_gist",
              "identity": "public.gbt_int2_same(gbtreekey4,gbtreekey4,internal)",
              "objsubid": 0,
              "refobjid": 38533,
              "refclassid": 3079
            },
            {
              "objid": 38633,
              "classid": 1255,
              "deptype": "e",
              "extname": "btree_gist",
              "identity": "public.gbt_int4_consistent(internal,integer,smallint,oid,internal)",
              "objsubid": 0,
              "refobjid": 38533,
              "refclassid": 3079
            },
            {
              "objid": 38634,
              "classid": 1255,
              "deptype": "e",
              "extname": "btree_gist",
              "identity": "public.gbt_int4_distance(internal,integer,smallint,oid,internal)",
              "objsubid": 0,
              "refobjid": 38533,
              "refclassid": 3079
            },
            {
              "objid": 38635,
              "classid": 1255,
              "deptype": "e",
              "extname": "btree_gist",
              "identity": "public.gbt_int4_compress(internal)",
              "objsubid": 0,
              "refobjid": 38533,
              "refclassid": 3079
            },
            {
              "objid": 38636,
              "classid": 1255,
              "deptype": "e",
              "extname": "btree_gist",
              "identity": "public.gbt_int4_fetch(internal)",
              "objsubid": 0,
              "refobjid": 38533,
              "refclassid": 3079
            },
            {
              "objid": 38637,
              "classid": 1255,
              "deptype": "e",
              "extname": "btree_gist",
              "identity": "public.gbt_int4_penalty(internal,internal,internal)",
              "objsubid": 0,
              "refobjid": 38533,
              "refclassid": 3079
            },
            {
              "objid": 38638,
              "classid": 1255,
              "deptype": "e",
              "extname": "btree_gist",
              "identity": "public.gbt_int4_picksplit(internal,internal)",
              "objsubid": 0,
              "refobjid": 38533,
              "refclassid": 3079
            },
            {
              "objid": 38639,
              "classid": 1255,
              "deptype": "e",
              "extname": "btree_gist",
              "identity": "public.gbt_int4_union(internal,internal)",
              "objsubid": 0,
              "refobjid": 38533,
              "refclassid": 3079
            },
            {
              "objid": 38640,
              "classid": 1255,
              "deptype": "e",
              "extname": "btree_gist",
              "identity": "public.gbt_int4_same(gbtreekey8,gbtreekey8,internal)",
              "objsubid": 0,
              "refobjid": 38533,
              "refclassid": 3079
            },
            {
              "objid": 38659,
              "classid": 1255,
              "deptype": "e",
              "extname": "btree_gist",
              "identity": "public.gbt_int8_consistent(internal,bigint,smallint,oid,internal)",
              "objsubid": 0,
              "refobjid": 38533,
              "refclassid": 3079
            },
            {
              "objid": 38660,
              "classid": 1255,
              "deptype": "e",
              "extname": "btree_gist",
              "identity": "public.gbt_int8_distance(internal,bigint,smallint,oid,internal)",
              "objsubid": 0,
              "refobjid": 38533,
              "refclassid": 3079
            },
            {
              "objid": 38661,
              "classid": 1255,
              "deptype": "e",
              "extname": "btree_gist",
              "identity": "public.gbt_int8_compress(internal)",
              "objsubid": 0,
              "refobjid": 38533,
              "refclassid": 3079
            },
            {
              "objid": 38662,
              "classid": 1255,
              "deptype": "e",
              "extname": "btree_gist",
              "identity": "public.gbt_int8_fetch(internal)",
              "objsubid": 0,
              "refobjid": 38533,
              "refclassid": 3079
            },
            {
              "objid": 38663,
              "classid": 1255,
              "deptype": "e",
              "extname": "btree_gist",
              "identity": "public.gbt_int8_penalty(internal,internal,internal)",
              "objsubid": 0,
              "refobjid": 38533,
              "refclassid": 3079
            },
            {
              "objid": 38664,
              "classid": 1255,
              "deptype": "e",
              "extname": "btree_gist",
              "identity": "public.gbt_int8_picksplit(internal,internal)",
              "objsubid": 0,
              "refobjid": 38533,
              "refclassid": 3079
            },
            {
              "objid": 38665,
              "classid": 1255,
              "deptype": "e",
              "extname": "btree_gist",
              "identity": "public.gbt_int8_union(internal,internal)",
              "objsubid": 0,
              "refobjid": 38533,
              "refclassid": 3079
            },
            {
              "objid": 38666,
              "classid": 1255,
              "deptype": "e",
              "extname": "btree_gist",
              "identity": "public.gbt_int8_same(gbtreekey16,gbtreekey16,internal)",
              "objsubid": 0,
              "refobjid": 38533,
              "refclassid": 3079
            },
            {
              "objid": 38685,
              "classid": 1255,
              "deptype": "e",
              "extname": "btree_gist",
              "identity": "public.gbt_float4_consistent(internal,real,smallint,oid,internal)",
              "objsubid": 0,
              "refobjid": 38533,
              "refclassid": 3079
            },
            {
              "objid": 38686,
              "classid": 1255,
              "deptype": "e",
              "extname": "btree_gist",
              "identity": "public.gbt_float4_distance(internal,real,smallint,oid,internal)",
              "objsubid": 0,
              "refobjid": 38533,
              "refclassid": 3079
            },
            {
              "objid": 38687,
              "classid": 1255,
              "deptype": "e",
              "extname": "btree_gist",
              "identity": "public.gbt_float4_compress(internal)",
              "objsubid": 0,
              "refobjid": 38533,
              "refclassid": 3079
            },
            {
              "objid": 38688,
              "classid": 1255,
              "deptype": "e",
              "extname": "btree_gist",
              "identity": "public.gbt_float4_fetch(internal)",
              "objsubid": 0,
              "refobjid": 38533,
              "refclassid": 3079
            },
            {
              "objid": 38689,
              "classid": 1255,
              "deptype": "e",
              "extname": "btree_gist",
              "identity": "public.gbt_float4_penalty(internal,internal,internal)",
              "objsubid": 0,
              "refobjid": 38533,
              "refclassid": 3079
            },
            {
              "objid": 38690,
              "classid": 1255,
              "deptype": "e",
              "extname": "btree_gist",
              "identity": "public.gbt_float4_picksplit(internal,internal)",
              "objsubid": 0,
              "refobjid": 38533,
              "refclassid": 3079
            },
            {
              "objid": 38691,
              "classid": 1255,
              "deptype": "e",
              "extname": "btree_gist",
              "identity": "public.gbt_float4_union(internal,internal)",
              "objsubid": 0,
              "refobjid": 38533,
              "refclassid": 3079
            },
            {
              "objid": 38692,
              "classid": 1255,
              "deptype": "e",
              "extname": "btree_gist",
              "identity": "public.gbt_float4_same(gbtreekey8,gbtreekey8,internal)",
              "objsubid": 0,
              "refobjid": 38533,
              "refclassid": 3079
            },
            {
              "objid": 38711,
              "classid": 1255,
              "deptype": "e",
              "extname": "btree_gist",
              "identity": "public.gbt_float8_consistent(internal,double precision,smallint,oid,internal)",
              "objsubid": 0,
              "refobjid": 38533,
              "refclassid": 3079
            },
            {
              "objid": 38712,
              "classid": 1255,
              "deptype": "e",
              "extname": "btree_gist",
              "identity": "public.gbt_float8_distance(internal,double precision,smallint,oid,internal)",
              "objsubid": 0,
              "refobjid": 38533,
              "refclassid": 3079
            },
            {
              "objid": 38713,
              "classid": 1255,
              "deptype": "e",
              "extname": "btree_gist",
              "identity": "public.gbt_float8_compress(internal)",
              "objsubid": 0,
              "refobjid": 38533,
              "refclassid": 3079
            },
            {
              "objid": 38714,
              "classid": 1255,
              "deptype": "e",
              "extname": "btree_gist",
              "identity": "public.gbt_float8_fetch(internal)",
              "objsubid": 0,
              "refobjid": 38533,
              "refclassid": 3079
            },
            {
              "objid": 38715,
              "classid": 1255,
              "deptype": "e",
              "extname": "btree_gist",
              "identity": "public.gbt_float8_penalty(internal,internal,internal)",
              "objsubid": 0,
              "refobjid": 38533,
              "refclassid": 3079
            },
            {
              "objid": 38716,
              "classid": 1255,
              "deptype": "e",
              "extname": "btree_gist",
              "identity": "public.gbt_float8_picksplit(internal,internal)",
              "objsubid": 0,
              "refobjid": 38533,
              "refclassid": 3079
            },
            {
              "objid": 38717,
              "classid": 1255,
              "deptype": "e",
              "extname": "btree_gist",
              "identity": "public.gbt_float8_union(internal,internal)",
              "objsubid": 0,
              "refobjid": 38533,
              "refclassid": 3079
            },
            {
              "objid": 38718,
              "classid": 1255,
              "deptype": "e",
              "extname": "btree_gist",
              "identity": "public.gbt_float8_same(gbtreekey16,gbtreekey16,internal)",
              "objsubid": 0,
              "refobjid": 38533,
              "refclassid": 3079
            },
            {
              "objid": 38737,
              "classid": 1255,
              "deptype": "e",
              "extname": "btree_gist",
              "identity": "public.gbt_ts_consistent(internal,timestamp without time zone,smallint,oid,internal)",
              "objsubid": 0,
              "refobjid": 38533,
              "refclassid": 3079
            },
            {
              "objid": 38738,
              "classid": 1255,
              "deptype": "e",
              "extname": "btree_gist",
              "identity": "public.gbt_ts_distance(internal,timestamp without time zone,smallint,oid,internal)",
              "objsubid": 0,
              "refobjid": 38533,
              "refclassid": 3079
            },
            {
              "objid": 38739,
              "classid": 1255,
              "deptype": "e",
              "extname": "btree_gist",
              "identity": "public.gbt_tstz_consistent(internal,timestamp with time zone,smallint,oid,internal)",
              "objsubid": 0,
              "refobjid": 38533,
              "refclassid": 3079
            },
            {
              "objid": 38740,
              "classid": 1255,
              "deptype": "e",
              "extname": "btree_gist",
              "identity": "public.gbt_tstz_distance(internal,timestamp with time zone,smallint,oid,internal)",
              "objsubid": 0,
              "refobjid": 38533,
              "refclassid": 3079
            },
            {
              "objid": 38741,
              "classid": 1255,
              "deptype": "e",
              "extname": "btree_gist",
              "identity": "public.gbt_ts_compress(internal)",
              "objsubid": 0,
              "refobjid": 38533,
              "refclassid": 3079
            },
            {
              "objid": 38742,
              "classid": 1255,
              "deptype": "e",
              "extname": "btree_gist",
              "identity": "public.gbt_tstz_compress(internal)",
              "objsubid": 0,
              "refobjid": 38533,
              "refclassid": 3079
            },
            {
              "objid": 38743,
              "classid": 1255,
              "deptype": "e",
              "extname": "btree_gist",
              "identity": "public.gbt_ts_fetch(internal)",
              "objsubid": 0,
              "refobjid": 38533,
              "refclassid": 3079
            },
            {
              "objid": 38744,
              "classid": 1255,
              "deptype": "e",
              "extname": "btree_gist",
              "identity": "public.gbt_ts_penalty(internal,internal,internal)",
              "objsubid": 0,
              "refobjid": 38533,
              "refclassid": 3079
            },
            {
              "objid": 38745,
              "classid": 1255,
              "deptype": "e",
              "extname": "btree_gist",
              "identity": "public.gbt_ts_picksplit(internal,internal)",
              "objsubid": 0,
              "refobjid": 38533,
              "refclassid": 3079
            },
            {
              "objid": 38746,
              "classid": 1255,
              "deptype": "e",
              "extname": "btree_gist",
              "identity": "public.gbt_ts_union(internal,internal)",
              "objsubid": 0,
              "refobjid": 38533,
              "refclassid": 3079
            },
            {
              "objid": 38747,
              "classid": 1255,
              "deptype": "e",
              "extname": "btree_gist",
              "identity": "public.gbt_ts_same(gbtreekey16,gbtreekey16,internal)",
              "objsubid": 0,
              "refobjid": 38533,
              "refclassid": 3079
            },
            {
              "objid": 38784,
              "classid": 1255,
              "deptype": "e",
              "extname": "btree_gist",
              "identity": "public.gbt_time_consistent(internal,time without time zone,smallint,oid,internal)",
              "objsubid": 0,
              "refobjid": 38533,
              "refclassid": 3079
            },
            {
              "objid": 38785,
              "classid": 1255,
              "deptype": "e",
              "extname": "btree_gist",
              "identity": "public.gbt_time_distance(internal,time without time zone,smallint,oid,internal)",
              "objsubid": 0,
              "refobjid": 38533,
              "refclassid": 3079
            },
            {
              "objid": 38786,
              "classid": 1255,
              "deptype": "e",
              "extname": "btree_gist",
              "identity": "public.gbt_timetz_consistent(internal,time with time zone,smallint,oid,internal)",
              "objsubid": 0,
              "refobjid": 38533,
              "refclassid": 3079
            },
            {
              "objid": 38787,
              "classid": 1255,
              "deptype": "e",
              "extname": "btree_gist",
              "identity": "public.gbt_time_compress(internal)",
              "objsubid": 0,
              "refobjid": 38533,
              "refclassid": 3079
            },
            {
              "objid": 38788,
              "classid": 1255,
              "deptype": "e",
              "extname": "btree_gist",
              "identity": "public.gbt_timetz_compress(internal)",
              "objsubid": 0,
              "refobjid": 38533,
              "refclassid": 3079
            },
            {
              "objid": 38789,
              "classid": 1255,
              "deptype": "e",
              "extname": "btree_gist",
              "identity": "public.gbt_time_fetch(internal)",
              "objsubid": 0,
              "refobjid": 38533,
              "refclassid": 3079
            },
            {
              "objid": 38790,
              "classid": 1255,
              "deptype": "e",
              "extname": "btree_gist",
              "identity": "public.gbt_time_penalty(internal,internal,internal)",
              "objsubid": 0,
              "refobjid": 38533,
              "refclassid": 3079
            },
            {
              "objid": 38791,
              "classid": 1255,
              "deptype": "e",
              "extname": "btree_gist",
              "identity": "public.gbt_time_picksplit(internal,internal)",
              "objsubid": 0,
              "refobjid": 38533,
              "refclassid": 3079
            },
            {
              "objid": 38792,
              "classid": 1255,
              "deptype": "e",
              "extname": "btree_gist",
              "identity": "public.gbt_time_union(internal,internal)",
              "objsubid": 0,
              "refobjid": 38533,
              "refclassid": 3079
            },
            {
              "objid": 38793,
              "classid": 1255,
              "deptype": "e",
              "extname": "btree_gist",
              "identity": "public.gbt_time_same(gbtreekey16,gbtreekey16,internal)",
              "objsubid": 0,
              "refobjid": 38533,
              "refclassid": 3079
            },
            {
              "objid": 38827,
              "classid": 1255,
              "deptype": "e",
              "extname": "btree_gist",
              "identity": "public.gbt_date_consistent(internal,date,smallint,oid,internal)",
              "objsubid": 0,
              "refobjid": 38533,
              "refclassid": 3079
            },
            {
              "objid": 38828,
              "classid": 1255,
              "deptype": "e",
              "extname": "btree_gist",
              "identity": "public.gbt_date_distance(internal,date,smallint,oid,internal)",
              "objsubid": 0,
              "refobjid": 38533,
              "refclassid": 3079
            },
            {
              "objid": 38829,
              "classid": 1255,
              "deptype": "e",
              "extname": "btree_gist",
              "identity": "public.gbt_date_compress(internal)",
              "objsubid": 0,
              "refobjid": 38533,
              "refclassid": 3079
            },
            {
              "objid": 38830,
              "classid": 1255,
              "deptype": "e",
              "extname": "btree_gist",
              "identity": "public.gbt_date_fetch(internal)",
              "objsubid": 0,
              "refobjid": 38533,
              "refclassid": 3079
            },
            {
              "objid": 38831,
              "classid": 1255,
              "deptype": "e",
              "extname": "btree_gist",
              "identity": "public.gbt_date_penalty(internal,internal,internal)",
              "objsubid": 0,
              "refobjid": 38533,
              "refclassid": 3079
            },
            {
              "objid": 38832,
              "classid": 1255,
              "deptype": "e",
              "extname": "btree_gist",
              "identity": "public.gbt_date_picksplit(internal,internal)",
              "objsubid": 0,
              "refobjid": 38533,
              "refclassid": 3079
            },
            {
              "objid": 38833,
              "classid": 1255,
              "deptype": "e",
              "extname": "btree_gist",
              "identity": "public.gbt_date_union(internal,internal)",
              "objsubid": 0,
              "refobjid": 38533,
              "refclassid": 3079
            },
            {
              "objid": 38834,
              "classid": 1255,
              "deptype": "e",
              "extname": "btree_gist",
              "identity": "public.gbt_date_same(gbtreekey8,gbtreekey8,internal)",
              "objsubid": 0,
              "refobjid": 38533,
              "refclassid": 3079
            },
            {
              "objid": 38853,
              "classid": 1255,
              "deptype": "e",
              "extname": "btree_gist",
              "identity": "public.gbt_intv_consistent(internal,interval,smallint,oid,internal)",
              "objsubid": 0,
              "refobjid": 38533,
              "refclassid": 3079
            },
            {
              "objid": 38854,
              "classid": 1255,
              "deptype": "e",
              "extname": "btree_gist",
              "identity": "public.gbt_intv_distance(internal,interval,smallint,oid,internal)",
              "objsubid": 0,
              "refobjid": 38533,
              "refclassid": 3079
            },
            {
              "objid": 38855,
              "classid": 1255,
              "deptype": "e",
              "extname": "btree_gist",
              "identity": "public.gbt_intv_compress(internal)",
              "objsubid": 0,
              "refobjid": 38533,
              "refclassid": 3079
            },
            {
              "objid": 38856,
              "classid": 1255,
              "deptype": "e",
              "extname": "btree_gist",
              "identity": "public.gbt_intv_decompress(internal)",
              "objsubid": 0,
              "refobjid": 38533,
              "refclassid": 3079
            },
            {
              "objid": 38857,
              "classid": 1255,
              "deptype": "e",
              "extname": "btree_gist",
              "identity": "public.gbt_intv_fetch(internal)",
              "objsubid": 0,
              "refobjid": 38533,
              "refclassid": 3079
            },
            {
              "objid": 38858,
              "classid": 1255,
              "deptype": "e",
              "extname": "btree_gist",
              "identity": "public.gbt_intv_penalty(internal,internal,internal)",
              "objsubid": 0,
              "refobjid": 38533,
              "refclassid": 3079
            },
            {
              "objid": 38859,
              "classid": 1255,
              "deptype": "e",
              "extname": "btree_gist",
              "identity": "public.gbt_intv_picksplit(internal,internal)",
              "objsubid": 0,
              "refobjid": 38533,
              "refclassid": 3079
            },
            {
              "objid": 38860,
              "classid": 1255,
              "deptype": "e",
              "extname": "btree_gist",
              "identity": "public.gbt_intv_union(internal,internal)",
              "objsubid": 0,
              "refobjid": 38533,
              "refclassid": 3079
            },
            {
              "objid": 38861,
              "classid": 1255,
              "deptype": "e",
              "extname": "btree_gist",
              "identity": "public.gbt_intv_same(gbtreekey32,gbtreekey32,internal)",
              "objsubid": 0,
              "refobjid": 38533,
              "refclassid": 3079
            },
            {
              "objid": 38880,
              "classid": 1255,
              "deptype": "e",
              "extname": "btree_gist",
              "identity": "public.gbt_cash_consistent(internal,money,smallint,oid,internal)",
              "objsubid": 0,
              "refobjid": 38533,
              "refclassid": 3079
            },
            {
              "objid": 38881,
              "classid": 1255,
              "deptype": "e",
              "extname": "btree_gist",
              "identity": "public.gbt_cash_distance(internal,money,smallint,oid,internal)",
              "objsubid": 0,
              "refobjid": 38533,
              "refclassid": 3079
            },
            {
              "objid": 38882,
              "classid": 1255,
              "deptype": "e",
              "extname": "btree_gist",
              "identity": "public.gbt_cash_compress(internal)",
              "objsubid": 0,
              "refobjid": 38533,
              "refclassid": 3079
            },
            {
              "objid": 38883,
              "classid": 1255,
              "deptype": "e",
              "extname": "btree_gist",
              "identity": "public.gbt_cash_fetch(internal)",
              "objsubid": 0,
              "refobjid": 38533,
              "refclassid": 3079
            },
            {
              "objid": 38884,
              "classid": 1255,
              "deptype": "e",
              "extname": "btree_gist",
              "identity": "public.gbt_cash_penalty(internal,internal,internal)",
              "objsubid": 0,
              "refobjid": 38533,
              "refclassid": 3079
            },
            {
              "objid": 38885,
              "classid": 1255,
              "deptype": "e",
              "extname": "btree_gist",
              "identity": "public.gbt_cash_picksplit(internal,internal)",
              "objsubid": 0,
              "refobjid": 38533,
              "refclassid": 3079
            },
            {
              "objid": 38886,
              "classid": 1255,
              "deptype": "e",
              "extname": "btree_gist",
              "identity": "public.gbt_cash_union(internal,internal)",
              "objsubid": 0,
              "refobjid": 38533,
              "refclassid": 3079
            },
            {
              "objid": 38887,
              "classid": 1255,
              "deptype": "e",
              "extname": "btree_gist",
              "identity": "public.gbt_cash_same(gbtreekey16,gbtreekey16,internal)",
              "objsubid": 0,
              "refobjid": 38533,
              "refclassid": 3079
            },
            {
              "objid": 38906,
              "classid": 1255,
              "deptype": "e",
              "extname": "btree_gist",
              "identity": "public.gbt_macad_consistent(internal,macaddr,smallint,oid,internal)",
              "objsubid": 0,
              "refobjid": 38533,
              "refclassid": 3079
            },
            {
              "objid": 38907,
              "classid": 1255,
              "deptype": "e",
              "extname": "btree_gist",
              "identity": "public.gbt_macad_compress(internal)",
              "objsubid": 0,
              "refobjid": 38533,
              "refclassid": 3079
            },
            {
              "objid": 38908,
              "classid": 1255,
              "deptype": "e",
              "extname": "btree_gist",
              "identity": "public.gbt_macad_fetch(internal)",
              "objsubid": 0,
              "refobjid": 38533,
              "refclassid": 3079
            },
            {
              "objid": 38909,
              "classid": 1255,
              "deptype": "e",
              "extname": "btree_gist",
              "identity": "public.gbt_macad_penalty(internal,internal,internal)",
              "objsubid": 0,
              "refobjid": 38533,
              "refclassid": 3079
            },
            {
              "objid": 38910,
              "classid": 1255,
              "deptype": "e",
              "extname": "btree_gist",
              "identity": "public.gbt_macad_picksplit(internal,internal)",
              "objsubid": 0,
              "refobjid": 38533,
              "refclassid": 3079
            },
            {
              "objid": 38911,
              "classid": 1255,
              "deptype": "e",
              "extname": "btree_gist",
              "identity": "public.gbt_macad_union(internal,internal)",
              "objsubid": 0,
              "refobjid": 38533,
              "refclassid": 3079
            },
            {
              "objid": 38912,
              "classid": 1255,
              "deptype": "e",
              "extname": "btree_gist",
              "identity": "public.gbt_macad_same(gbtreekey16,gbtreekey16,internal)",
              "objsubid": 0,
              "refobjid": 38533,
              "refclassid": 3079
            },
            {
              "objid": 38929,
              "classid": 1255,
              "deptype": "e",
              "extname": "btree_gist",
              "identity": "public.gbt_text_consistent(internal,text,smallint,oid,internal)",
              "objsubid": 0,
              "refobjid": 38533,
              "refclassid": 3079
            },
            {
              "objid": 38930,
              "classid": 1255,
              "deptype": "e",
              "extname": "btree_gist",
              "identity": "public.gbt_bpchar_consistent(internal,character,smallint,oid,internal)",
              "objsubid": 0,
              "refobjid": 38533,
              "refclassid": 3079
            },
            {
              "objid": 38931,
              "classid": 1255,
              "deptype": "e",
              "extname": "btree_gist",
              "identity": "public.gbt_text_compress(internal)",
              "objsubid": 0,
              "refobjid": 38533,
              "refclassid": 3079
            },
            {
              "objid": 38932,
              "classid": 1255,
              "deptype": "e",
              "extname": "btree_gist",
              "identity": "public.gbt_bpchar_compress(internal)",
              "objsubid": 0,
              "refobjid": 38533,
              "refclassid": 3079
            },
            {
              "objid": 38933,
              "classid": 1255,
              "deptype": "e",
              "extname": "btree_gist",
              "identity": "public.gbt_text_penalty(internal,internal,internal)",
              "objsubid": 0,
              "refobjid": 38533,
              "refclassid": 3079
            },
            {
              "objid": 38934,
              "classid": 1255,
              "deptype": "e",
              "extname": "btree_gist",
              "identity": "public.gbt_text_picksplit(internal,internal)",
              "objsubid": 0,
              "refobjid": 38533,
              "refclassid": 3079
            },
            {
              "objid": 38935,
              "classid": 1255,
              "deptype": "e",
              "extname": "btree_gist",
              "identity": "public.gbt_text_union(internal,internal)",
              "objsubid": 0,
              "refobjid": 38533,
              "refclassid": 3079
            },
            {
              "objid": 38936,
              "classid": 1255,
              "deptype": "e",
              "extname": "btree_gist",
              "identity": "public.gbt_text_same(gbtreekey_var,gbtreekey_var,internal)",
              "objsubid": 0,
              "refobjid": 38533,
              "refclassid": 3079
            },
            {
              "objid": 38969,
              "classid": 1255,
              "deptype": "e",
              "extname": "btree_gist",
              "identity": "public.gbt_bytea_consistent(internal,bytea,smallint,oid,internal)",
              "objsubid": 0,
              "refobjid": 38533,
              "refclassid": 3079
            },
            {
              "objid": 38970,
              "classid": 1255,
              "deptype": "e",
              "extname": "btree_gist",
              "identity": "public.gbt_bytea_compress(internal)",
              "objsubid": 0,
              "refobjid": 38533,
              "refclassid": 3079
            },
            {
              "objid": 38971,
              "classid": 1255,
              "deptype": "e",
              "extname": "btree_gist",
              "identity": "public.gbt_bytea_penalty(internal,internal,internal)",
              "objsubid": 0,
              "refobjid": 38533,
              "refclassid": 3079
            },
            {
              "objid": 38972,
              "classid": 1255,
              "deptype": "e",
              "extname": "btree_gist",
              "identity": "public.gbt_bytea_picksplit(internal,internal)",
              "objsubid": 0,
              "refobjid": 38533,
              "refclassid": 3079
            },
            {
              "objid": 38973,
              "classid": 1255,
              "deptype": "e",
              "extname": "btree_gist",
              "identity": "public.gbt_bytea_union(internal,internal)",
              "objsubid": 0,
              "refobjid": 38533,
              "refclassid": 3079
            },
            {
              "objid": 38974,
              "classid": 1255,
              "deptype": "e",
              "extname": "btree_gist",
              "identity": "public.gbt_bytea_same(gbtreekey_var,gbtreekey_var,internal)",
              "objsubid": 0,
              "refobjid": 38533,
              "refclassid": 3079
            },
            {
              "objid": 38991,
              "classid": 1255,
              "deptype": "e",
              "extname": "btree_gist",
              "identity": "public.gbt_numeric_consistent(internal,numeric,smallint,oid,internal)",
              "objsubid": 0,
              "refobjid": 38533,
              "refclassid": 3079
            },
            {
              "objid": 38992,
              "classid": 1255,
              "deptype": "e",
              "extname": "btree_gist",
              "identity": "public.gbt_numeric_compress(internal)",
              "objsubid": 0,
              "refobjid": 38533,
              "refclassid": 3079
            },
            {
              "objid": 38993,
              "classid": 1255,
              "deptype": "e",
              "extname": "btree_gist",
              "identity": "public.gbt_numeric_penalty(internal,internal,internal)",
              "objsubid": 0,
              "refobjid": 38533,
              "refclassid": 3079
            },
            {
              "objid": 38994,
              "classid": 1255,
              "deptype": "e",
              "extname": "btree_gist",
              "identity": "public.gbt_numeric_picksplit(internal,internal)",
              "objsubid": 0,
              "refobjid": 38533,
              "refclassid": 3079
            },
            {
              "objid": 38995,
              "classid": 1255,
              "deptype": "e",
              "extname": "btree_gist",
              "identity": "public.gbt_numeric_union(internal,internal)",
              "objsubid": 0,
              "refobjid": 38533,
              "refclassid": 3079
            },
            {
              "objid": 38996,
              "classid": 1255,
              "deptype": "e",
              "extname": "btree_gist",
              "identity": "public.gbt_numeric_same(gbtreekey_var,gbtreekey_var,internal)",
              "objsubid": 0,
              "refobjid": 38533,
              "refclassid": 3079
            },
            {
              "objid": 39013,
              "classid": 1255,
              "deptype": "e",
              "extname": "btree_gist",
              "identity": "public.gbt_bit_consistent(internal,bit,smallint,oid,internal)",
              "objsubid": 0,
              "refobjid": 38533,
              "refclassid": 3079
            },
            {
              "objid": 39014,
              "classid": 1255,
              "deptype": "e",
              "extname": "btree_gist",
              "identity": "public.gbt_bit_compress(internal)",
              "objsubid": 0,
              "refobjid": 38533,
              "refclassid": 3079
            },
            {
              "objid": 39015,
              "classid": 1255,
              "deptype": "e",
              "extname": "btree_gist",
              "identity": "public.gbt_bit_penalty(internal,internal,internal)",
              "objsubid": 0,
              "refobjid": 38533,
              "refclassid": 3079
            },
            {
              "objid": 39016,
              "classid": 1255,
              "deptype": "e",
              "extname": "btree_gist",
              "identity": "public.gbt_bit_picksplit(internal,internal)",
              "objsubid": 0,
              "refobjid": 38533,
              "refclassid": 3079
            },
            {
              "objid": 39017,
              "classid": 1255,
              "deptype": "e",
              "extname": "btree_gist",
              "identity": "public.gbt_bit_union(internal,internal)",
              "objsubid": 0,
              "refobjid": 38533,
              "refclassid": 3079
            },
            {
              "objid": 39018,
              "classid": 1255,
              "deptype": "e",
              "extname": "btree_gist",
              "identity": "public.gbt_bit_same(gbtreekey_var,gbtreekey_var,internal)",
              "objsubid": 0,
              "refobjid": 38533,
              "refclassid": 3079
            },
            {
              "objid": 39051,
              "classid": 1255,
              "deptype": "e",
              "extname": "btree_gist",
              "identity": "public.gbt_inet_consistent(internal,inet,smallint,oid,internal)",
              "objsubid": 0,
              "refobjid": 38533,
              "refclassid": 3079
            },
            {
              "objid": 39052,
              "classid": 1255,
              "deptype": "e",
              "extname": "btree_gist",
              "identity": "public.gbt_inet_compress(internal)",
              "objsubid": 0,
              "refobjid": 38533,
              "refclassid": 3079
            },
            {
              "objid": 39053,
              "classid": 1255,
              "deptype": "e",
              "extname": "btree_gist",
              "identity": "public.gbt_inet_penalty(internal,internal,internal)",
              "objsubid": 0,
              "refobjid": 38533,
              "refclassid": 3079
            },
            {
              "objid": 39054,
              "classid": 1255,
              "deptype": "e",
              "extname": "btree_gist",
              "identity": "public.gbt_inet_picksplit(internal,internal)",
              "objsubid": 0,
              "refobjid": 38533,
              "refclassid": 3079
            },
            {
              "objid": 39055,
              "classid": 1255,
              "deptype": "e",
              "extname": "btree_gist",
              "identity": "public.gbt_inet_union(internal,internal)",
              "objsubid": 0,
              "refobjid": 38533,
              "refclassid": 3079
            },
            {
              "objid": 39056,
              "classid": 1255,
              "deptype": "e",
              "extname": "btree_gist",
              "identity": "public.gbt_inet_same(gbtreekey16,gbtreekey16,internal)",
              "objsubid": 0,
              "refobjid": 38533,
              "refclassid": 3079
            },
            {
              "objid": 39087,
              "classid": 1255,
              "deptype": "e",
              "extname": "btree_gist",
              "identity": "public.gbt_uuid_consistent(internal,uuid,smallint,oid,internal)",
              "objsubid": 0,
              "refobjid": 38533,
              "refclassid": 3079
            },
            {
              "objid": 39088,
              "classid": 1255,
              "deptype": "e",
              "extname": "btree_gist",
              "identity": "public.gbt_uuid_fetch(internal)",
              "objsubid": 0,
              "refobjid": 38533,
              "refclassid": 3079
            },
            {
              "objid": 39089,
              "classid": 1255,
              "deptype": "e",
              "extname": "btree_gist",
              "identity": "public.gbt_uuid_compress(internal)",
              "objsubid": 0,
              "refobjid": 38533,
              "refclassid": 3079
            },
            {
              "objid": 39090,
              "classid": 1255,
              "deptype": "e",
              "extname": "btree_gist",
              "identity": "public.gbt_uuid_penalty(internal,internal,internal)",
              "objsubid": 0,
              "refobjid": 38533,
              "refclassid": 3079
            },
            {
              "objid": 39091,
              "classid": 1255,
              "deptype": "e",
              "extname": "btree_gist",
              "identity": "public.gbt_uuid_picksplit(internal,internal)",
              "objsubid": 0,
              "refobjid": 38533,
              "refclassid": 3079
            },
            {
              "objid": 39092,
              "classid": 1255,
              "deptype": "e",
              "extname": "btree_gist",
              "identity": "public.gbt_uuid_union(internal,internal)",
              "objsubid": 0,
              "refobjid": 38533,
              "refclassid": 3079
            },
            {
              "objid": 39093,
              "classid": 1255,
              "deptype": "e",
              "extname": "btree_gist",
              "identity": "public.gbt_uuid_same(gbtreekey32,gbtreekey32,internal)",
              "objsubid": 0,
              "refobjid": 38533,
              "refclassid": 3079
            },
            {
              "objid": 39110,
              "classid": 1255,
              "deptype": "e",
              "extname": "btree_gist",
              "identity": "public.gbt_macad8_consistent(internal,macaddr8,smallint,oid,internal)",
              "objsubid": 0,
              "refobjid": 38533,
              "refclassid": 3079
            },
            {
              "objid": 39111,
              "classid": 1255,
              "deptype": "e",
              "extname": "btree_gist",
              "identity": "public.gbt_macad8_compress(internal)",
              "objsubid": 0,
              "refobjid": 38533,
              "refclassid": 3079
            },
            {
              "objid": 39112,
              "classid": 1255,
              "deptype": "e",
              "extname": "btree_gist",
              "identity": "public.gbt_macad8_fetch(internal)",
              "objsubid": 0,
              "refobjid": 38533,
              "refclassid": 3079
            },
            {
              "objid": 39113,
              "classid": 1255,
              "deptype": "e",
              "extname": "btree_gist",
              "identity": "public.gbt_macad8_penalty(internal,internal,internal)",
              "objsubid": 0,
              "refobjid": 38533,
              "refclassid": 3079
            },
            {
              "objid": 39114,
              "classid": 1255,
              "deptype": "e",
              "extname": "btree_gist",
              "identity": "public.gbt_macad8_picksplit(internal,internal)",
              "objsubid": 0,
              "refobjid": 38533,
              "refclassid": 3079
            },
            {
              "objid": 39115,
              "classid": 1255,
              "deptype": "e",
              "extname": "btree_gist",
              "identity": "public.gbt_macad8_union(internal,internal)",
              "objsubid": 0,
              "refobjid": 38533,
              "refclassid": 3079
            },
            {
              "objid": 39116,
              "classid": 1255,
              "deptype": "e",
              "extname": "btree_gist",
              "identity": "public.gbt_macad8_same(gbtreekey16,gbtreekey16,internal)",
              "objsubid": 0,
              "refobjid": 38533,
              "refclassid": 3079
            },
            {
              "objid": 39133,
              "classid": 1255,
              "deptype": "e",
              "extname": "btree_gist",
              "identity": "public.gbt_enum_consistent(internal,anyenum,smallint,oid,internal)",
              "objsubid": 0,
              "refobjid": 38533,
              "refclassid": 3079
            },
            {
              "objid": 39134,
              "classid": 1255,
              "deptype": "e",
              "extname": "btree_gist",
              "identity": "public.gbt_enum_compress(internal)",
              "objsubid": 0,
              "refobjid": 38533,
              "refclassid": 3079
            },
            {
              "objid": 39135,
              "classid": 1255,
              "deptype": "e",
              "extname": "btree_gist",
              "identity": "public.gbt_enum_fetch(internal)",
              "objsubid": 0,
              "refobjid": 38533,
              "refclassid": 3079
            },
            {
              "objid": 39136,
              "classid": 1255,
              "deptype": "e",
              "extname": "btree_gist",
              "identity": "public.gbt_enum_penalty(internal,internal,internal)",
              "objsubid": 0,
              "refobjid": 38533,
              "refclassid": 3079
            },
            {
              "objid": 39137,
              "classid": 1255,
              "deptype": "e",
              "extname": "btree_gist",
              "identity": "public.gbt_enum_picksplit(internal,internal)",
              "objsubid": 0,
              "refobjid": 38533,
              "refclassid": 3079
            },
            {
              "objid": 39138,
              "classid": 1255,
              "deptype": "e",
              "extname": "btree_gist",
              "identity": "public.gbt_enum_union(internal,internal)",
              "objsubid": 0,
              "refobjid": 38533,
              "refclassid": 3079
            },
            {
              "objid": 39139,
              "classid": 1255,
              "deptype": "e",
              "extname": "btree_gist",
              "identity": "public.gbt_enum_same(gbtreekey8,gbtreekey8,internal)",
              "objsubid": 0,
              "refobjid": 38533,
              "refclassid": 3079
            },
            {
              "objid": 39157,
              "classid": 1255,
              "deptype": "e",
              "extname": "btree_gist",
              "identity": "public.gbtreekey2_in(cstring)",
              "objsubid": 0,
              "refobjid": 38533,
              "refclassid": 3079
            },
            {
              "objid": 39158,
              "classid": 1255,
              "deptype": "e",
              "extname": "btree_gist",
              "identity": "public.gbtreekey2_out(gbtreekey2)",
              "objsubid": 0,
              "refobjid": 38533,
              "refclassid": 3079
            },
            {
              "objid": 39160,
              "classid": 1255,
              "deptype": "e",
              "extname": "btree_gist",
              "identity": "public.gbt_bool_consistent(internal,boolean,smallint,oid,internal)",
              "objsubid": 0,
              "refobjid": 38533,
              "refclassid": 3079
            },
            {
              "objid": 39161,
              "classid": 1255,
              "deptype": "e",
              "extname": "btree_gist",
              "identity": "public.gbt_bool_compress(internal)",
              "objsubid": 0,
              "refobjid": 38533,
              "refclassid": 3079
            },
            {
              "objid": 39162,
              "classid": 1255,
              "deptype": "e",
              "extname": "btree_gist",
              "identity": "public.gbt_bool_fetch(internal)",
              "objsubid": 0,
              "refobjid": 38533,
              "refclassid": 3079
            },
            {
              "objid": 39163,
              "classid": 1255,
              "deptype": "e",
              "extname": "btree_gist",
              "identity": "public.gbt_bool_penalty(internal,internal,internal)",
              "objsubid": 0,
              "refobjid": 38533,
              "refclassid": 3079
            },
            {
              "objid": 39164,
              "classid": 1255,
              "deptype": "e",
              "extname": "btree_gist",
              "identity": "public.gbt_bool_picksplit(internal,internal)",
              "objsubid": 0,
              "refobjid": 38533,
              "refclassid": 3079
            },
            {
              "objid": 39165,
              "classid": 1255,
              "deptype": "e",
              "extname": "btree_gist",
              "identity": "public.gbt_bool_union(internal,internal)",
              "objsubid": 0,
              "refobjid": 38533,
              "refclassid": 3079
            },
            {
              "objid": 39166,
              "classid": 1255,
              "deptype": "e",
              "extname": "btree_gist",
              "identity": "public.gbt_bool_same(gbtreekey2,gbtreekey2,internal)",
              "objsubid": 0,
              "refobjid": 38533,
              "refclassid": 3079
            },
            {
              "objid": 38590,
              "classid": 2616,
              "deptype": "e",
              "extname": "btree_gist",
              "identity": "38590",
              "objsubid": 0,
              "refobjid": 38533,
              "refclassid": 3079
            },
            {
              "objid": 38616,
              "classid": 2616,
              "deptype": "e",
              "extname": "btree_gist",
              "identity": "38616",
              "objsubid": 0,
              "refobjid": 38533,
              "refclassid": 3079
            },
            {
              "objid": 38642,
              "classid": 2616,
              "deptype": "e",
              "extname": "btree_gist",
              "identity": "38642",
              "objsubid": 0,
              "refobjid": 38533,
              "refclassid": 3079
            },
            {
              "objid": 38668,
              "classid": 2616,
              "deptype": "e",
              "extname": "btree_gist",
              "identity": "38668",
              "objsubid": 0,
              "refobjid": 38533,
              "refclassid": 3079
            },
            {
              "objid": 38694,
              "classid": 2616,
              "deptype": "e",
              "extname": "btree_gist",
              "identity": "38694",
              "objsubid": 0,
              "refobjid": 38533,
              "refclassid": 3079
            },
            {
              "objid": 38720,
              "classid": 2616,
              "deptype": "e",
              "extname": "btree_gist",
              "identity": "38720",
              "objsubid": 0,
              "refobjid": 38533,
              "refclassid": 3079
            },
            {
              "objid": 38749,
              "classid": 2616,
              "deptype": "e",
              "extname": "btree_gist",
              "identity": "38749",
              "objsubid": 0,
              "refobjid": 38533,
              "refclassid": 3079
            },
            {
              "objid": 38767,
              "classid": 2616,
              "deptype": "e",
              "extname": "btree_gist",
              "identity": "38767",
              "objsubid": 0,
              "refobjid": 38533,
              "refclassid": 3079
            },
            {
              "objid": 38795,
              "classid": 2616,
              "deptype": "e",
              "extname": "btree_gist",
              "identity": "38795",
              "objsubid": 0,
              "refobjid": 38533,
              "refclassid": 3079
            },
            {
              "objid": 38813,
              "classid": 2616,
              "deptype": "e",
              "extname": "btree_gist",
              "identity": "38813",
              "objsubid": 0,
              "refobjid": 38533,
              "refclassid": 3079
            },
            {
              "objid": 38836,
              "classid": 2616,
              "deptype": "e",
              "extname": "btree_gist",
              "identity": "38836",
              "objsubid": 0,
              "refobjid": 38533,
              "refclassid": 3079
            },
            {
              "objid": 38863,
              "classid": 2616,
              "deptype": "e",
              "extname": "btree_gist",
              "identity": "38863",
              "objsubid": 0,
              "refobjid": 38533,
              "refclassid": 3079
            },
            {
              "objid": 38889,
              "classid": 2616,
              "deptype": "e",
              "extname": "btree_gist",
              "identity": "38889",
              "objsubid": 0,
              "refobjid": 38533,
              "refclassid": 3079
            },
            {
              "objid": 38914,
              "classid": 2616,
              "deptype": "e",
              "extname": "btree_gist",
              "identity": "38914",
              "objsubid": 0,
              "refobjid": 38533,
              "refclassid": 3079
            },
            {
              "objid": 38938,
              "classid": 2616,
              "deptype": "e",
              "extname": "btree_gist",
              "identity": "38938",
              "objsubid": 0,
              "refobjid": 38533,
              "refclassid": 3079
            },
            {
              "objid": 38954,
              "classid": 2616,
              "deptype": "e",
              "extname": "btree_gist",
              "identity": "38954",
              "objsubid": 0,
              "refobjid": 38533,
              "refclassid": 3079
            },
            {
              "objid": 38976,
              "classid": 2616,
              "deptype": "e",
              "extname": "btree_gist",
              "identity": "38976",
              "objsubid": 0,
              "refobjid": 38533,
              "refclassid": 3079
            },
            {
              "objid": 38998,
              "classid": 2616,
              "deptype": "e",
              "extname": "btree_gist",
              "identity": "38998",
              "objsubid": 0,
              "refobjid": 38533,
              "refclassid": 3079
            },
            {
              "objid": 39020,
              "classid": 2616,
              "deptype": "e",
              "extname": "btree_gist",
              "identity": "39020",
              "objsubid": 0,
              "refobjid": 38533,
              "refclassid": 3079
            },
            {
              "objid": 39036,
              "classid": 2616,
              "deptype": "e",
              "extname": "btree_gist",
              "identity": "39036",
              "objsubid": 0,
              "refobjid": 38533,
              "refclassid": 3079
            },
            {
              "objid": 39058,
              "classid": 2616,
              "deptype": "e",
              "extname": "btree_gist",
              "identity": "39058",
              "objsubid": 0,
              "refobjid": 38533,
              "refclassid": 3079
            },
            {
              "objid": 39073,
              "classid": 2616,
              "deptype": "e",
              "extname": "btree_gist",
              "identity": "39073",
              "objsubid": 0,
              "refobjid": 38533,
              "refclassid": 3079
            },
            {
              "objid": 39095,
              "classid": 2616,
              "deptype": "e",
              "extname": "btree_gist",
              "identity": "39095",
              "objsubid": 0,
              "refobjid": 38533,
              "refclassid": 3079
            },
            {
              "objid": 39118,
              "classid": 2616,
              "deptype": "e",
              "extname": "btree_gist",
              "identity": "39118",
              "objsubid": 0,
              "refobjid": 38533,
              "refclassid": 3079
            },
            {
              "objid": 39141,
              "classid": 2616,
              "deptype": "e",
              "extname": "btree_gist",
              "identity": "39141",
              "objsubid": 0,
              "refobjid": 38533,
              "refclassid": 3079
            },
            {
              "objid": 39168,
              "classid": 2616,
              "deptype": "e",
              "extname": "btree_gist",
              "identity": "39168",
              "objsubid": 0,
              "refobjid": 38533,
              "refclassid": 3079
            },
            {
              "objid": 38555,
              "classid": 2617,
              "deptype": "e",
              "extname": "btree_gist",
              "identity": "38555",
              "objsubid": 0,
              "refobjid": 38533,
              "refclassid": 3079
            },
            {
              "objid": 38557,
              "classid": 2617,
              "deptype": "e",
              "extname": "btree_gist",
              "identity": "38557",
              "objsubid": 0,
              "refobjid": 38533,
              "refclassid": 3079
            },
            {
              "objid": 38559,
              "classid": 2617,
              "deptype": "e",
              "extname": "btree_gist",
              "identity": "38559",
              "objsubid": 0,
              "refobjid": 38533,
              "refclassid": 3079
            },
            {
              "objid": 38561,
              "classid": 2617,
              "deptype": "e",
              "extname": "btree_gist",
              "identity": "38561",
              "objsubid": 0,
              "refobjid": 38533,
              "refclassid": 3079
            },
            {
              "objid": 38563,
              "classid": 2617,
              "deptype": "e",
              "extname": "btree_gist",
              "identity": "38563",
              "objsubid": 0,
              "refobjid": 38533,
              "refclassid": 3079
            },
            {
              "objid": 38565,
              "classid": 2617,
              "deptype": "e",
              "extname": "btree_gist",
              "identity": "38565",
              "objsubid": 0,
              "refobjid": 38533,
              "refclassid": 3079
            },
            {
              "objid": 38567,
              "classid": 2617,
              "deptype": "e",
              "extname": "btree_gist",
              "identity": "38567",
              "objsubid": 0,
              "refobjid": 38533,
              "refclassid": 3079
            },
            {
              "objid": 38569,
              "classid": 2617,
              "deptype": "e",
              "extname": "btree_gist",
              "identity": "38569",
              "objsubid": 0,
              "refobjid": 38533,
              "refclassid": 3079
            },
            {
              "objid": 38571,
              "classid": 2617,
              "deptype": "e",
              "extname": "btree_gist",
              "identity": "38571",
              "objsubid": 0,
              "refobjid": 38533,
              "refclassid": 3079
            },
            {
              "objid": 38573,
              "classid": 2617,
              "deptype": "e",
              "extname": "btree_gist",
              "identity": "38573",
              "objsubid": 0,
              "refobjid": 38533,
              "refclassid": 3079
            },
            {
              "objid": 38575,
              "classid": 2617,
              "deptype": "e",
              "extname": "btree_gist",
              "identity": "38575",
              "objsubid": 0,
              "refobjid": 38533,
              "refclassid": 3079
            },
            {
              "objid": 38577,
              "classid": 2617,
              "deptype": "e",
              "extname": "btree_gist",
              "identity": "38577",
              "objsubid": 0,
              "refobjid": 38533,
              "refclassid": 3079
            },
            {
              "objid": 38589,
              "classid": 2753,
              "deptype": "e",
              "extname": "btree_gist",
              "identity": "38589",
              "objsubid": 0,
              "refobjid": 38533,
              "refclassid": 3079
            },
            {
              "objid": 38615,
              "classid": 2753,
              "deptype": "e",
              "extname": "btree_gist",
              "identity": "38615",
              "objsubid": 0,
              "refobjid": 38533,
              "refclassid": 3079
            },
            {
              "objid": 38641,
              "classid": 2753,
              "deptype": "e",
              "extname": "btree_gist",
              "identity": "38641",
              "objsubid": 0,
              "refobjid": 38533,
              "refclassid": 3079
            },
            {
              "objid": 38667,
              "classid": 2753,
              "deptype": "e",
              "extname": "btree_gist",
              "identity": "38667",
              "objsubid": 0,
              "refobjid": 38533,
              "refclassid": 3079
            },
            {
              "objid": 38693,
              "classid": 2753,
              "deptype": "e",
              "extname": "btree_gist",
              "identity": "38693",
              "objsubid": 0,
              "refobjid": 38533,
              "refclassid": 3079
            },
            {
              "objid": 38719,
              "classid": 2753,
              "deptype": "e",
              "extname": "btree_gist",
              "identity": "38719",
              "objsubid": 0,
              "refobjid": 38533,
              "refclassid": 3079
            },
            {
              "objid": 38748,
              "classid": 2753,
              "deptype": "e",
              "extname": "btree_gist",
              "identity": "38748",
              "objsubid": 0,
              "refobjid": 38533,
              "refclassid": 3079
            },
            {
              "objid": 38766,
              "classid": 2753,
              "deptype": "e",
              "extname": "btree_gist",
              "identity": "38766",
              "objsubid": 0,
              "refobjid": 38533,
              "refclassid": 3079
            },
            {
              "objid": 38794,
              "classid": 2753,
              "deptype": "e",
              "extname": "btree_gist",
              "identity": "38794",
              "objsubid": 0,
              "refobjid": 38533,
              "refclassid": 3079
            },
            {
              "objid": 38812,
              "classid": 2753,
              "deptype": "e",
              "extname": "btree_gist",
              "identity": "38812",
              "objsubid": 0,
              "refobjid": 38533,
              "refclassid": 3079
            },
            {
              "objid": 38835,
              "classid": 2753,
              "deptype": "e",
              "extname": "btree_gist",
              "identity": "38835",
              "objsubid": 0,
              "refobjid": 38533,
              "refclassid": 3079
            },
            {
              "objid": 38862,
              "classid": 2753,
              "deptype": "e",
              "extname": "btree_gist",
              "identity": "38862",
              "objsubid": 0,
              "refobjid": 38533,
              "refclassid": 3079
            },
            {
              "objid": 38888,
              "classid": 2753,
              "deptype": "e",
              "extname": "btree_gist",
              "identity": "38888",
              "objsubid": 0,
              "refobjid": 38533,
              "refclassid": 3079
            },
            {
              "objid": 38913,
              "classid": 2753,
              "deptype": "e",
              "extname": "btree_gist",
              "identity": "38913",
              "objsubid": 0,
              "refobjid": 38533,
              "refclassid": 3079
            },
            {
              "objid": 38937,
              "classid": 2753,
              "deptype": "e",
              "extname": "btree_gist",
              "identity": "38937",
              "objsubid": 0,
              "refobjid": 38533,
              "refclassid": 3079
            },
            {
              "objid": 38953,
              "classid": 2753,
              "deptype": "e",
              "extname": "btree_gist",
              "identity": "38953",
              "objsubid": 0,
              "refobjid": 38533,
              "refclassid": 3079
            },
            {
              "objid": 38975,
              "classid": 2753,
              "deptype": "e",
              "extname": "btree_gist",
              "identity": "38975",
              "objsubid": 0,
              "refobjid": 38533,
              "refclassid": 3079
            },
            {
              "objid": 38997,
              "classid": 2753,
              "deptype": "e",
              "extname": "btree_gist",
              "identity": "38997",
              "objsubid": 0,
              "refobjid": 38533,
              "refclassid": 3079
            },
            {
              "objid": 39019,
              "classid": 2753,
              "deptype": "e",
              "extname": "btree_gist",
              "identity": "39019",
              "objsubid": 0,
              "refobjid": 38533,
              "refclassid": 3079
            },
            {
              "objid": 39035,
              "classid": 2753,
              "deptype": "e",
              "extname": "btree_gist",
              "identity": "39035",
              "objsubid": 0,
              "refobjid": 38533,
              "refclassid": 3079
            },
            {
              "objid": 39057,
              "classid": 2753,
              "deptype": "e",
              "extname": "btree_gist",
              "identity": "39057",
              "objsubid": 0,
              "refobjid": 38533,
              "refclassid": 3079
            },
            {
              "objid": 39072,
              "classid": 2753,
              "deptype": "e",
              "extname": "btree_gist",
              "identity": "39072",
              "objsubid": 0,
              "refobjid": 38533,
              "refclassid": 3079
            },
            {
              "objid": 39094,
              "classid": 2753,
              "deptype": "e",
              "extname": "btree_gist",
              "identity": "39094",
              "objsubid": 0,
              "refobjid": 38533,
              "refclassid": 3079
            },
            {
              "objid": 39117,
              "classid": 2753,
              "deptype": "e",
              "extname": "btree_gist",
              "identity": "39117",
              "objsubid": 0,
              "refobjid": 38533,
              "refclassid": 3079
            },
            {
              "objid": 39140,
              "classid": 2753,
              "deptype": "e",
              "extname": "btree_gist",
              "identity": "39140",
              "objsubid": 0,
              "refobjid": 38533,
              "refclassid": 3079
            },
            {
              "objid": 39167,
              "classid": 2753,
              "deptype": "e",
              "extname": "btree_gist",
              "identity": "39167",
              "objsubid": 0,
              "refobjid": 38533,
              "refclassid": 3079
            }
          ]
        },
        "afterReset": {
          "extensionPresent": true,
          "memberCount": 264,
          "identities": [
            "38555",
            "38557",
            "38559",
            "38561",
            "38563",
            "38565",
            "38567",
            "38569",
            "38571",
            "38573",
            "38575",
            "38577",
            "38589",
            "38590",
            "38615",
            "38616",
            "38641",
            "38642",
            "38667",
            "38668",
            "38693",
            "38694",
            "38719",
            "38720",
            "38748",
            "38749",
            "38766",
            "38767",
            "38794",
            "38795",
            "38812",
            "38813",
            "38835",
            "38836",
            "38862",
            "38863",
            "38888",
            "38889",
            "38913",
            "38914",
            "38937",
            "38938",
            "38953",
            "38954",
            "38975",
            "38976",
            "38997",
            "38998",
            "39019",
            "39020",
            "39035",
            "39036",
            "39057",
            "39058",
            "39072",
            "39073",
            "39094",
            "39095",
            "39117",
            "39118",
            "39140",
            "39141",
            "39167",
            "39168",
            "public._gbtreekey16",
            "public._gbtreekey2",
            "public._gbtreekey32",
            "public._gbtreekey4",
            "public._gbtreekey8",
            "public._gbtreekey_var",
            "public.cash_dist(money,money)",
            "public.date_dist(date,date)",
            "public.float4_dist(real,real)",
            "public.float8_dist(double precision,double precision)",
            "public.gbt_bit_compress(internal)",
            "public.gbt_bit_consistent(internal,bit,smallint,oid,internal)",
            "public.gbt_bit_penalty(internal,internal,internal)",
            "public.gbt_bit_picksplit(internal,internal)",
            "public.gbt_bit_same(gbtreekey_var,gbtreekey_var,internal)",
            "public.gbt_bit_union(internal,internal)",
            "public.gbt_bool_compress(internal)",
            "public.gbt_bool_consistent(internal,boolean,smallint,oid,internal)",
            "public.gbt_bool_fetch(internal)",
            "public.gbt_bool_penalty(internal,internal,internal)",
            "public.gbt_bool_picksplit(internal,internal)",
            "public.gbt_bool_same(gbtreekey2,gbtreekey2,internal)",
            "public.gbt_bool_union(internal,internal)",
            "public.gbt_bpchar_compress(internal)",
            "public.gbt_bpchar_consistent(internal,character,smallint,oid,internal)",
            "public.gbt_bytea_compress(internal)",
            "public.gbt_bytea_consistent(internal,bytea,smallint,oid,internal)",
            "public.gbt_bytea_penalty(internal,internal,internal)",
            "public.gbt_bytea_picksplit(internal,internal)",
            "public.gbt_bytea_same(gbtreekey_var,gbtreekey_var,internal)",
            "public.gbt_bytea_union(internal,internal)",
            "public.gbt_cash_compress(internal)",
            "public.gbt_cash_consistent(internal,money,smallint,oid,internal)",
            "public.gbt_cash_distance(internal,money,smallint,oid,internal)",
            "public.gbt_cash_fetch(internal)",
            "public.gbt_cash_penalty(internal,internal,internal)",
            "public.gbt_cash_picksplit(internal,internal)",
            "public.gbt_cash_same(gbtreekey16,gbtreekey16,internal)",
            "public.gbt_cash_union(internal,internal)",
            "public.gbt_date_compress(internal)",
            "public.gbt_date_consistent(internal,date,smallint,oid,internal)",
            "public.gbt_date_distance(internal,date,smallint,oid,internal)",
            "public.gbt_date_fetch(internal)",
            "public.gbt_date_penalty(internal,internal,internal)",
            "public.gbt_date_picksplit(internal,internal)",
            "public.gbt_date_same(gbtreekey8,gbtreekey8,internal)",
            "public.gbt_date_union(internal,internal)",
            "public.gbt_decompress(internal)",
            "public.gbt_enum_compress(internal)",
            "public.gbt_enum_consistent(internal,anyenum,smallint,oid,internal)",
            "public.gbt_enum_fetch(internal)",
            "public.gbt_enum_penalty(internal,internal,internal)",
            "public.gbt_enum_picksplit(internal,internal)",
            "public.gbt_enum_same(gbtreekey8,gbtreekey8,internal)",
            "public.gbt_enum_union(internal,internal)",
            "public.gbt_float4_compress(internal)",
            "public.gbt_float4_consistent(internal,real,smallint,oid,internal)",
            "public.gbt_float4_distance(internal,real,smallint,oid,internal)",
            "public.gbt_float4_fetch(internal)",
            "public.gbt_float4_penalty(internal,internal,internal)",
            "public.gbt_float4_picksplit(internal,internal)",
            "public.gbt_float4_same(gbtreekey8,gbtreekey8,internal)",
            "public.gbt_float4_union(internal,internal)",
            "public.gbt_float8_compress(internal)",
            "public.gbt_float8_consistent(internal,double precision,smallint,oid,internal)",
            "public.gbt_float8_distance(internal,double precision,smallint,oid,internal)",
            "public.gbt_float8_fetch(internal)",
            "public.gbt_float8_penalty(internal,internal,internal)",
            "public.gbt_float8_picksplit(internal,internal)",
            "public.gbt_float8_same(gbtreekey16,gbtreekey16,internal)",
            "public.gbt_float8_union(internal,internal)",
            "public.gbt_inet_compress(internal)",
            "public.gbt_inet_consistent(internal,inet,smallint,oid,internal)",
            "public.gbt_inet_penalty(internal,internal,internal)",
            "public.gbt_inet_picksplit(internal,internal)",
            "public.gbt_inet_same(gbtreekey16,gbtreekey16,internal)",
            "public.gbt_inet_union(internal,internal)",
            "public.gbt_int2_compress(internal)",
            "public.gbt_int2_consistent(internal,smallint,smallint,oid,internal)",
            "public.gbt_int2_distance(internal,smallint,smallint,oid,internal)",
            "public.gbt_int2_fetch(internal)",
            "public.gbt_int2_penalty(internal,internal,internal)",
            "public.gbt_int2_picksplit(internal,internal)",
            "public.gbt_int2_same(gbtreekey4,gbtreekey4,internal)",
            "public.gbt_int2_union(internal,internal)",
            "public.gbt_int4_compress(internal)",
            "public.gbt_int4_consistent(internal,integer,smallint,oid,internal)",
            "public.gbt_int4_distance(internal,integer,smallint,oid,internal)",
            "public.gbt_int4_fetch(internal)",
            "public.gbt_int4_penalty(internal,internal,internal)",
            "public.gbt_int4_picksplit(internal,internal)",
            "public.gbt_int4_same(gbtreekey8,gbtreekey8,internal)",
            "public.gbt_int4_union(internal,internal)",
            "public.gbt_int8_compress(internal)",
            "public.gbt_int8_consistent(internal,bigint,smallint,oid,internal)",
            "public.gbt_int8_distance(internal,bigint,smallint,oid,internal)",
            "public.gbt_int8_fetch(internal)",
            "public.gbt_int8_penalty(internal,internal,internal)",
            "public.gbt_int8_picksplit(internal,internal)",
            "public.gbt_int8_same(gbtreekey16,gbtreekey16,internal)",
            "public.gbt_int8_union(internal,internal)",
            "public.gbt_intv_compress(internal)",
            "public.gbt_intv_consistent(internal,interval,smallint,oid,internal)",
            "public.gbt_intv_decompress(internal)",
            "public.gbt_intv_distance(internal,interval,smallint,oid,internal)",
            "public.gbt_intv_fetch(internal)",
            "public.gbt_intv_penalty(internal,internal,internal)",
            "public.gbt_intv_picksplit(internal,internal)",
            "public.gbt_intv_same(gbtreekey32,gbtreekey32,internal)",
            "public.gbt_intv_union(internal,internal)",
            "public.gbt_macad8_compress(internal)",
            "public.gbt_macad8_consistent(internal,macaddr8,smallint,oid,internal)",
            "public.gbt_macad8_fetch(internal)",
            "public.gbt_macad8_penalty(internal,internal,internal)",
            "public.gbt_macad8_picksplit(internal,internal)",
            "public.gbt_macad8_same(gbtreekey16,gbtreekey16,internal)",
            "public.gbt_macad8_union(internal,internal)",
            "public.gbt_macad_compress(internal)",
            "public.gbt_macad_consistent(internal,macaddr,smallint,oid,internal)",
            "public.gbt_macad_fetch(internal)",
            "public.gbt_macad_penalty(internal,internal,internal)",
            "public.gbt_macad_picksplit(internal,internal)",
            "public.gbt_macad_same(gbtreekey16,gbtreekey16,internal)",
            "public.gbt_macad_union(internal,internal)",
            "public.gbt_numeric_compress(internal)",
            "public.gbt_numeric_consistent(internal,numeric,smallint,oid,internal)",
            "public.gbt_numeric_penalty(internal,internal,internal)",
            "public.gbt_numeric_picksplit(internal,internal)",
            "public.gbt_numeric_same(gbtreekey_var,gbtreekey_var,internal)",
            "public.gbt_numeric_union(internal,internal)",
            "public.gbt_oid_compress(internal)",
            "public.gbt_oid_consistent(internal,oid,smallint,oid,internal)",
            "public.gbt_oid_distance(internal,oid,smallint,oid,internal)",
            "public.gbt_oid_fetch(internal)",
            "public.gbt_oid_penalty(internal,internal,internal)",
            "public.gbt_oid_picksplit(internal,internal)",
            "public.gbt_oid_same(gbtreekey8,gbtreekey8,internal)",
            "public.gbt_oid_union(internal,internal)",
            "public.gbt_text_compress(internal)",
            "public.gbt_text_consistent(internal,text,smallint,oid,internal)",
            "public.gbt_text_penalty(internal,internal,internal)",
            "public.gbt_text_picksplit(internal,internal)",
            "public.gbt_text_same(gbtreekey_var,gbtreekey_var,internal)",
            "public.gbt_text_union(internal,internal)",
            "public.gbt_time_compress(internal)",
            "public.gbt_time_consistent(internal,time without time zone,smallint,oid,internal)",
            "public.gbt_time_distance(internal,time without time zone,smallint,oid,internal)",
            "public.gbt_time_fetch(internal)",
            "public.gbt_time_penalty(internal,internal,internal)",
            "public.gbt_time_picksplit(internal,internal)",
            "public.gbt_time_same(gbtreekey16,gbtreekey16,internal)",
            "public.gbt_time_union(internal,internal)",
            "public.gbt_timetz_compress(internal)",
            "public.gbt_timetz_consistent(internal,time with time zone,smallint,oid,internal)",
            "public.gbt_ts_compress(internal)",
            "public.gbt_ts_consistent(internal,timestamp without time zone,smallint,oid,internal)",
            "public.gbt_ts_distance(internal,timestamp without time zone,smallint,oid,internal)",
            "public.gbt_ts_fetch(internal)",
            "public.gbt_ts_penalty(internal,internal,internal)",
            "public.gbt_ts_picksplit(internal,internal)",
            "public.gbt_ts_same(gbtreekey16,gbtreekey16,internal)",
            "public.gbt_ts_union(internal,internal)",
            "public.gbt_tstz_compress(internal)",
            "public.gbt_tstz_consistent(internal,timestamp with time zone,smallint,oid,internal)",
            "public.gbt_tstz_distance(internal,timestamp with time zone,smallint,oid,internal)",
            "public.gbt_uuid_compress(internal)",
            "public.gbt_uuid_consistent(internal,uuid,smallint,oid,internal)",
            "public.gbt_uuid_fetch(internal)",
            "public.gbt_uuid_penalty(internal,internal,internal)",
            "public.gbt_uuid_picksplit(internal,internal)",
            "public.gbt_uuid_same(gbtreekey32,gbtreekey32,internal)",
            "public.gbt_uuid_union(internal,internal)",
            "public.gbt_var_decompress(internal)",
            "public.gbt_var_fetch(internal)",
            "public.gbtreekey16",
            "public.gbtreekey16_in(cstring)",
            "public.gbtreekey16_out(gbtreekey16)",
            "public.gbtreekey2",
            "public.gbtreekey2_in(cstring)",
            "public.gbtreekey2_out(gbtreekey2)",
            "public.gbtreekey32",
            "public.gbtreekey32_in(cstring)",
            "public.gbtreekey32_out(gbtreekey32)",
            "public.gbtreekey4",
            "public.gbtreekey4_in(cstring)",
            "public.gbtreekey4_out(gbtreekey4)",
            "public.gbtreekey8",
            "public.gbtreekey8_in(cstring)",
            "public.gbtreekey8_out(gbtreekey8)",
            "public.gbtreekey_var",
            "public.gbtreekey_var_in(cstring)",
            "public.gbtreekey_var_out(gbtreekey_var)",
            "public.int2_dist(smallint,smallint)",
            "public.int4_dist(integer,integer)",
            "public.int8_dist(bigint,bigint)",
            "public.interval_dist(interval,interval)",
            "public.oid_dist(oid,oid)",
            "public.time_dist(time without time zone,time without time zone)",
            "public.ts_dist(timestamp without time zone,timestamp without time zone)",
            "public.tstz_dist(timestamp with time zone,timestamp with time zone)"
          ],
          "tuples": [
            {
              "objid": 38534,
              "classid": 1247,
              "deptype": "e",
              "extname": "btree_gist",
              "identity": "public.gbtreekey4",
              "objsubid": 0,
              "refobjid": 38533,
              "refclassid": 3079
            },
            {
              "objid": 38537,
              "classid": 1247,
              "deptype": "e",
              "extname": "btree_gist",
              "identity": "public._gbtreekey4",
              "objsubid": 0,
              "refobjid": 38533,
              "refclassid": 3079
            },
            {
              "objid": 38538,
              "classid": 1247,
              "deptype": "e",
              "extname": "btree_gist",
              "identity": "public.gbtreekey8",
              "objsubid": 0,
              "refobjid": 38533,
              "refclassid": 3079
            },
            {
              "objid": 38541,
              "classid": 1247,
              "deptype": "e",
              "extname": "btree_gist",
              "identity": "public._gbtreekey8",
              "objsubid": 0,
              "refobjid": 38533,
              "refclassid": 3079
            },
            {
              "objid": 38542,
              "classid": 1247,
              "deptype": "e",
              "extname": "btree_gist",
              "identity": "public.gbtreekey16",
              "objsubid": 0,
              "refobjid": 38533,
              "refclassid": 3079
            },
            {
              "objid": 38545,
              "classid": 1247,
              "deptype": "e",
              "extname": "btree_gist",
              "identity": "public._gbtreekey16",
              "objsubid": 0,
              "refobjid": 38533,
              "refclassid": 3079
            },
            {
              "objid": 38546,
              "classid": 1247,
              "deptype": "e",
              "extname": "btree_gist",
              "identity": "public.gbtreekey32",
              "objsubid": 0,
              "refobjid": 38533,
              "refclassid": 3079
            },
            {
              "objid": 38549,
              "classid": 1247,
              "deptype": "e",
              "extname": "btree_gist",
              "identity": "public._gbtreekey32",
              "objsubid": 0,
              "refobjid": 38533,
              "refclassid": 3079
            },
            {
              "objid": 38550,
              "classid": 1247,
              "deptype": "e",
              "extname": "btree_gist",
              "identity": "public.gbtreekey_var",
              "objsubid": 0,
              "refobjid": 38533,
              "refclassid": 3079
            },
            {
              "objid": 38553,
              "classid": 1247,
              "deptype": "e",
              "extname": "btree_gist",
              "identity": "public._gbtreekey_var",
              "objsubid": 0,
              "refobjid": 38533,
              "refclassid": 3079
            },
            {
              "objid": 39156,
              "classid": 1247,
              "deptype": "e",
              "extname": "btree_gist",
              "identity": "public.gbtreekey2",
              "objsubid": 0,
              "refobjid": 38533,
              "refclassid": 3079
            },
            {
              "objid": 39159,
              "classid": 1247,
              "deptype": "e",
              "extname": "btree_gist",
              "identity": "public._gbtreekey2",
              "objsubid": 0,
              "refobjid": 38533,
              "refclassid": 3079
            },
            {
              "objid": 38535,
              "classid": 1255,
              "deptype": "e",
              "extname": "btree_gist",
              "identity": "public.gbtreekey4_in(cstring)",
              "objsubid": 0,
              "refobjid": 38533,
              "refclassid": 3079
            },
            {
              "objid": 38536,
              "classid": 1255,
              "deptype": "e",
              "extname": "btree_gist",
              "identity": "public.gbtreekey4_out(gbtreekey4)",
              "objsubid": 0,
              "refobjid": 38533,
              "refclassid": 3079
            },
            {
              "objid": 38539,
              "classid": 1255,
              "deptype": "e",
              "extname": "btree_gist",
              "identity": "public.gbtreekey8_in(cstring)",
              "objsubid": 0,
              "refobjid": 38533,
              "refclassid": 3079
            },
            {
              "objid": 38540,
              "classid": 1255,
              "deptype": "e",
              "extname": "btree_gist",
              "identity": "public.gbtreekey8_out(gbtreekey8)",
              "objsubid": 0,
              "refobjid": 38533,
              "refclassid": 3079
            },
            {
              "objid": 38543,
              "classid": 1255,
              "deptype": "e",
              "extname": "btree_gist",
              "identity": "public.gbtreekey16_in(cstring)",
              "objsubid": 0,
              "refobjid": 38533,
              "refclassid": 3079
            },
            {
              "objid": 38544,
              "classid": 1255,
              "deptype": "e",
              "extname": "btree_gist",
              "identity": "public.gbtreekey16_out(gbtreekey16)",
              "objsubid": 0,
              "refobjid": 38533,
              "refclassid": 3079
            },
            {
              "objid": 38547,
              "classid": 1255,
              "deptype": "e",
              "extname": "btree_gist",
              "identity": "public.gbtreekey32_in(cstring)",
              "objsubid": 0,
              "refobjid": 38533,
              "refclassid": 3079
            },
            {
              "objid": 38548,
              "classid": 1255,
              "deptype": "e",
              "extname": "btree_gist",
              "identity": "public.gbtreekey32_out(gbtreekey32)",
              "objsubid": 0,
              "refobjid": 38533,
              "refclassid": 3079
            },
            {
              "objid": 38551,
              "classid": 1255,
              "deptype": "e",
              "extname": "btree_gist",
              "identity": "public.gbtreekey_var_in(cstring)",
              "objsubid": 0,
              "refobjid": 38533,
              "refclassid": 3079
            },
            {
              "objid": 38552,
              "classid": 1255,
              "deptype": "e",
              "extname": "btree_gist",
              "identity": "public.gbtreekey_var_out(gbtreekey_var)",
              "objsubid": 0,
              "refobjid": 38533,
              "refclassid": 3079
            },
            {
              "objid": 38554,
              "classid": 1255,
              "deptype": "e",
              "extname": "btree_gist",
              "identity": "public.cash_dist(money,money)",
              "objsubid": 0,
              "refobjid": 38533,
              "refclassid": 3079
            },
            {
              "objid": 38556,
              "classid": 1255,
              "deptype": "e",
              "extname": "btree_gist",
              "identity": "public.date_dist(date,date)",
              "objsubid": 0,
              "refobjid": 38533,
              "refclassid": 3079
            },
            {
              "objid": 38558,
              "classid": 1255,
              "deptype": "e",
              "extname": "btree_gist",
              "identity": "public.float4_dist(real,real)",
              "objsubid": 0,
              "refobjid": 38533,
              "refclassid": 3079
            },
            {
              "objid": 38560,
              "classid": 1255,
              "deptype": "e",
              "extname": "btree_gist",
              "identity": "public.float8_dist(double precision,double precision)",
              "objsubid": 0,
              "refobjid": 38533,
              "refclassid": 3079
            },
            {
              "objid": 38562,
              "classid": 1255,
              "deptype": "e",
              "extname": "btree_gist",
              "identity": "public.int2_dist(smallint,smallint)",
              "objsubid": 0,
              "refobjid": 38533,
              "refclassid": 3079
            },
            {
              "objid": 38564,
              "classid": 1255,
              "deptype": "e",
              "extname": "btree_gist",
              "identity": "public.int4_dist(integer,integer)",
              "objsubid": 0,
              "refobjid": 38533,
              "refclassid": 3079
            },
            {
              "objid": 38566,
              "classid": 1255,
              "deptype": "e",
              "extname": "btree_gist",
              "identity": "public.int8_dist(bigint,bigint)",
              "objsubid": 0,
              "refobjid": 38533,
              "refclassid": 3079
            },
            {
              "objid": 38568,
              "classid": 1255,
              "deptype": "e",
              "extname": "btree_gist",
              "identity": "public.interval_dist(interval,interval)",
              "objsubid": 0,
              "refobjid": 38533,
              "refclassid": 3079
            },
            {
              "objid": 38570,
              "classid": 1255,
              "deptype": "e",
              "extname": "btree_gist",
              "identity": "public.oid_dist(oid,oid)",
              "objsubid": 0,
              "refobjid": 38533,
              "refclassid": 3079
            },
            {
              "objid": 38572,
              "classid": 1255,
              "deptype": "e",
              "extname": "btree_gist",
              "identity": "public.time_dist(time without time zone,time without time zone)",
              "objsubid": 0,
              "refobjid": 38533,
              "refclassid": 3079
            },
            {
              "objid": 38574,
              "classid": 1255,
              "deptype": "e",
              "extname": "btree_gist",
              "identity": "public.ts_dist(timestamp without time zone,timestamp without time zone)",
              "objsubid": 0,
              "refobjid": 38533,
              "refclassid": 3079
            },
            {
              "objid": 38576,
              "classid": 1255,
              "deptype": "e",
              "extname": "btree_gist",
              "identity": "public.tstz_dist(timestamp with time zone,timestamp with time zone)",
              "objsubid": 0,
              "refobjid": 38533,
              "refclassid": 3079
            },
            {
              "objid": 38578,
              "classid": 1255,
              "deptype": "e",
              "extname": "btree_gist",
              "identity": "public.gbt_oid_consistent(internal,oid,smallint,oid,internal)",
              "objsubid": 0,
              "refobjid": 38533,
              "refclassid": 3079
            },
            {
              "objid": 38579,
              "classid": 1255,
              "deptype": "e",
              "extname": "btree_gist",
              "identity": "public.gbt_oid_distance(internal,oid,smallint,oid,internal)",
              "objsubid": 0,
              "refobjid": 38533,
              "refclassid": 3079
            },
            {
              "objid": 38580,
              "classid": 1255,
              "deptype": "e",
              "extname": "btree_gist",
              "identity": "public.gbt_oid_fetch(internal)",
              "objsubid": 0,
              "refobjid": 38533,
              "refclassid": 3079
            },
            {
              "objid": 38581,
              "classid": 1255,
              "deptype": "e",
              "extname": "btree_gist",
              "identity": "public.gbt_oid_compress(internal)",
              "objsubid": 0,
              "refobjid": 38533,
              "refclassid": 3079
            },
            {
              "objid": 38582,
              "classid": 1255,
              "deptype": "e",
              "extname": "btree_gist",
              "identity": "public.gbt_decompress(internal)",
              "objsubid": 0,
              "refobjid": 38533,
              "refclassid": 3079
            },
            {
              "objid": 38583,
              "classid": 1255,
              "deptype": "e",
              "extname": "btree_gist",
              "identity": "public.gbt_var_decompress(internal)",
              "objsubid": 0,
              "refobjid": 38533,
              "refclassid": 3079
            },
            {
              "objid": 38584,
              "classid": 1255,
              "deptype": "e",
              "extname": "btree_gist",
              "identity": "public.gbt_var_fetch(internal)",
              "objsubid": 0,
              "refobjid": 38533,
              "refclassid": 3079
            },
            {
              "objid": 38585,
              "classid": 1255,
              "deptype": "e",
              "extname": "btree_gist",
              "identity": "public.gbt_oid_penalty(internal,internal,internal)",
              "objsubid": 0,
              "refobjid": 38533,
              "refclassid": 3079
            },
            {
              "objid": 38586,
              "classid": 1255,
              "deptype": "e",
              "extname": "btree_gist",
              "identity": "public.gbt_oid_picksplit(internal,internal)",
              "objsubid": 0,
              "refobjid": 38533,
              "refclassid": 3079
            },
            {
              "objid": 38587,
              "classid": 1255,
              "deptype": "e",
              "extname": "btree_gist",
              "identity": "public.gbt_oid_union(internal,internal)",
              "objsubid": 0,
              "refobjid": 38533,
              "refclassid": 3079
            },
            {
              "objid": 38588,
              "classid": 1255,
              "deptype": "e",
              "extname": "btree_gist",
              "identity": "public.gbt_oid_same(gbtreekey8,gbtreekey8,internal)",
              "objsubid": 0,
              "refobjid": 38533,
              "refclassid": 3079
            },
            {
              "objid": 38607,
              "classid": 1255,
              "deptype": "e",
              "extname": "btree_gist",
              "identity": "public.gbt_int2_consistent(internal,smallint,smallint,oid,internal)",
              "objsubid": 0,
              "refobjid": 38533,
              "refclassid": 3079
            },
            {
              "objid": 38608,
              "classid": 1255,
              "deptype": "e",
              "extname": "btree_gist",
              "identity": "public.gbt_int2_distance(internal,smallint,smallint,oid,internal)",
              "objsubid": 0,
              "refobjid": 38533,
              "refclassid": 3079
            },
            {
              "objid": 38609,
              "classid": 1255,
              "deptype": "e",
              "extname": "btree_gist",
              "identity": "public.gbt_int2_compress(internal)",
              "objsubid": 0,
              "refobjid": 38533,
              "refclassid": 3079
            },
            {
              "objid": 38610,
              "classid": 1255,
              "deptype": "e",
              "extname": "btree_gist",
              "identity": "public.gbt_int2_fetch(internal)",
              "objsubid": 0,
              "refobjid": 38533,
              "refclassid": 3079
            },
            {
              "objid": 38611,
              "classid": 1255,
              "deptype": "e",
              "extname": "btree_gist",
              "identity": "public.gbt_int2_penalty(internal,internal,internal)",
              "objsubid": 0,
              "refobjid": 38533,
              "refclassid": 3079
            },
            {
              "objid": 38612,
              "classid": 1255,
              "deptype": "e",
              "extname": "btree_gist",
              "identity": "public.gbt_int2_picksplit(internal,internal)",
              "objsubid": 0,
              "refobjid": 38533,
              "refclassid": 3079
            },
            {
              "objid": 38613,
              "classid": 1255,
              "deptype": "e",
              "extname": "btree_gist",
              "identity": "public.gbt_int2_union(internal,internal)",
              "objsubid": 0,
              "refobjid": 38533,
              "refclassid": 3079
            },
            {
              "objid": 38614,
              "classid": 1255,
              "deptype": "e",
              "extname": "btree_gist",
              "identity": "public.gbt_int2_same(gbtreekey4,gbtreekey4,internal)",
              "objsubid": 0,
              "refobjid": 38533,
              "refclassid": 3079
            },
            {
              "objid": 38633,
              "classid": 1255,
              "deptype": "e",
              "extname": "btree_gist",
              "identity": "public.gbt_int4_consistent(internal,integer,smallint,oid,internal)",
              "objsubid": 0,
              "refobjid": 38533,
              "refclassid": 3079
            },
            {
              "objid": 38634,
              "classid": 1255,
              "deptype": "e",
              "extname": "btree_gist",
              "identity": "public.gbt_int4_distance(internal,integer,smallint,oid,internal)",
              "objsubid": 0,
              "refobjid": 38533,
              "refclassid": 3079
            },
            {
              "objid": 38635,
              "classid": 1255,
              "deptype": "e",
              "extname": "btree_gist",
              "identity": "public.gbt_int4_compress(internal)",
              "objsubid": 0,
              "refobjid": 38533,
              "refclassid": 3079
            },
            {
              "objid": 38636,
              "classid": 1255,
              "deptype": "e",
              "extname": "btree_gist",
              "identity": "public.gbt_int4_fetch(internal)",
              "objsubid": 0,
              "refobjid": 38533,
              "refclassid": 3079
            },
            {
              "objid": 38637,
              "classid": 1255,
              "deptype": "e",
              "extname": "btree_gist",
              "identity": "public.gbt_int4_penalty(internal,internal,internal)",
              "objsubid": 0,
              "refobjid": 38533,
              "refclassid": 3079
            },
            {
              "objid": 38638,
              "classid": 1255,
              "deptype": "e",
              "extname": "btree_gist",
              "identity": "public.gbt_int4_picksplit(internal,internal)",
              "objsubid": 0,
              "refobjid": 38533,
              "refclassid": 3079
            },
            {
              "objid": 38639,
              "classid": 1255,
              "deptype": "e",
              "extname": "btree_gist",
              "identity": "public.gbt_int4_union(internal,internal)",
              "objsubid": 0,
              "refobjid": 38533,
              "refclassid": 3079
            },
            {
              "objid": 38640,
              "classid": 1255,
              "deptype": "e",
              "extname": "btree_gist",
              "identity": "public.gbt_int4_same(gbtreekey8,gbtreekey8,internal)",
              "objsubid": 0,
              "refobjid": 38533,
              "refclassid": 3079
            },
            {
              "objid": 38659,
              "classid": 1255,
              "deptype": "e",
              "extname": "btree_gist",
              "identity": "public.gbt_int8_consistent(internal,bigint,smallint,oid,internal)",
              "objsubid": 0,
              "refobjid": 38533,
              "refclassid": 3079
            },
            {
              "objid": 38660,
              "classid": 1255,
              "deptype": "e",
              "extname": "btree_gist",
              "identity": "public.gbt_int8_distance(internal,bigint,smallint,oid,internal)",
              "objsubid": 0,
              "refobjid": 38533,
              "refclassid": 3079
            },
            {
              "objid": 38661,
              "classid": 1255,
              "deptype": "e",
              "extname": "btree_gist",
              "identity": "public.gbt_int8_compress(internal)",
              "objsubid": 0,
              "refobjid": 38533,
              "refclassid": 3079
            },
            {
              "objid": 38662,
              "classid": 1255,
              "deptype": "e",
              "extname": "btree_gist",
              "identity": "public.gbt_int8_fetch(internal)",
              "objsubid": 0,
              "refobjid": 38533,
              "refclassid": 3079
            },
            {
              "objid": 38663,
              "classid": 1255,
              "deptype": "e",
              "extname": "btree_gist",
              "identity": "public.gbt_int8_penalty(internal,internal,internal)",
              "objsubid": 0,
              "refobjid": 38533,
              "refclassid": 3079
            },
            {
              "objid": 38664,
              "classid": 1255,
              "deptype": "e",
              "extname": "btree_gist",
              "identity": "public.gbt_int8_picksplit(internal,internal)",
              "objsubid": 0,
              "refobjid": 38533,
              "refclassid": 3079
            },
            {
              "objid": 38665,
              "classid": 1255,
              "deptype": "e",
              "extname": "btree_gist",
              "identity": "public.gbt_int8_union(internal,internal)",
              "objsubid": 0,
              "refobjid": 38533,
              "refclassid": 3079
            },
            {
              "objid": 38666,
              "classid": 1255,
              "deptype": "e",
              "extname": "btree_gist",
              "identity": "public.gbt_int8_same(gbtreekey16,gbtreekey16,internal)",
              "objsubid": 0,
              "refobjid": 38533,
              "refclassid": 3079
            },
            {
              "objid": 38685,
              "classid": 1255,
              "deptype": "e",
              "extname": "btree_gist",
              "identity": "public.gbt_float4_consistent(internal,real,smallint,oid,internal)",
              "objsubid": 0,
              "refobjid": 38533,
              "refclassid": 3079
            },
            {
              "objid": 38686,
              "classid": 1255,
              "deptype": "e",
              "extname": "btree_gist",
              "identity": "public.gbt_float4_distance(internal,real,smallint,oid,internal)",
              "objsubid": 0,
              "refobjid": 38533,
              "refclassid": 3079
            },
            {
              "objid": 38687,
              "classid": 1255,
              "deptype": "e",
              "extname": "btree_gist",
              "identity": "public.gbt_float4_compress(internal)",
              "objsubid": 0,
              "refobjid": 38533,
              "refclassid": 3079
            },
            {
              "objid": 38688,
              "classid": 1255,
              "deptype": "e",
              "extname": "btree_gist",
              "identity": "public.gbt_float4_fetch(internal)",
              "objsubid": 0,
              "refobjid": 38533,
              "refclassid": 3079
            },
            {
              "objid": 38689,
              "classid": 1255,
              "deptype": "e",
              "extname": "btree_gist",
              "identity": "public.gbt_float4_penalty(internal,internal,internal)",
              "objsubid": 0,
              "refobjid": 38533,
              "refclassid": 3079
            },
            {
              "objid": 38690,
              "classid": 1255,
              "deptype": "e",
              "extname": "btree_gist",
              "identity": "public.gbt_float4_picksplit(internal,internal)",
              "objsubid": 0,
              "refobjid": 38533,
              "refclassid": 3079
            },
            {
              "objid": 38691,
              "classid": 1255,
              "deptype": "e",
              "extname": "btree_gist",
              "identity": "public.gbt_float4_union(internal,internal)",
              "objsubid": 0,
              "refobjid": 38533,
              "refclassid": 3079
            },
            {
              "objid": 38692,
              "classid": 1255,
              "deptype": "e",
              "extname": "btree_gist",
              "identity": "public.gbt_float4_same(gbtreekey8,gbtreekey8,internal)",
              "objsubid": 0,
              "refobjid": 38533,
              "refclassid": 3079
            },
            {
              "objid": 38711,
              "classid": 1255,
              "deptype": "e",
              "extname": "btree_gist",
              "identity": "public.gbt_float8_consistent(internal,double precision,smallint,oid,internal)",
              "objsubid": 0,
              "refobjid": 38533,
              "refclassid": 3079
            },
            {
              "objid": 38712,
              "classid": 1255,
              "deptype": "e",
              "extname": "btree_gist",
              "identity": "public.gbt_float8_distance(internal,double precision,smallint,oid,internal)",
              "objsubid": 0,
              "refobjid": 38533,
              "refclassid": 3079
            },
            {
              "objid": 38713,
              "classid": 1255,
              "deptype": "e",
              "extname": "btree_gist",
              "identity": "public.gbt_float8_compress(internal)",
              "objsubid": 0,
              "refobjid": 38533,
              "refclassid": 3079
            },
            {
              "objid": 38714,
              "classid": 1255,
              "deptype": "e",
              "extname": "btree_gist",
              "identity": "public.gbt_float8_fetch(internal)",
              "objsubid": 0,
              "refobjid": 38533,
              "refclassid": 3079
            },
            {
              "objid": 38715,
              "classid": 1255,
              "deptype": "e",
              "extname": "btree_gist",
              "identity": "public.gbt_float8_penalty(internal,internal,internal)",
              "objsubid": 0,
              "refobjid": 38533,
              "refclassid": 3079
            },
            {
              "objid": 38716,
              "classid": 1255,
              "deptype": "e",
              "extname": "btree_gist",
              "identity": "public.gbt_float8_picksplit(internal,internal)",
              "objsubid": 0,
              "refobjid": 38533,
              "refclassid": 3079
            },
            {
              "objid": 38717,
              "classid": 1255,
              "deptype": "e",
              "extname": "btree_gist",
              "identity": "public.gbt_float8_union(internal,internal)",
              "objsubid": 0,
              "refobjid": 38533,
              "refclassid": 3079
            },
            {
              "objid": 38718,
              "classid": 1255,
              "deptype": "e",
              "extname": "btree_gist",
              "identity": "public.gbt_float8_same(gbtreekey16,gbtreekey16,internal)",
              "objsubid": 0,
              "refobjid": 38533,
              "refclassid": 3079
            },
            {
              "objid": 38737,
              "classid": 1255,
              "deptype": "e",
              "extname": "btree_gist",
              "identity": "public.gbt_ts_consistent(internal,timestamp without time zone,smallint,oid,internal)",
              "objsubid": 0,
              "refobjid": 38533,
              "refclassid": 3079
            },
            {
              "objid": 38738,
              "classid": 1255,
              "deptype": "e",
              "extname": "btree_gist",
              "identity": "public.gbt_ts_distance(internal,timestamp without time zone,smallint,oid,internal)",
              "objsubid": 0,
              "refobjid": 38533,
              "refclassid": 3079
            },
            {
              "objid": 38739,
              "classid": 1255,
              "deptype": "e",
              "extname": "btree_gist",
              "identity": "public.gbt_tstz_consistent(internal,timestamp with time zone,smallint,oid,internal)",
              "objsubid": 0,
              "refobjid": 38533,
              "refclassid": 3079
            },
            {
              "objid": 38740,
              "classid": 1255,
              "deptype": "e",
              "extname": "btree_gist",
              "identity": "public.gbt_tstz_distance(internal,timestamp with time zone,smallint,oid,internal)",
              "objsubid": 0,
              "refobjid": 38533,
              "refclassid": 3079
            },
            {
              "objid": 38741,
              "classid": 1255,
              "deptype": "e",
              "extname": "btree_gist",
              "identity": "public.gbt_ts_compress(internal)",
              "objsubid": 0,
              "refobjid": 38533,
              "refclassid": 3079
            },
            {
              "objid": 38742,
              "classid": 1255,
              "deptype": "e",
              "extname": "btree_gist",
              "identity": "public.gbt_tstz_compress(internal)",
              "objsubid": 0,
              "refobjid": 38533,
              "refclassid": 3079
            },
            {
              "objid": 38743,
              "classid": 1255,
              "deptype": "e",
              "extname": "btree_gist",
              "identity": "public.gbt_ts_fetch(internal)",
              "objsubid": 0,
              "refobjid": 38533,
              "refclassid": 3079
            },
            {
              "objid": 38744,
              "classid": 1255,
              "deptype": "e",
              "extname": "btree_gist",
              "identity": "public.gbt_ts_penalty(internal,internal,internal)",
              "objsubid": 0,
              "refobjid": 38533,
              "refclassid": 3079
            },
            {
              "objid": 38745,
              "classid": 1255,
              "deptype": "e",
              "extname": "btree_gist",
              "identity": "public.gbt_ts_picksplit(internal,internal)",
              "objsubid": 0,
              "refobjid": 38533,
              "refclassid": 3079
            },
            {
              "objid": 38746,
              "classid": 1255,
              "deptype": "e",
              "extname": "btree_gist",
              "identity": "public.gbt_ts_union(internal,internal)",
              "objsubid": 0,
              "refobjid": 38533,
              "refclassid": 3079
            },
            {
              "objid": 38747,
              "classid": 1255,
              "deptype": "e",
              "extname": "btree_gist",
              "identity": "public.gbt_ts_same(gbtreekey16,gbtreekey16,internal)",
              "objsubid": 0,
              "refobjid": 38533,
              "refclassid": 3079
            },
            {
              "objid": 38784,
              "classid": 1255,
              "deptype": "e",
              "extname": "btree_gist",
              "identity": "public.gbt_time_consistent(internal,time without time zone,smallint,oid,internal)",
              "objsubid": 0,
              "refobjid": 38533,
              "refclassid": 3079
            },
            {
              "objid": 38785,
              "classid": 1255,
              "deptype": "e",
              "extname": "btree_gist",
              "identity": "public.gbt_time_distance(internal,time without time zone,smallint,oid,internal)",
              "objsubid": 0,
              "refobjid": 38533,
              "refclassid": 3079
            },
            {
              "objid": 38786,
              "classid": 1255,
              "deptype": "e",
              "extname": "btree_gist",
              "identity": "public.gbt_timetz_consistent(internal,time with time zone,smallint,oid,internal)",
              "objsubid": 0,
              "refobjid": 38533,
              "refclassid": 3079
            },
            {
              "objid": 38787,
              "classid": 1255,
              "deptype": "e",
              "extname": "btree_gist",
              "identity": "public.gbt_time_compress(internal)",
              "objsubid": 0,
              "refobjid": 38533,
              "refclassid": 3079
            },
            {
              "objid": 38788,
              "classid": 1255,
              "deptype": "e",
              "extname": "btree_gist",
              "identity": "public.gbt_timetz_compress(internal)",
              "objsubid": 0,
              "refobjid": 38533,
              "refclassid": 3079
            },
            {
              "objid": 38789,
              "classid": 1255,
              "deptype": "e",
              "extname": "btree_gist",
              "identity": "public.gbt_time_fetch(internal)",
              "objsubid": 0,
              "refobjid": 38533,
              "refclassid": 3079
            },
            {
              "objid": 38790,
              "classid": 1255,
              "deptype": "e",
              "extname": "btree_gist",
              "identity": "public.gbt_time_penalty(internal,internal,internal)",
              "objsubid": 0,
              "refobjid": 38533,
              "refclassid": 3079
            },
            {
              "objid": 38791,
              "classid": 1255,
              "deptype": "e",
              "extname": "btree_gist",
              "identity": "public.gbt_time_picksplit(internal,internal)",
              "objsubid": 0,
              "refobjid": 38533,
              "refclassid": 3079
            },
            {
              "objid": 38792,
              "classid": 1255,
              "deptype": "e",
              "extname": "btree_gist",
              "identity": "public.gbt_time_union(internal,internal)",
              "objsubid": 0,
              "refobjid": 38533,
              "refclassid": 3079
            },
            {
              "objid": 38793,
              "classid": 1255,
              "deptype": "e",
              "extname": "btree_gist",
              "identity": "public.gbt_time_same(gbtreekey16,gbtreekey16,internal)",
              "objsubid": 0,
              "refobjid": 38533,
              "refclassid": 3079
            },
            {
              "objid": 38827,
              "classid": 1255,
              "deptype": "e",
              "extname": "btree_gist",
              "identity": "public.gbt_date_consistent(internal,date,smallint,oid,internal)",
              "objsubid": 0,
              "refobjid": 38533,
              "refclassid": 3079
            },
            {
              "objid": 38828,
              "classid": 1255,
              "deptype": "e",
              "extname": "btree_gist",
              "identity": "public.gbt_date_distance(internal,date,smallint,oid,internal)",
              "objsubid": 0,
              "refobjid": 38533,
              "refclassid": 3079
            },
            {
              "objid": 38829,
              "classid": 1255,
              "deptype": "e",
              "extname": "btree_gist",
              "identity": "public.gbt_date_compress(internal)",
              "objsubid": 0,
              "refobjid": 38533,
              "refclassid": 3079
            },
            {
              "objid": 38830,
              "classid": 1255,
              "deptype": "e",
              "extname": "btree_gist",
              "identity": "public.gbt_date_fetch(internal)",
              "objsubid": 0,
              "refobjid": 38533,
              "refclassid": 3079
            },
            {
              "objid": 38831,
              "classid": 1255,
              "deptype": "e",
              "extname": "btree_gist",
              "identity": "public.gbt_date_penalty(internal,internal,internal)",
              "objsubid": 0,
              "refobjid": 38533,
              "refclassid": 3079
            },
            {
              "objid": 38832,
              "classid": 1255,
              "deptype": "e",
              "extname": "btree_gist",
              "identity": "public.gbt_date_picksplit(internal,internal)",
              "objsubid": 0,
              "refobjid": 38533,
              "refclassid": 3079
            },
            {
              "objid": 38833,
              "classid": 1255,
              "deptype": "e",
              "extname": "btree_gist",
              "identity": "public.gbt_date_union(internal,internal)",
              "objsubid": 0,
              "refobjid": 38533,
              "refclassid": 3079
            },
            {
              "objid": 38834,
              "classid": 1255,
              "deptype": "e",
              "extname": "btree_gist",
              "identity": "public.gbt_date_same(gbtreekey8,gbtreekey8,internal)",
              "objsubid": 0,
              "refobjid": 38533,
              "refclassid": 3079
            },
            {
              "objid": 38853,
              "classid": 1255,
              "deptype": "e",
              "extname": "btree_gist",
              "identity": "public.gbt_intv_consistent(internal,interval,smallint,oid,internal)",
              "objsubid": 0,
              "refobjid": 38533,
              "refclassid": 3079
            },
            {
              "objid": 38854,
              "classid": 1255,
              "deptype": "e",
              "extname": "btree_gist",
              "identity": "public.gbt_intv_distance(internal,interval,smallint,oid,internal)",
              "objsubid": 0,
              "refobjid": 38533,
              "refclassid": 3079
            },
            {
              "objid": 38855,
              "classid": 1255,
              "deptype": "e",
              "extname": "btree_gist",
              "identity": "public.gbt_intv_compress(internal)",
              "objsubid": 0,
              "refobjid": 38533,
              "refclassid": 3079
            },
            {
              "objid": 38856,
              "classid": 1255,
              "deptype": "e",
              "extname": "btree_gist",
              "identity": "public.gbt_intv_decompress(internal)",
              "objsubid": 0,
              "refobjid": 38533,
              "refclassid": 3079
            },
            {
              "objid": 38857,
              "classid": 1255,
              "deptype": "e",
              "extname": "btree_gist",
              "identity": "public.gbt_intv_fetch(internal)",
              "objsubid": 0,
              "refobjid": 38533,
              "refclassid": 3079
            },
            {
              "objid": 38858,
              "classid": 1255,
              "deptype": "e",
              "extname": "btree_gist",
              "identity": "public.gbt_intv_penalty(internal,internal,internal)",
              "objsubid": 0,
              "refobjid": 38533,
              "refclassid": 3079
            },
            {
              "objid": 38859,
              "classid": 1255,
              "deptype": "e",
              "extname": "btree_gist",
              "identity": "public.gbt_intv_picksplit(internal,internal)",
              "objsubid": 0,
              "refobjid": 38533,
              "refclassid": 3079
            },
            {
              "objid": 38860,
              "classid": 1255,
              "deptype": "e",
              "extname": "btree_gist",
              "identity": "public.gbt_intv_union(internal,internal)",
              "objsubid": 0,
              "refobjid": 38533,
              "refclassid": 3079
            },
            {
              "objid": 38861,
              "classid": 1255,
              "deptype": "e",
              "extname": "btree_gist",
              "identity": "public.gbt_intv_same(gbtreekey32,gbtreekey32,internal)",
              "objsubid": 0,
              "refobjid": 38533,
              "refclassid": 3079
            },
            {
              "objid": 38880,
              "classid": 1255,
              "deptype": "e",
              "extname": "btree_gist",
              "identity": "public.gbt_cash_consistent(internal,money,smallint,oid,internal)",
              "objsubid": 0,
              "refobjid": 38533,
              "refclassid": 3079
            },
            {
              "objid": 38881,
              "classid": 1255,
              "deptype": "e",
              "extname": "btree_gist",
              "identity": "public.gbt_cash_distance(internal,money,smallint,oid,internal)",
              "objsubid": 0,
              "refobjid": 38533,
              "refclassid": 3079
            },
            {
              "objid": 38882,
              "classid": 1255,
              "deptype": "e",
              "extname": "btree_gist",
              "identity": "public.gbt_cash_compress(internal)",
              "objsubid": 0,
              "refobjid": 38533,
              "refclassid": 3079
            },
            {
              "objid": 38883,
              "classid": 1255,
              "deptype": "e",
              "extname": "btree_gist",
              "identity": "public.gbt_cash_fetch(internal)",
              "objsubid": 0,
              "refobjid": 38533,
              "refclassid": 3079
            },
            {
              "objid": 38884,
              "classid": 1255,
              "deptype": "e",
              "extname": "btree_gist",
              "identity": "public.gbt_cash_penalty(internal,internal,internal)",
              "objsubid": 0,
              "refobjid": 38533,
              "refclassid": 3079
            },
            {
              "objid": 38885,
              "classid": 1255,
              "deptype": "e",
              "extname": "btree_gist",
              "identity": "public.gbt_cash_picksplit(internal,internal)",
              "objsubid": 0,
              "refobjid": 38533,
              "refclassid": 3079
            },
            {
              "objid": 38886,
              "classid": 1255,
              "deptype": "e",
              "extname": "btree_gist",
              "identity": "public.gbt_cash_union(internal,internal)",
              "objsubid": 0,
              "refobjid": 38533,
              "refclassid": 3079
            },
            {
              "objid": 38887,
              "classid": 1255,
              "deptype": "e",
              "extname": "btree_gist",
              "identity": "public.gbt_cash_same(gbtreekey16,gbtreekey16,internal)",
              "objsubid": 0,
              "refobjid": 38533,
              "refclassid": 3079
            },
            {
              "objid": 38906,
              "classid": 1255,
              "deptype": "e",
              "extname": "btree_gist",
              "identity": "public.gbt_macad_consistent(internal,macaddr,smallint,oid,internal)",
              "objsubid": 0,
              "refobjid": 38533,
              "refclassid": 3079
            },
            {
              "objid": 38907,
              "classid": 1255,
              "deptype": "e",
              "extname": "btree_gist",
              "identity": "public.gbt_macad_compress(internal)",
              "objsubid": 0,
              "refobjid": 38533,
              "refclassid": 3079
            },
            {
              "objid": 38908,
              "classid": 1255,
              "deptype": "e",
              "extname": "btree_gist",
              "identity": "public.gbt_macad_fetch(internal)",
              "objsubid": 0,
              "refobjid": 38533,
              "refclassid": 3079
            },
            {
              "objid": 38909,
              "classid": 1255,
              "deptype": "e",
              "extname": "btree_gist",
              "identity": "public.gbt_macad_penalty(internal,internal,internal)",
              "objsubid": 0,
              "refobjid": 38533,
              "refclassid": 3079
            },
            {
              "objid": 38910,
              "classid": 1255,
              "deptype": "e",
              "extname": "btree_gist",
              "identity": "public.gbt_macad_picksplit(internal,internal)",
              "objsubid": 0,
              "refobjid": 38533,
              "refclassid": 3079
            },
            {
              "objid": 38911,
              "classid": 1255,
              "deptype": "e",
              "extname": "btree_gist",
              "identity": "public.gbt_macad_union(internal,internal)",
              "objsubid": 0,
              "refobjid": 38533,
              "refclassid": 3079
            },
            {
              "objid": 38912,
              "classid": 1255,
              "deptype": "e",
              "extname": "btree_gist",
              "identity": "public.gbt_macad_same(gbtreekey16,gbtreekey16,internal)",
              "objsubid": 0,
              "refobjid": 38533,
              "refclassid": 3079
            },
            {
              "objid": 38929,
              "classid": 1255,
              "deptype": "e",
              "extname": "btree_gist",
              "identity": "public.gbt_text_consistent(internal,text,smallint,oid,internal)",
              "objsubid": 0,
              "refobjid": 38533,
              "refclassid": 3079
            },
            {
              "objid": 38930,
              "classid": 1255,
              "deptype": "e",
              "extname": "btree_gist",
              "identity": "public.gbt_bpchar_consistent(internal,character,smallint,oid,internal)",
              "objsubid": 0,
              "refobjid": 38533,
              "refclassid": 3079
            },
            {
              "objid": 38931,
              "classid": 1255,
              "deptype": "e",
              "extname": "btree_gist",
              "identity": "public.gbt_text_compress(internal)",
              "objsubid": 0,
              "refobjid": 38533,
              "refclassid": 3079
            },
            {
              "objid": 38932,
              "classid": 1255,
              "deptype": "e",
              "extname": "btree_gist",
              "identity": "public.gbt_bpchar_compress(internal)",
              "objsubid": 0,
              "refobjid": 38533,
              "refclassid": 3079
            },
            {
              "objid": 38933,
              "classid": 1255,
              "deptype": "e",
              "extname": "btree_gist",
              "identity": "public.gbt_text_penalty(internal,internal,internal)",
              "objsubid": 0,
              "refobjid": 38533,
              "refclassid": 3079
            },
            {
              "objid": 38934,
              "classid": 1255,
              "deptype": "e",
              "extname": "btree_gist",
              "identity": "public.gbt_text_picksplit(internal,internal)",
              "objsubid": 0,
              "refobjid": 38533,
              "refclassid": 3079
            },
            {
              "objid": 38935,
              "classid": 1255,
              "deptype": "e",
              "extname": "btree_gist",
              "identity": "public.gbt_text_union(internal,internal)",
              "objsubid": 0,
              "refobjid": 38533,
              "refclassid": 3079
            },
            {
              "objid": 38936,
              "classid": 1255,
              "deptype": "e",
              "extname": "btree_gist",
              "identity": "public.gbt_text_same(gbtreekey_var,gbtreekey_var,internal)",
              "objsubid": 0,
              "refobjid": 38533,
              "refclassid": 3079
            },
            {
              "objid": 38969,
              "classid": 1255,
              "deptype": "e",
              "extname": "btree_gist",
              "identity": "public.gbt_bytea_consistent(internal,bytea,smallint,oid,internal)",
              "objsubid": 0,
              "refobjid": 38533,
              "refclassid": 3079
            },
            {
              "objid": 38970,
              "classid": 1255,
              "deptype": "e",
              "extname": "btree_gist",
              "identity": "public.gbt_bytea_compress(internal)",
              "objsubid": 0,
              "refobjid": 38533,
              "refclassid": 3079
            },
            {
              "objid": 38971,
              "classid": 1255,
              "deptype": "e",
              "extname": "btree_gist",
              "identity": "public.gbt_bytea_penalty(internal,internal,internal)",
              "objsubid": 0,
              "refobjid": 38533,
              "refclassid": 3079
            },
            {
              "objid": 38972,
              "classid": 1255,
              "deptype": "e",
              "extname": "btree_gist",
              "identity": "public.gbt_bytea_picksplit(internal,internal)",
              "objsubid": 0,
              "refobjid": 38533,
              "refclassid": 3079
            },
            {
              "objid": 38973,
              "classid": 1255,
              "deptype": "e",
              "extname": "btree_gist",
              "identity": "public.gbt_bytea_union(internal,internal)",
              "objsubid": 0,
              "refobjid": 38533,
              "refclassid": 3079
            },
            {
              "objid": 38974,
              "classid": 1255,
              "deptype": "e",
              "extname": "btree_gist",
              "identity": "public.gbt_bytea_same(gbtreekey_var,gbtreekey_var,internal)",
              "objsubid": 0,
              "refobjid": 38533,
              "refclassid": 3079
            },
            {
              "objid": 38991,
              "classid": 1255,
              "deptype": "e",
              "extname": "btree_gist",
              "identity": "public.gbt_numeric_consistent(internal,numeric,smallint,oid,internal)",
              "objsubid": 0,
              "refobjid": 38533,
              "refclassid": 3079
            },
            {
              "objid": 38992,
              "classid": 1255,
              "deptype": "e",
              "extname": "btree_gist",
              "identity": "public.gbt_numeric_compress(internal)",
              "objsubid": 0,
              "refobjid": 38533,
              "refclassid": 3079
            },
            {
              "objid": 38993,
              "classid": 1255,
              "deptype": "e",
              "extname": "btree_gist",
              "identity": "public.gbt_numeric_penalty(internal,internal,internal)",
              "objsubid": 0,
              "refobjid": 38533,
              "refclassid": 3079
            },
            {
              "objid": 38994,
              "classid": 1255,
              "deptype": "e",
              "extname": "btree_gist",
              "identity": "public.gbt_numeric_picksplit(internal,internal)",
              "objsubid": 0,
              "refobjid": 38533,
              "refclassid": 3079
            },
            {
              "objid": 38995,
              "classid": 1255,
              "deptype": "e",
              "extname": "btree_gist",
              "identity": "public.gbt_numeric_union(internal,internal)",
              "objsubid": 0,
              "refobjid": 38533,
              "refclassid": 3079
            },
            {
              "objid": 38996,
              "classid": 1255,
              "deptype": "e",
              "extname": "btree_gist",
              "identity": "public.gbt_numeric_same(gbtreekey_var,gbtreekey_var,internal)",
              "objsubid": 0,
              "refobjid": 38533,
              "refclassid": 3079
            },
            {
              "objid": 39013,
              "classid": 1255,
              "deptype": "e",
              "extname": "btree_gist",
              "identity": "public.gbt_bit_consistent(internal,bit,smallint,oid,internal)",
              "objsubid": 0,
              "refobjid": 38533,
              "refclassid": 3079
            },
            {
              "objid": 39014,
              "classid": 1255,
              "deptype": "e",
              "extname": "btree_gist",
              "identity": "public.gbt_bit_compress(internal)",
              "objsubid": 0,
              "refobjid": 38533,
              "refclassid": 3079
            },
            {
              "objid": 39015,
              "classid": 1255,
              "deptype": "e",
              "extname": "btree_gist",
              "identity": "public.gbt_bit_penalty(internal,internal,internal)",
              "objsubid": 0,
              "refobjid": 38533,
              "refclassid": 3079
            },
            {
              "objid": 39016,
              "classid": 1255,
              "deptype": "e",
              "extname": "btree_gist",
              "identity": "public.gbt_bit_picksplit(internal,internal)",
              "objsubid": 0,
              "refobjid": 38533,
              "refclassid": 3079
            },
            {
              "objid": 39017,
              "classid": 1255,
              "deptype": "e",
              "extname": "btree_gist",
              "identity": "public.gbt_bit_union(internal,internal)",
              "objsubid": 0,
              "refobjid": 38533,
              "refclassid": 3079
            },
            {
              "objid": 39018,
              "classid": 1255,
              "deptype": "e",
              "extname": "btree_gist",
              "identity": "public.gbt_bit_same(gbtreekey_var,gbtreekey_var,internal)",
              "objsubid": 0,
              "refobjid": 38533,
              "refclassid": 3079
            },
            {
              "objid": 39051,
              "classid": 1255,
              "deptype": "e",
              "extname": "btree_gist",
              "identity": "public.gbt_inet_consistent(internal,inet,smallint,oid,internal)",
              "objsubid": 0,
              "refobjid": 38533,
              "refclassid": 3079
            },
            {
              "objid": 39052,
              "classid": 1255,
              "deptype": "e",
              "extname": "btree_gist",
              "identity": "public.gbt_inet_compress(internal)",
              "objsubid": 0,
              "refobjid": 38533,
              "refclassid": 3079
            },
            {
              "objid": 39053,
              "classid": 1255,
              "deptype": "e",
              "extname": "btree_gist",
              "identity": "public.gbt_inet_penalty(internal,internal,internal)",
              "objsubid": 0,
              "refobjid": 38533,
              "refclassid": 3079
            },
            {
              "objid": 39054,
              "classid": 1255,
              "deptype": "e",
              "extname": "btree_gist",
              "identity": "public.gbt_inet_picksplit(internal,internal)",
              "objsubid": 0,
              "refobjid": 38533,
              "refclassid": 3079
            },
            {
              "objid": 39055,
              "classid": 1255,
              "deptype": "e",
              "extname": "btree_gist",
              "identity": "public.gbt_inet_union(internal,internal)",
              "objsubid": 0,
              "refobjid": 38533,
              "refclassid": 3079
            },
            {
              "objid": 39056,
              "classid": 1255,
              "deptype": "e",
              "extname": "btree_gist",
              "identity": "public.gbt_inet_same(gbtreekey16,gbtreekey16,internal)",
              "objsubid": 0,
              "refobjid": 38533,
              "refclassid": 3079
            },
            {
              "objid": 39087,
              "classid": 1255,
              "deptype": "e",
              "extname": "btree_gist",
              "identity": "public.gbt_uuid_consistent(internal,uuid,smallint,oid,internal)",
              "objsubid": 0,
              "refobjid": 38533,
              "refclassid": 3079
            },
            {
              "objid": 39088,
              "classid": 1255,
              "deptype": "e",
              "extname": "btree_gist",
              "identity": "public.gbt_uuid_fetch(internal)",
              "objsubid": 0,
              "refobjid": 38533,
              "refclassid": 3079
            },
            {
              "objid": 39089,
              "classid": 1255,
              "deptype": "e",
              "extname": "btree_gist",
              "identity": "public.gbt_uuid_compress(internal)",
              "objsubid": 0,
              "refobjid": 38533,
              "refclassid": 3079
            },
            {
              "objid": 39090,
              "classid": 1255,
              "deptype": "e",
              "extname": "btree_gist",
              "identity": "public.gbt_uuid_penalty(internal,internal,internal)",
              "objsubid": 0,
              "refobjid": 38533,
              "refclassid": 3079
            },
            {
              "objid": 39091,
              "classid": 1255,
              "deptype": "e",
              "extname": "btree_gist",
              "identity": "public.gbt_uuid_picksplit(internal,internal)",
              "objsubid": 0,
              "refobjid": 38533,
              "refclassid": 3079
            },
            {
              "objid": 39092,
              "classid": 1255,
              "deptype": "e",
              "extname": "btree_gist",
              "identity": "public.gbt_uuid_union(internal,internal)",
              "objsubid": 0,
              "refobjid": 38533,
              "refclassid": 3079
            },
            {
              "objid": 39093,
              "classid": 1255,
              "deptype": "e",
              "extname": "btree_gist",
              "identity": "public.gbt_uuid_same(gbtreekey32,gbtreekey32,internal)",
              "objsubid": 0,
              "refobjid": 38533,
              "refclassid": 3079
            },
            {
              "objid": 39110,
              "classid": 1255,
              "deptype": "e",
              "extname": "btree_gist",
              "identity": "public.gbt_macad8_consistent(internal,macaddr8,smallint,oid,internal)",
              "objsubid": 0,
              "refobjid": 38533,
              "refclassid": 3079
            },
            {
              "objid": 39111,
              "classid": 1255,
              "deptype": "e",
              "extname": "btree_gist",
              "identity": "public.gbt_macad8_compress(internal)",
              "objsubid": 0,
              "refobjid": 38533,
              "refclassid": 3079
            },
            {
              "objid": 39112,
              "classid": 1255,
              "deptype": "e",
              "extname": "btree_gist",
              "identity": "public.gbt_macad8_fetch(internal)",
              "objsubid": 0,
              "refobjid": 38533,
              "refclassid": 3079
            },
            {
              "objid": 39113,
              "classid": 1255,
              "deptype": "e",
              "extname": "btree_gist",
              "identity": "public.gbt_macad8_penalty(internal,internal,internal)",
              "objsubid": 0,
              "refobjid": 38533,
              "refclassid": 3079
            },
            {
              "objid": 39114,
              "classid": 1255,
              "deptype": "e",
              "extname": "btree_gist",
              "identity": "public.gbt_macad8_picksplit(internal,internal)",
              "objsubid": 0,
              "refobjid": 38533,
              "refclassid": 3079
            },
            {
              "objid": 39115,
              "classid": 1255,
              "deptype": "e",
              "extname": "btree_gist",
              "identity": "public.gbt_macad8_union(internal,internal)",
              "objsubid": 0,
              "refobjid": 38533,
              "refclassid": 3079
            },
            {
              "objid": 39116,
              "classid": 1255,
              "deptype": "e",
              "extname": "btree_gist",
              "identity": "public.gbt_macad8_same(gbtreekey16,gbtreekey16,internal)",
              "objsubid": 0,
              "refobjid": 38533,
              "refclassid": 3079
            },
            {
              "objid": 39133,
              "classid": 1255,
              "deptype": "e",
              "extname": "btree_gist",
              "identity": "public.gbt_enum_consistent(internal,anyenum,smallint,oid,internal)",
              "objsubid": 0,
              "refobjid": 38533,
              "refclassid": 3079
            },
            {
              "objid": 39134,
              "classid": 1255,
              "deptype": "e",
              "extname": "btree_gist",
              "identity": "public.gbt_enum_compress(internal)",
              "objsubid": 0,
              "refobjid": 38533,
              "refclassid": 3079
            },
            {
              "objid": 39135,
              "classid": 1255,
              "deptype": "e",
              "extname": "btree_gist",
              "identity": "public.gbt_enum_fetch(internal)",
              "objsubid": 0,
              "refobjid": 38533,
              "refclassid": 3079
            },
            {
              "objid": 39136,
              "classid": 1255,
              "deptype": "e",
              "extname": "btree_gist",
              "identity": "public.gbt_enum_penalty(internal,internal,internal)",
              "objsubid": 0,
              "refobjid": 38533,
              "refclassid": 3079
            },
            {
              "objid": 39137,
              "classid": 1255,
              "deptype": "e",
              "extname": "btree_gist",
              "identity": "public.gbt_enum_picksplit(internal,internal)",
              "objsubid": 0,
              "refobjid": 38533,
              "refclassid": 3079
            },
            {
              "objid": 39138,
              "classid": 1255,
              "deptype": "e",
              "extname": "btree_gist",
              "identity": "public.gbt_enum_union(internal,internal)",
              "objsubid": 0,
              "refobjid": 38533,
              "refclassid": 3079
            },
            {
              "objid": 39139,
              "classid": 1255,
              "deptype": "e",
              "extname": "btree_gist",
              "identity": "public.gbt_enum_same(gbtreekey8,gbtreekey8,internal)",
              "objsubid": 0,
              "refobjid": 38533,
              "refclassid": 3079
            },
            {
              "objid": 39157,
              "classid": 1255,
              "deptype": "e",
              "extname": "btree_gist",
              "identity": "public.gbtreekey2_in(cstring)",
              "objsubid": 0,
              "refobjid": 38533,
              "refclassid": 3079
            },
            {
              "objid": 39158,
              "classid": 1255,
              "deptype": "e",
              "extname": "btree_gist",
              "identity": "public.gbtreekey2_out(gbtreekey2)",
              "objsubid": 0,
              "refobjid": 38533,
              "refclassid": 3079
            },
            {
              "objid": 39160,
              "classid": 1255,
              "deptype": "e",
              "extname": "btree_gist",
              "identity": "public.gbt_bool_consistent(internal,boolean,smallint,oid,internal)",
              "objsubid": 0,
              "refobjid": 38533,
              "refclassid": 3079
            },
            {
              "objid": 39161,
              "classid": 1255,
              "deptype": "e",
              "extname": "btree_gist",
              "identity": "public.gbt_bool_compress(internal)",
              "objsubid": 0,
              "refobjid": 38533,
              "refclassid": 3079
            },
            {
              "objid": 39162,
              "classid": 1255,
              "deptype": "e",
              "extname": "btree_gist",
              "identity": "public.gbt_bool_fetch(internal)",
              "objsubid": 0,
              "refobjid": 38533,
              "refclassid": 3079
            },
            {
              "objid": 39163,
              "classid": 1255,
              "deptype": "e",
              "extname": "btree_gist",
              "identity": "public.gbt_bool_penalty(internal,internal,internal)",
              "objsubid": 0,
              "refobjid": 38533,
              "refclassid": 3079
            },
            {
              "objid": 39164,
              "classid": 1255,
              "deptype": "e",
              "extname": "btree_gist",
              "identity": "public.gbt_bool_picksplit(internal,internal)",
              "objsubid": 0,
              "refobjid": 38533,
              "refclassid": 3079
            },
            {
              "objid": 39165,
              "classid": 1255,
              "deptype": "e",
              "extname": "btree_gist",
              "identity": "public.gbt_bool_union(internal,internal)",
              "objsubid": 0,
              "refobjid": 38533,
              "refclassid": 3079
            },
            {
              "objid": 39166,
              "classid": 1255,
              "deptype": "e",
              "extname": "btree_gist",
              "identity": "public.gbt_bool_same(gbtreekey2,gbtreekey2,internal)",
              "objsubid": 0,
              "refobjid": 38533,
              "refclassid": 3079
            },
            {
              "objid": 38590,
              "classid": 2616,
              "deptype": "e",
              "extname": "btree_gist",
              "identity": "38590",
              "objsubid": 0,
              "refobjid": 38533,
              "refclassid": 3079
            },
            {
              "objid": 38616,
              "classid": 2616,
              "deptype": "e",
              "extname": "btree_gist",
              "identity": "38616",
              "objsubid": 0,
              "refobjid": 38533,
              "refclassid": 3079
            },
            {
              "objid": 38642,
              "classid": 2616,
              "deptype": "e",
              "extname": "btree_gist",
              "identity": "38642",
              "objsubid": 0,
              "refobjid": 38533,
              "refclassid": 3079
            },
            {
              "objid": 38668,
              "classid": 2616,
              "deptype": "e",
              "extname": "btree_gist",
              "identity": "38668",
              "objsubid": 0,
              "refobjid": 38533,
              "refclassid": 3079
            },
            {
              "objid": 38694,
              "classid": 2616,
              "deptype": "e",
              "extname": "btree_gist",
              "identity": "38694",
              "objsubid": 0,
              "refobjid": 38533,
              "refclassid": 3079
            },
            {
              "objid": 38720,
              "classid": 2616,
              "deptype": "e",
              "extname": "btree_gist",
              "identity": "38720",
              "objsubid": 0,
              "refobjid": 38533,
              "refclassid": 3079
            },
            {
              "objid": 38749,
              "classid": 2616,
              "deptype": "e",
              "extname": "btree_gist",
              "identity": "38749",
              "objsubid": 0,
              "refobjid": 38533,
              "refclassid": 3079
            },
            {
              "objid": 38767,
              "classid": 2616,
              "deptype": "e",
              "extname": "btree_gist",
              "identity": "38767",
              "objsubid": 0,
              "refobjid": 38533,
              "refclassid": 3079
            },
            {
              "objid": 38795,
              "classid": 2616,
              "deptype": "e",
              "extname": "btree_gist",
              "identity": "38795",
              "objsubid": 0,
              "refobjid": 38533,
              "refclassid": 3079
            },
            {
              "objid": 38813,
              "classid": 2616,
              "deptype": "e",
              "extname": "btree_gist",
              "identity": "38813",
              "objsubid": 0,
              "refobjid": 38533,
              "refclassid": 3079
            },
            {
              "objid": 38836,
              "classid": 2616,
              "deptype": "e",
              "extname": "btree_gist",
              "identity": "38836",
              "objsubid": 0,
              "refobjid": 38533,
              "refclassid": 3079
            },
            {
              "objid": 38863,
              "classid": 2616,
              "deptype": "e",
              "extname": "btree_gist",
              "identity": "38863",
              "objsubid": 0,
              "refobjid": 38533,
              "refclassid": 3079
            },
            {
              "objid": 38889,
              "classid": 2616,
              "deptype": "e",
              "extname": "btree_gist",
              "identity": "38889",
              "objsubid": 0,
              "refobjid": 38533,
              "refclassid": 3079
            },
            {
              "objid": 38914,
              "classid": 2616,
              "deptype": "e",
              "extname": "btree_gist",
              "identity": "38914",
              "objsubid": 0,
              "refobjid": 38533,
              "refclassid": 3079
            },
            {
              "objid": 38938,
              "classid": 2616,
              "deptype": "e",
              "extname": "btree_gist",
              "identity": "38938",
              "objsubid": 0,
              "refobjid": 38533,
              "refclassid": 3079
            },
            {
              "objid": 38954,
              "classid": 2616,
              "deptype": "e",
              "extname": "btree_gist",
              "identity": "38954",
              "objsubid": 0,
              "refobjid": 38533,
              "refclassid": 3079
            },
            {
              "objid": 38976,
              "classid": 2616,
              "deptype": "e",
              "extname": "btree_gist",
              "identity": "38976",
              "objsubid": 0,
              "refobjid": 38533,
              "refclassid": 3079
            },
            {
              "objid": 38998,
              "classid": 2616,
              "deptype": "e",
              "extname": "btree_gist",
              "identity": "38998",
              "objsubid": 0,
              "refobjid": 38533,
              "refclassid": 3079
            },
            {
              "objid": 39020,
              "classid": 2616,
              "deptype": "e",
              "extname": "btree_gist",
              "identity": "39020",
              "objsubid": 0,
              "refobjid": 38533,
              "refclassid": 3079
            },
            {
              "objid": 39036,
              "classid": 2616,
              "deptype": "e",
              "extname": "btree_gist",
              "identity": "39036",
              "objsubid": 0,
              "refobjid": 38533,
              "refclassid": 3079
            },
            {
              "objid": 39058,
              "classid": 2616,
              "deptype": "e",
              "extname": "btree_gist",
              "identity": "39058",
              "objsubid": 0,
              "refobjid": 38533,
              "refclassid": 3079
            },
            {
              "objid": 39073,
              "classid": 2616,
              "deptype": "e",
              "extname": "btree_gist",
              "identity": "39073",
              "objsubid": 0,
              "refobjid": 38533,
              "refclassid": 3079
            },
            {
              "objid": 39095,
              "classid": 2616,
              "deptype": "e",
              "extname": "btree_gist",
              "identity": "39095",
              "objsubid": 0,
              "refobjid": 38533,
              "refclassid": 3079
            },
            {
              "objid": 39118,
              "classid": 2616,
              "deptype": "e",
              "extname": "btree_gist",
              "identity": "39118",
              "objsubid": 0,
              "refobjid": 38533,
              "refclassid": 3079
            },
            {
              "objid": 39141,
              "classid": 2616,
              "deptype": "e",
              "extname": "btree_gist",
              "identity": "39141",
              "objsubid": 0,
              "refobjid": 38533,
              "refclassid": 3079
            },
            {
              "objid": 39168,
              "classid": 2616,
              "deptype": "e",
              "extname": "btree_gist",
              "identity": "39168",
              "objsubid": 0,
              "refobjid": 38533,
              "refclassid": 3079
            },
            {
              "objid": 38555,
              "classid": 2617,
              "deptype": "e",
              "extname": "btree_gist",
              "identity": "38555",
              "objsubid": 0,
              "refobjid": 38533,
              "refclassid": 3079
            },
            {
              "objid": 38557,
              "classid": 2617,
              "deptype": "e",
              "extname": "btree_gist",
              "identity": "38557",
              "objsubid": 0,
              "refobjid": 38533,
              "refclassid": 3079
            },
            {
              "objid": 38559,
              "classid": 2617,
              "deptype": "e",
              "extname": "btree_gist",
              "identity": "38559",
              "objsubid": 0,
              "refobjid": 38533,
              "refclassid": 3079
            },
            {
              "objid": 38561,
              "classid": 2617,
              "deptype": "e",
              "extname": "btree_gist",
              "identity": "38561",
              "objsubid": 0,
              "refobjid": 38533,
              "refclassid": 3079
            },
            {
              "objid": 38563,
              "classid": 2617,
              "deptype": "e",
              "extname": "btree_gist",
              "identity": "38563",
              "objsubid": 0,
              "refobjid": 38533,
              "refclassid": 3079
            },
            {
              "objid": 38565,
              "classid": 2617,
              "deptype": "e",
              "extname": "btree_gist",
              "identity": "38565",
              "objsubid": 0,
              "refobjid": 38533,
              "refclassid": 3079
            },
            {
              "objid": 38567,
              "classid": 2617,
              "deptype": "e",
              "extname": "btree_gist",
              "identity": "38567",
              "objsubid": 0,
              "refobjid": 38533,
              "refclassid": 3079
            },
            {
              "objid": 38569,
              "classid": 2617,
              "deptype": "e",
              "extname": "btree_gist",
              "identity": "38569",
              "objsubid": 0,
              "refobjid": 38533,
              "refclassid": 3079
            },
            {
              "objid": 38571,
              "classid": 2617,
              "deptype": "e",
              "extname": "btree_gist",
              "identity": "38571",
              "objsubid": 0,
              "refobjid": 38533,
              "refclassid": 3079
            },
            {
              "objid": 38573,
              "classid": 2617,
              "deptype": "e",
              "extname": "btree_gist",
              "identity": "38573",
              "objsubid": 0,
              "refobjid": 38533,
              "refclassid": 3079
            },
            {
              "objid": 38575,
              "classid": 2617,
              "deptype": "e",
              "extname": "btree_gist",
              "identity": "38575",
              "objsubid": 0,
              "refobjid": 38533,
              "refclassid": 3079
            },
            {
              "objid": 38577,
              "classid": 2617,
              "deptype": "e",
              "extname": "btree_gist",
              "identity": "38577",
              "objsubid": 0,
              "refobjid": 38533,
              "refclassid": 3079
            },
            {
              "objid": 38589,
              "classid": 2753,
              "deptype": "e",
              "extname": "btree_gist",
              "identity": "38589",
              "objsubid": 0,
              "refobjid": 38533,
              "refclassid": 3079
            },
            {
              "objid": 38615,
              "classid": 2753,
              "deptype": "e",
              "extname": "btree_gist",
              "identity": "38615",
              "objsubid": 0,
              "refobjid": 38533,
              "refclassid": 3079
            },
            {
              "objid": 38641,
              "classid": 2753,
              "deptype": "e",
              "extname": "btree_gist",
              "identity": "38641",
              "objsubid": 0,
              "refobjid": 38533,
              "refclassid": 3079
            },
            {
              "objid": 38667,
              "classid": 2753,
              "deptype": "e",
              "extname": "btree_gist",
              "identity": "38667",
              "objsubid": 0,
              "refobjid": 38533,
              "refclassid": 3079
            },
            {
              "objid": 38693,
              "classid": 2753,
              "deptype": "e",
              "extname": "btree_gist",
              "identity": "38693",
              "objsubid": 0,
              "refobjid": 38533,
              "refclassid": 3079
            },
            {
              "objid": 38719,
              "classid": 2753,
              "deptype": "e",
              "extname": "btree_gist",
              "identity": "38719",
              "objsubid": 0,
              "refobjid": 38533,
              "refclassid": 3079
            },
            {
              "objid": 38748,
              "classid": 2753,
              "deptype": "e",
              "extname": "btree_gist",
              "identity": "38748",
              "objsubid": 0,
              "refobjid": 38533,
              "refclassid": 3079
            },
            {
              "objid": 38766,
              "classid": 2753,
              "deptype": "e",
              "extname": "btree_gist",
              "identity": "38766",
              "objsubid": 0,
              "refobjid": 38533,
              "refclassid": 3079
            },
            {
              "objid": 38794,
              "classid": 2753,
              "deptype": "e",
              "extname": "btree_gist",
              "identity": "38794",
              "objsubid": 0,
              "refobjid": 38533,
              "refclassid": 3079
            },
            {
              "objid": 38812,
              "classid": 2753,
              "deptype": "e",
              "extname": "btree_gist",
              "identity": "38812",
              "objsubid": 0,
              "refobjid": 38533,
              "refclassid": 3079
            },
            {
              "objid": 38835,
              "classid": 2753,
              "deptype": "e",
              "extname": "btree_gist",
              "identity": "38835",
              "objsubid": 0,
              "refobjid": 38533,
              "refclassid": 3079
            },
            {
              "objid": 38862,
              "classid": 2753,
              "deptype": "e",
              "extname": "btree_gist",
              "identity": "38862",
              "objsubid": 0,
              "refobjid": 38533,
              "refclassid": 3079
            },
            {
              "objid": 38888,
              "classid": 2753,
              "deptype": "e",
              "extname": "btree_gist",
              "identity": "38888",
              "objsubid": 0,
              "refobjid": 38533,
              "refclassid": 3079
            },
            {
              "objid": 38913,
              "classid": 2753,
              "deptype": "e",
              "extname": "btree_gist",
              "identity": "38913",
              "objsubid": 0,
              "refobjid": 38533,
              "refclassid": 3079
            },
            {
              "objid": 38937,
              "classid": 2753,
              "deptype": "e",
              "extname": "btree_gist",
              "identity": "38937",
              "objsubid": 0,
              "refobjid": 38533,
              "refclassid": 3079
            },
            {
              "objid": 38953,
              "classid": 2753,
              "deptype": "e",
              "extname": "btree_gist",
              "identity": "38953",
              "objsubid": 0,
              "refobjid": 38533,
              "refclassid": 3079
            },
            {
              "objid": 38975,
              "classid": 2753,
              "deptype": "e",
              "extname": "btree_gist",
              "identity": "38975",
              "objsubid": 0,
              "refobjid": 38533,
              "refclassid": 3079
            },
            {
              "objid": 38997,
              "classid": 2753,
              "deptype": "e",
              "extname": "btree_gist",
              "identity": "38997",
              "objsubid": 0,
              "refobjid": 38533,
              "refclassid": 3079
            },
            {
              "objid": 39019,
              "classid": 2753,
              "deptype": "e",
              "extname": "btree_gist",
              "identity": "39019",
              "objsubid": 0,
              "refobjid": 38533,
              "refclassid": 3079
            },
            {
              "objid": 39035,
              "classid": 2753,
              "deptype": "e",
              "extname": "btree_gist",
              "identity": "39035",
              "objsubid": 0,
              "refobjid": 38533,
              "refclassid": 3079
            },
            {
              "objid": 39057,
              "classid": 2753,
              "deptype": "e",
              "extname": "btree_gist",
              "identity": "39057",
              "objsubid": 0,
              "refobjid": 38533,
              "refclassid": 3079
            },
            {
              "objid": 39072,
              "classid": 2753,
              "deptype": "e",
              "extname": "btree_gist",
              "identity": "39072",
              "objsubid": 0,
              "refobjid": 38533,
              "refclassid": 3079
            },
            {
              "objid": 39094,
              "classid": 2753,
              "deptype": "e",
              "extname": "btree_gist",
              "identity": "39094",
              "objsubid": 0,
              "refobjid": 38533,
              "refclassid": 3079
            },
            {
              "objid": 39117,
              "classid": 2753,
              "deptype": "e",
              "extname": "btree_gist",
              "identity": "39117",
              "objsubid": 0,
              "refobjid": 38533,
              "refclassid": 3079
            },
            {
              "objid": 39140,
              "classid": 2753,
              "deptype": "e",
              "extname": "btree_gist",
              "identity": "39140",
              "objsubid": 0,
              "refobjid": 38533,
              "refclassid": 3079
            },
            {
              "objid": 39167,
              "classid": 2753,
              "deptype": "e",
              "extname": "btree_gist",
              "identity": "39167",
              "objsubid": 0,
              "refobjid": 38533,
              "refclassid": 3079
            }
          ]
        },
        "afterQualification": {
          "extensionPresent": true,
          "memberCount": 264,
          "identities": [
            "38555",
            "38557",
            "38559",
            "38561",
            "38563",
            "38565",
            "38567",
            "38569",
            "38571",
            "38573",
            "38575",
            "38577",
            "38589",
            "38590",
            "38615",
            "38616",
            "38641",
            "38642",
            "38667",
            "38668",
            "38693",
            "38694",
            "38719",
            "38720",
            "38748",
            "38749",
            "38766",
            "38767",
            "38794",
            "38795",
            "38812",
            "38813",
            "38835",
            "38836",
            "38862",
            "38863",
            "38888",
            "38889",
            "38913",
            "38914",
            "38937",
            "38938",
            "38953",
            "38954",
            "38975",
            "38976",
            "38997",
            "38998",
            "39019",
            "39020",
            "39035",
            "39036",
            "39057",
            "39058",
            "39072",
            "39073",
            "39094",
            "39095",
            "39117",
            "39118",
            "39140",
            "39141",
            "39167",
            "39168",
            "public._gbtreekey16",
            "public._gbtreekey2",
            "public._gbtreekey32",
            "public._gbtreekey4",
            "public._gbtreekey8",
            "public._gbtreekey_var",
            "public.cash_dist(money,money)",
            "public.date_dist(date,date)",
            "public.float4_dist(real,real)",
            "public.float8_dist(double precision,double precision)",
            "public.gbt_bit_compress(internal)",
            "public.gbt_bit_consistent(internal,bit,smallint,oid,internal)",
            "public.gbt_bit_penalty(internal,internal,internal)",
            "public.gbt_bit_picksplit(internal,internal)",
            "public.gbt_bit_same(gbtreekey_var,gbtreekey_var,internal)",
            "public.gbt_bit_union(internal,internal)",
            "public.gbt_bool_compress(internal)",
            "public.gbt_bool_consistent(internal,boolean,smallint,oid,internal)",
            "public.gbt_bool_fetch(internal)",
            "public.gbt_bool_penalty(internal,internal,internal)",
            "public.gbt_bool_picksplit(internal,internal)",
            "public.gbt_bool_same(gbtreekey2,gbtreekey2,internal)",
            "public.gbt_bool_union(internal,internal)",
            "public.gbt_bpchar_compress(internal)",
            "public.gbt_bpchar_consistent(internal,character,smallint,oid,internal)",
            "public.gbt_bytea_compress(internal)",
            "public.gbt_bytea_consistent(internal,bytea,smallint,oid,internal)",
            "public.gbt_bytea_penalty(internal,internal,internal)",
            "public.gbt_bytea_picksplit(internal,internal)",
            "public.gbt_bytea_same(gbtreekey_var,gbtreekey_var,internal)",
            "public.gbt_bytea_union(internal,internal)",
            "public.gbt_cash_compress(internal)",
            "public.gbt_cash_consistent(internal,money,smallint,oid,internal)",
            "public.gbt_cash_distance(internal,money,smallint,oid,internal)",
            "public.gbt_cash_fetch(internal)",
            "public.gbt_cash_penalty(internal,internal,internal)",
            "public.gbt_cash_picksplit(internal,internal)",
            "public.gbt_cash_same(gbtreekey16,gbtreekey16,internal)",
            "public.gbt_cash_union(internal,internal)",
            "public.gbt_date_compress(internal)",
            "public.gbt_date_consistent(internal,date,smallint,oid,internal)",
            "public.gbt_date_distance(internal,date,smallint,oid,internal)",
            "public.gbt_date_fetch(internal)",
            "public.gbt_date_penalty(internal,internal,internal)",
            "public.gbt_date_picksplit(internal,internal)",
            "public.gbt_date_same(gbtreekey8,gbtreekey8,internal)",
            "public.gbt_date_union(internal,internal)",
            "public.gbt_decompress(internal)",
            "public.gbt_enum_compress(internal)",
            "public.gbt_enum_consistent(internal,anyenum,smallint,oid,internal)",
            "public.gbt_enum_fetch(internal)",
            "public.gbt_enum_penalty(internal,internal,internal)",
            "public.gbt_enum_picksplit(internal,internal)",
            "public.gbt_enum_same(gbtreekey8,gbtreekey8,internal)",
            "public.gbt_enum_union(internal,internal)",
            "public.gbt_float4_compress(internal)",
            "public.gbt_float4_consistent(internal,real,smallint,oid,internal)",
            "public.gbt_float4_distance(internal,real,smallint,oid,internal)",
            "public.gbt_float4_fetch(internal)",
            "public.gbt_float4_penalty(internal,internal,internal)",
            "public.gbt_float4_picksplit(internal,internal)",
            "public.gbt_float4_same(gbtreekey8,gbtreekey8,internal)",
            "public.gbt_float4_union(internal,internal)",
            "public.gbt_float8_compress(internal)",
            "public.gbt_float8_consistent(internal,double precision,smallint,oid,internal)",
            "public.gbt_float8_distance(internal,double precision,smallint,oid,internal)",
            "public.gbt_float8_fetch(internal)",
            "public.gbt_float8_penalty(internal,internal,internal)",
            "public.gbt_float8_picksplit(internal,internal)",
            "public.gbt_float8_same(gbtreekey16,gbtreekey16,internal)",
            "public.gbt_float8_union(internal,internal)",
            "public.gbt_inet_compress(internal)",
            "public.gbt_inet_consistent(internal,inet,smallint,oid,internal)",
            "public.gbt_inet_penalty(internal,internal,internal)",
            "public.gbt_inet_picksplit(internal,internal)",
            "public.gbt_inet_same(gbtreekey16,gbtreekey16,internal)",
            "public.gbt_inet_union(internal,internal)",
            "public.gbt_int2_compress(internal)",
            "public.gbt_int2_consistent(internal,smallint,smallint,oid,internal)",
            "public.gbt_int2_distance(internal,smallint,smallint,oid,internal)",
            "public.gbt_int2_fetch(internal)",
            "public.gbt_int2_penalty(internal,internal,internal)",
            "public.gbt_int2_picksplit(internal,internal)",
            "public.gbt_int2_same(gbtreekey4,gbtreekey4,internal)",
            "public.gbt_int2_union(internal,internal)",
            "public.gbt_int4_compress(internal)",
            "public.gbt_int4_consistent(internal,integer,smallint,oid,internal)",
            "public.gbt_int4_distance(internal,integer,smallint,oid,internal)",
            "public.gbt_int4_fetch(internal)",
            "public.gbt_int4_penalty(internal,internal,internal)",
            "public.gbt_int4_picksplit(internal,internal)",
            "public.gbt_int4_same(gbtreekey8,gbtreekey8,internal)",
            "public.gbt_int4_union(internal,internal)",
            "public.gbt_int8_compress(internal)",
            "public.gbt_int8_consistent(internal,bigint,smallint,oid,internal)",
            "public.gbt_int8_distance(internal,bigint,smallint,oid,internal)",
            "public.gbt_int8_fetch(internal)",
            "public.gbt_int8_penalty(internal,internal,internal)",
            "public.gbt_int8_picksplit(internal,internal)",
            "public.gbt_int8_same(gbtreekey16,gbtreekey16,internal)",
            "public.gbt_int8_union(internal,internal)",
            "public.gbt_intv_compress(internal)",
            "public.gbt_intv_consistent(internal,interval,smallint,oid,internal)",
            "public.gbt_intv_decompress(internal)",
            "public.gbt_intv_distance(internal,interval,smallint,oid,internal)",
            "public.gbt_intv_fetch(internal)",
            "public.gbt_intv_penalty(internal,internal,internal)",
            "public.gbt_intv_picksplit(internal,internal)",
            "public.gbt_intv_same(gbtreekey32,gbtreekey32,internal)",
            "public.gbt_intv_union(internal,internal)",
            "public.gbt_macad8_compress(internal)",
            "public.gbt_macad8_consistent(internal,macaddr8,smallint,oid,internal)",
            "public.gbt_macad8_fetch(internal)",
            "public.gbt_macad8_penalty(internal,internal,internal)",
            "public.gbt_macad8_picksplit(internal,internal)",
            "public.gbt_macad8_same(gbtreekey16,gbtreekey16,internal)",
            "public.gbt_macad8_union(internal,internal)",
            "public.gbt_macad_compress(internal)",
            "public.gbt_macad_consistent(internal,macaddr,smallint,oid,internal)",
            "public.gbt_macad_fetch(internal)",
            "public.gbt_macad_penalty(internal,internal,internal)",
            "public.gbt_macad_picksplit(internal,internal)",
            "public.gbt_macad_same(gbtreekey16,gbtreekey16,internal)",
            "public.gbt_macad_union(internal,internal)",
            "public.gbt_numeric_compress(internal)",
            "public.gbt_numeric_consistent(internal,numeric,smallint,oid,internal)",
            "public.gbt_numeric_penalty(internal,internal,internal)",
            "public.gbt_numeric_picksplit(internal,internal)",
            "public.gbt_numeric_same(gbtreekey_var,gbtreekey_var,internal)",
            "public.gbt_numeric_union(internal,internal)",
            "public.gbt_oid_compress(internal)",
            "public.gbt_oid_consistent(internal,oid,smallint,oid,internal)",
            "public.gbt_oid_distance(internal,oid,smallint,oid,internal)",
            "public.gbt_oid_fetch(internal)",
            "public.gbt_oid_penalty(internal,internal,internal)",
            "public.gbt_oid_picksplit(internal,internal)",
            "public.gbt_oid_same(gbtreekey8,gbtreekey8,internal)",
            "public.gbt_oid_union(internal,internal)",
            "public.gbt_text_compress(internal)",
            "public.gbt_text_consistent(internal,text,smallint,oid,internal)",
            "public.gbt_text_penalty(internal,internal,internal)",
            "public.gbt_text_picksplit(internal,internal)",
            "public.gbt_text_same(gbtreekey_var,gbtreekey_var,internal)",
            "public.gbt_text_union(internal,internal)",
            "public.gbt_time_compress(internal)",
            "public.gbt_time_consistent(internal,time without time zone,smallint,oid,internal)",
            "public.gbt_time_distance(internal,time without time zone,smallint,oid,internal)",
            "public.gbt_time_fetch(internal)",
            "public.gbt_time_penalty(internal,internal,internal)",
            "public.gbt_time_picksplit(internal,internal)",
            "public.gbt_time_same(gbtreekey16,gbtreekey16,internal)",
            "public.gbt_time_union(internal,internal)",
            "public.gbt_timetz_compress(internal)",
            "public.gbt_timetz_consistent(internal,time with time zone,smallint,oid,internal)",
            "public.gbt_ts_compress(internal)",
            "public.gbt_ts_consistent(internal,timestamp without time zone,smallint,oid,internal)",
            "public.gbt_ts_distance(internal,timestamp without time zone,smallint,oid,internal)",
            "public.gbt_ts_fetch(internal)",
            "public.gbt_ts_penalty(internal,internal,internal)",
            "public.gbt_ts_picksplit(internal,internal)",
            "public.gbt_ts_same(gbtreekey16,gbtreekey16,internal)",
            "public.gbt_ts_union(internal,internal)",
            "public.gbt_tstz_compress(internal)",
            "public.gbt_tstz_consistent(internal,timestamp with time zone,smallint,oid,internal)",
            "public.gbt_tstz_distance(internal,timestamp with time zone,smallint,oid,internal)",
            "public.gbt_uuid_compress(internal)",
            "public.gbt_uuid_consistent(internal,uuid,smallint,oid,internal)",
            "public.gbt_uuid_fetch(internal)",
            "public.gbt_uuid_penalty(internal,internal,internal)",
            "public.gbt_uuid_picksplit(internal,internal)",
            "public.gbt_uuid_same(gbtreekey32,gbtreekey32,internal)",
            "public.gbt_uuid_union(internal,internal)",
            "public.gbt_var_decompress(internal)",
            "public.gbt_var_fetch(internal)",
            "public.gbtreekey16",
            "public.gbtreekey16_in(cstring)",
            "public.gbtreekey16_out(gbtreekey16)",
            "public.gbtreekey2",
            "public.gbtreekey2_in(cstring)",
            "public.gbtreekey2_out(gbtreekey2)",
            "public.gbtreekey32",
            "public.gbtreekey32_in(cstring)",
            "public.gbtreekey32_out(gbtreekey32)",
            "public.gbtreekey4",
            "public.gbtreekey4_in(cstring)",
            "public.gbtreekey4_out(gbtreekey4)",
            "public.gbtreekey8",
            "public.gbtreekey8_in(cstring)",
            "public.gbtreekey8_out(gbtreekey8)",
            "public.gbtreekey_var",
            "public.gbtreekey_var_in(cstring)",
            "public.gbtreekey_var_out(gbtreekey_var)",
            "public.int2_dist(smallint,smallint)",
            "public.int4_dist(integer,integer)",
            "public.int8_dist(bigint,bigint)",
            "public.interval_dist(interval,interval)",
            "public.oid_dist(oid,oid)",
            "public.time_dist(time without time zone,time without time zone)",
            "public.ts_dist(timestamp without time zone,timestamp without time zone)",
            "public.tstz_dist(timestamp with time zone,timestamp with time zone)"
          ],
          "tuples": [
            {
              "objid": 38534,
              "classid": 1247,
              "deptype": "e",
              "extname": "btree_gist",
              "identity": "public.gbtreekey4",
              "objsubid": 0,
              "refobjid": 38533,
              "refclassid": 3079
            },
            {
              "objid": 38537,
              "classid": 1247,
              "deptype": "e",
              "extname": "btree_gist",
              "identity": "public._gbtreekey4",
              "objsubid": 0,
              "refobjid": 38533,
              "refclassid": 3079
            },
            {
              "objid": 38538,
              "classid": 1247,
              "deptype": "e",
              "extname": "btree_gist",
              "identity": "public.gbtreekey8",
              "objsubid": 0,
              "refobjid": 38533,
              "refclassid": 3079
            },
            {
              "objid": 38541,
              "classid": 1247,
              "deptype": "e",
              "extname": "btree_gist",
              "identity": "public._gbtreekey8",
              "objsubid": 0,
              "refobjid": 38533,
              "refclassid": 3079
            },
            {
              "objid": 38542,
              "classid": 1247,
              "deptype": "e",
              "extname": "btree_gist",
              "identity": "public.gbtreekey16",
              "objsubid": 0,
              "refobjid": 38533,
              "refclassid": 3079
            },
            {
              "objid": 38545,
              "classid": 1247,
              "deptype": "e",
              "extname": "btree_gist",
              "identity": "public._gbtreekey16",
              "objsubid": 0,
              "refobjid": 38533,
              "refclassid": 3079
            },
            {
              "objid": 38546,
              "classid": 1247,
              "deptype": "e",
              "extname": "btree_gist",
              "identity": "public.gbtreekey32",
              "objsubid": 0,
              "refobjid": 38533,
              "refclassid": 3079
            },
            {
              "objid": 38549,
              "classid": 1247,
              "deptype": "e",
              "extname": "btree_gist",
              "identity": "public._gbtreekey32",
              "objsubid": 0,
              "refobjid": 38533,
              "refclassid": 3079
            },
            {
              "objid": 38550,
              "classid": 1247,
              "deptype": "e",
              "extname": "btree_gist",
              "identity": "public.gbtreekey_var",
              "objsubid": 0,
              "refobjid": 38533,
              "refclassid": 3079
            },
            {
              "objid": 38553,
              "classid": 1247,
              "deptype": "e",
              "extname": "btree_gist",
              "identity": "public._gbtreekey_var",
              "objsubid": 0,
              "refobjid": 38533,
              "refclassid": 3079
            },
            {
              "objid": 39156,
              "classid": 1247,
              "deptype": "e",
              "extname": "btree_gist",
              "identity": "public.gbtreekey2",
              "objsubid": 0,
              "refobjid": 38533,
              "refclassid": 3079
            },
            {
              "objid": 39159,
              "classid": 1247,
              "deptype": "e",
              "extname": "btree_gist",
              "identity": "public._gbtreekey2",
              "objsubid": 0,
              "refobjid": 38533,
              "refclassid": 3079
            },
            {
              "objid": 38535,
              "classid": 1255,
              "deptype": "e",
              "extname": "btree_gist",
              "identity": "public.gbtreekey4_in(cstring)",
              "objsubid": 0,
              "refobjid": 38533,
              "refclassid": 3079
            },
            {
              "objid": 38536,
              "classid": 1255,
              "deptype": "e",
              "extname": "btree_gist",
              "identity": "public.gbtreekey4_out(gbtreekey4)",
              "objsubid": 0,
              "refobjid": 38533,
              "refclassid": 3079
            },
            {
              "objid": 38539,
              "classid": 1255,
              "deptype": "e",
              "extname": "btree_gist",
              "identity": "public.gbtreekey8_in(cstring)",
              "objsubid": 0,
              "refobjid": 38533,
              "refclassid": 3079
            },
            {
              "objid": 38540,
              "classid": 1255,
              "deptype": "e",
              "extname": "btree_gist",
              "identity": "public.gbtreekey8_out(gbtreekey8)",
              "objsubid": 0,
              "refobjid": 38533,
              "refclassid": 3079
            },
            {
              "objid": 38543,
              "classid": 1255,
              "deptype": "e",
              "extname": "btree_gist",
              "identity": "public.gbtreekey16_in(cstring)",
              "objsubid": 0,
              "refobjid": 38533,
              "refclassid": 3079
            },
            {
              "objid": 38544,
              "classid": 1255,
              "deptype": "e",
              "extname": "btree_gist",
              "identity": "public.gbtreekey16_out(gbtreekey16)",
              "objsubid": 0,
              "refobjid": 38533,
              "refclassid": 3079
            },
            {
              "objid": 38547,
              "classid": 1255,
              "deptype": "e",
              "extname": "btree_gist",
              "identity": "public.gbtreekey32_in(cstring)",
              "objsubid": 0,
              "refobjid": 38533,
              "refclassid": 3079
            },
            {
              "objid": 38548,
              "classid": 1255,
              "deptype": "e",
              "extname": "btree_gist",
              "identity": "public.gbtreekey32_out(gbtreekey32)",
              "objsubid": 0,
              "refobjid": 38533,
              "refclassid": 3079
            },
            {
              "objid": 38551,
              "classid": 1255,
              "deptype": "e",
              "extname": "btree_gist",
              "identity": "public.gbtreekey_var_in(cstring)",
              "objsubid": 0,
              "refobjid": 38533,
              "refclassid": 3079
            },
            {
              "objid": 38552,
              "classid": 1255,
              "deptype": "e",
              "extname": "btree_gist",
              "identity": "public.gbtreekey_var_out(gbtreekey_var)",
              "objsubid": 0,
              "refobjid": 38533,
              "refclassid": 3079
            },
            {
              "objid": 38554,
              "classid": 1255,
              "deptype": "e",
              "extname": "btree_gist",
              "identity": "public.cash_dist(money,money)",
              "objsubid": 0,
              "refobjid": 38533,
              "refclassid": 3079
            },
            {
              "objid": 38556,
              "classid": 1255,
              "deptype": "e",
              "extname": "btree_gist",
              "identity": "public.date_dist(date,date)",
              "objsubid": 0,
              "refobjid": 38533,
              "refclassid": 3079
            },
            {
              "objid": 38558,
              "classid": 1255,
              "deptype": "e",
              "extname": "btree_gist",
              "identity": "public.float4_dist(real,real)",
              "objsubid": 0,
              "refobjid": 38533,
              "refclassid": 3079
            },
            {
              "objid": 38560,
              "classid": 1255,
              "deptype": "e",
              "extname": "btree_gist",
              "identity": "public.float8_dist(double precision,double precision)",
              "objsubid": 0,
              "refobjid": 38533,
              "refclassid": 3079
            },
            {
              "objid": 38562,
              "classid": 1255,
              "deptype": "e",
              "extname": "btree_gist",
              "identity": "public.int2_dist(smallint,smallint)",
              "objsubid": 0,
              "refobjid": 38533,
              "refclassid": 3079
            },
            {
              "objid": 38564,
              "classid": 1255,
              "deptype": "e",
              "extname": "btree_gist",
              "identity": "public.int4_dist(integer,integer)",
              "objsubid": 0,
              "refobjid": 38533,
              "refclassid": 3079
            },
            {
              "objid": 38566,
              "classid": 1255,
              "deptype": "e",
              "extname": "btree_gist",
              "identity": "public.int8_dist(bigint,bigint)",
              "objsubid": 0,
              "refobjid": 38533,
              "refclassid": 3079
            },
            {
              "objid": 38568,
              "classid": 1255,
              "deptype": "e",
              "extname": "btree_gist",
              "identity": "public.interval_dist(interval,interval)",
              "objsubid": 0,
              "refobjid": 38533,
              "refclassid": 3079
            },
            {
              "objid": 38570,
              "classid": 1255,
              "deptype": "e",
              "extname": "btree_gist",
              "identity": "public.oid_dist(oid,oid)",
              "objsubid": 0,
              "refobjid": 38533,
              "refclassid": 3079
            },
            {
              "objid": 38572,
              "classid": 1255,
              "deptype": "e",
              "extname": "btree_gist",
              "identity": "public.time_dist(time without time zone,time without time zone)",
              "objsubid": 0,
              "refobjid": 38533,
              "refclassid": 3079
            },
            {
              "objid": 38574,
              "classid": 1255,
              "deptype": "e",
              "extname": "btree_gist",
              "identity": "public.ts_dist(timestamp without time zone,timestamp without time zone)",
              "objsubid": 0,
              "refobjid": 38533,
              "refclassid": 3079
            },
            {
              "objid": 38576,
              "classid": 1255,
              "deptype": "e",
              "extname": "btree_gist",
              "identity": "public.tstz_dist(timestamp with time zone,timestamp with time zone)",
              "objsubid": 0,
              "refobjid": 38533,
              "refclassid": 3079
            },
            {
              "objid": 38578,
              "classid": 1255,
              "deptype": "e",
              "extname": "btree_gist",
              "identity": "public.gbt_oid_consistent(internal,oid,smallint,oid,internal)",
              "objsubid": 0,
              "refobjid": 38533,
              "refclassid": 3079
            },
            {
              "objid": 38579,
              "classid": 1255,
              "deptype": "e",
              "extname": "btree_gist",
              "identity": "public.gbt_oid_distance(internal,oid,smallint,oid,internal)",
              "objsubid": 0,
              "refobjid": 38533,
              "refclassid": 3079
            },
            {
              "objid": 38580,
              "classid": 1255,
              "deptype": "e",
              "extname": "btree_gist",
              "identity": "public.gbt_oid_fetch(internal)",
              "objsubid": 0,
              "refobjid": 38533,
              "refclassid": 3079
            },
            {
              "objid": 38581,
              "classid": 1255,
              "deptype": "e",
              "extname": "btree_gist",
              "identity": "public.gbt_oid_compress(internal)",
              "objsubid": 0,
              "refobjid": 38533,
              "refclassid": 3079
            },
            {
              "objid": 38582,
              "classid": 1255,
              "deptype": "e",
              "extname": "btree_gist",
              "identity": "public.gbt_decompress(internal)",
              "objsubid": 0,
              "refobjid": 38533,
              "refclassid": 3079
            },
            {
              "objid": 38583,
              "classid": 1255,
              "deptype": "e",
              "extname": "btree_gist",
              "identity": "public.gbt_var_decompress(internal)",
              "objsubid": 0,
              "refobjid": 38533,
              "refclassid": 3079
            },
            {
              "objid": 38584,
              "classid": 1255,
              "deptype": "e",
              "extname": "btree_gist",
              "identity": "public.gbt_var_fetch(internal)",
              "objsubid": 0,
              "refobjid": 38533,
              "refclassid": 3079
            },
            {
              "objid": 38585,
              "classid": 1255,
              "deptype": "e",
              "extname": "btree_gist",
              "identity": "public.gbt_oid_penalty(internal,internal,internal)",
              "objsubid": 0,
              "refobjid": 38533,
              "refclassid": 3079
            },
            {
              "objid": 38586,
              "classid": 1255,
              "deptype": "e",
              "extname": "btree_gist",
              "identity": "public.gbt_oid_picksplit(internal,internal)",
              "objsubid": 0,
              "refobjid": 38533,
              "refclassid": 3079
            },
            {
              "objid": 38587,
              "classid": 1255,
              "deptype": "e",
              "extname": "btree_gist",
              "identity": "public.gbt_oid_union(internal,internal)",
              "objsubid": 0,
              "refobjid": 38533,
              "refclassid": 3079
            },
            {
              "objid": 38588,
              "classid": 1255,
              "deptype": "e",
              "extname": "btree_gist",
              "identity": "public.gbt_oid_same(gbtreekey8,gbtreekey8,internal)",
              "objsubid": 0,
              "refobjid": 38533,
              "refclassid": 3079
            },
            {
              "objid": 38607,
              "classid": 1255,
              "deptype": "e",
              "extname": "btree_gist",
              "identity": "public.gbt_int2_consistent(internal,smallint,smallint,oid,internal)",
              "objsubid": 0,
              "refobjid": 38533,
              "refclassid": 3079
            },
            {
              "objid": 38608,
              "classid": 1255,
              "deptype": "e",
              "extname": "btree_gist",
              "identity": "public.gbt_int2_distance(internal,smallint,smallint,oid,internal)",
              "objsubid": 0,
              "refobjid": 38533,
              "refclassid": 3079
            },
            {
              "objid": 38609,
              "classid": 1255,
              "deptype": "e",
              "extname": "btree_gist",
              "identity": "public.gbt_int2_compress(internal)",
              "objsubid": 0,
              "refobjid": 38533,
              "refclassid": 3079
            },
            {
              "objid": 38610,
              "classid": 1255,
              "deptype": "e",
              "extname": "btree_gist",
              "identity": "public.gbt_int2_fetch(internal)",
              "objsubid": 0,
              "refobjid": 38533,
              "refclassid": 3079
            },
            {
              "objid": 38611,
              "classid": 1255,
              "deptype": "e",
              "extname": "btree_gist",
              "identity": "public.gbt_int2_penalty(internal,internal,internal)",
              "objsubid": 0,
              "refobjid": 38533,
              "refclassid": 3079
            },
            {
              "objid": 38612,
              "classid": 1255,
              "deptype": "e",
              "extname": "btree_gist",
              "identity": "public.gbt_int2_picksplit(internal,internal)",
              "objsubid": 0,
              "refobjid": 38533,
              "refclassid": 3079
            },
            {
              "objid": 38613,
              "classid": 1255,
              "deptype": "e",
              "extname": "btree_gist",
              "identity": "public.gbt_int2_union(internal,internal)",
              "objsubid": 0,
              "refobjid": 38533,
              "refclassid": 3079
            },
            {
              "objid": 38614,
              "classid": 1255,
              "deptype": "e",
              "extname": "btree_gist",
              "identity": "public.gbt_int2_same(gbtreekey4,gbtreekey4,internal)",
              "objsubid": 0,
              "refobjid": 38533,
              "refclassid": 3079
            },
            {
              "objid": 38633,
              "classid": 1255,
              "deptype": "e",
              "extname": "btree_gist",
              "identity": "public.gbt_int4_consistent(internal,integer,smallint,oid,internal)",
              "objsubid": 0,
              "refobjid": 38533,
              "refclassid": 3079
            },
            {
              "objid": 38634,
              "classid": 1255,
              "deptype": "e",
              "extname": "btree_gist",
              "identity": "public.gbt_int4_distance(internal,integer,smallint,oid,internal)",
              "objsubid": 0,
              "refobjid": 38533,
              "refclassid": 3079
            },
            {
              "objid": 38635,
              "classid": 1255,
              "deptype": "e",
              "extname": "btree_gist",
              "identity": "public.gbt_int4_compress(internal)",
              "objsubid": 0,
              "refobjid": 38533,
              "refclassid": 3079
            },
            {
              "objid": 38636,
              "classid": 1255,
              "deptype": "e",
              "extname": "btree_gist",
              "identity": "public.gbt_int4_fetch(internal)",
              "objsubid": 0,
              "refobjid": 38533,
              "refclassid": 3079
            },
            {
              "objid": 38637,
              "classid": 1255,
              "deptype": "e",
              "extname": "btree_gist",
              "identity": "public.gbt_int4_penalty(internal,internal,internal)",
              "objsubid": 0,
              "refobjid": 38533,
              "refclassid": 3079
            },
            {
              "objid": 38638,
              "classid": 1255,
              "deptype": "e",
              "extname": "btree_gist",
              "identity": "public.gbt_int4_picksplit(internal,internal)",
              "objsubid": 0,
              "refobjid": 38533,
              "refclassid": 3079
            },
            {
              "objid": 38639,
              "classid": 1255,
              "deptype": "e",
              "extname": "btree_gist",
              "identity": "public.gbt_int4_union(internal,internal)",
              "objsubid": 0,
              "refobjid": 38533,
              "refclassid": 3079
            },
            {
              "objid": 38640,
              "classid": 1255,
              "deptype": "e",
              "extname": "btree_gist",
              "identity": "public.gbt_int4_same(gbtreekey8,gbtreekey8,internal)",
              "objsubid": 0,
              "refobjid": 38533,
              "refclassid": 3079
            },
            {
              "objid": 38659,
              "classid": 1255,
              "deptype": "e",
              "extname": "btree_gist",
              "identity": "public.gbt_int8_consistent(internal,bigint,smallint,oid,internal)",
              "objsubid": 0,
              "refobjid": 38533,
              "refclassid": 3079
            },
            {
              "objid": 38660,
              "classid": 1255,
              "deptype": "e",
              "extname": "btree_gist",
              "identity": "public.gbt_int8_distance(internal,bigint,smallint,oid,internal)",
              "objsubid": 0,
              "refobjid": 38533,
              "refclassid": 3079
            },
            {
              "objid": 38661,
              "classid": 1255,
              "deptype": "e",
              "extname": "btree_gist",
              "identity": "public.gbt_int8_compress(internal)",
              "objsubid": 0,
              "refobjid": 38533,
              "refclassid": 3079
            },
            {
              "objid": 38662,
              "classid": 1255,
              "deptype": "e",
              "extname": "btree_gist",
              "identity": "public.gbt_int8_fetch(internal)",
              "objsubid": 0,
              "refobjid": 38533,
              "refclassid": 3079
            },
            {
              "objid": 38663,
              "classid": 1255,
              "deptype": "e",
              "extname": "btree_gist",
              "identity": "public.gbt_int8_penalty(internal,internal,internal)",
              "objsubid": 0,
              "refobjid": 38533,
              "refclassid": 3079
            },
            {
              "objid": 38664,
              "classid": 1255,
              "deptype": "e",
              "extname": "btree_gist",
              "identity": "public.gbt_int8_picksplit(internal,internal)",
              "objsubid": 0,
              "refobjid": 38533,
              "refclassid": 3079
            },
            {
              "objid": 38665,
              "classid": 1255,
              "deptype": "e",
              "extname": "btree_gist",
              "identity": "public.gbt_int8_union(internal,internal)",
              "objsubid": 0,
              "refobjid": 38533,
              "refclassid": 3079
            },
            {
              "objid": 38666,
              "classid": 1255,
              "deptype": "e",
              "extname": "btree_gist",
              "identity": "public.gbt_int8_same(gbtreekey16,gbtreekey16,internal)",
              "objsubid": 0,
              "refobjid": 38533,
              "refclassid": 3079
            },
            {
              "objid": 38685,
              "classid": 1255,
              "deptype": "e",
              "extname": "btree_gist",
              "identity": "public.gbt_float4_consistent(internal,real,smallint,oid,internal)",
              "objsubid": 0,
              "refobjid": 38533,
              "refclassid": 3079
            },
            {
              "objid": 38686,
              "classid": 1255,
              "deptype": "e",
              "extname": "btree_gist",
              "identity": "public.gbt_float4_distance(internal,real,smallint,oid,internal)",
              "objsubid": 0,
              "refobjid": 38533,
              "refclassid": 3079
            },
            {
              "objid": 38687,
              "classid": 1255,
              "deptype": "e",
              "extname": "btree_gist",
              "identity": "public.gbt_float4_compress(internal)",
              "objsubid": 0,
              "refobjid": 38533,
              "refclassid": 3079
            },
            {
              "objid": 38688,
              "classid": 1255,
              "deptype": "e",
              "extname": "btree_gist",
              "identity": "public.gbt_float4_fetch(internal)",
              "objsubid": 0,
              "refobjid": 38533,
              "refclassid": 3079
            },
            {
              "objid": 38689,
              "classid": 1255,
              "deptype": "e",
              "extname": "btree_gist",
              "identity": "public.gbt_float4_penalty(internal,internal,internal)",
              "objsubid": 0,
              "refobjid": 38533,
              "refclassid": 3079
            },
            {
              "objid": 38690,
              "classid": 1255,
              "deptype": "e",
              "extname": "btree_gist",
              "identity": "public.gbt_float4_picksplit(internal,internal)",
              "objsubid": 0,
              "refobjid": 38533,
              "refclassid": 3079
            },
            {
              "objid": 38691,
              "classid": 1255,
              "deptype": "e",
              "extname": "btree_gist",
              "identity": "public.gbt_float4_union(internal,internal)",
              "objsubid": 0,
              "refobjid": 38533,
              "refclassid": 3079
            },
            {
              "objid": 38692,
              "classid": 1255,
              "deptype": "e",
              "extname": "btree_gist",
              "identity": "public.gbt_float4_same(gbtreekey8,gbtreekey8,internal)",
              "objsubid": 0,
              "refobjid": 38533,
              "refclassid": 3079
            },
            {
              "objid": 38711,
              "classid": 1255,
              "deptype": "e",
              "extname": "btree_gist",
              "identity": "public.gbt_float8_consistent(internal,double precision,smallint,oid,internal)",
              "objsubid": 0,
              "refobjid": 38533,
              "refclassid": 3079
            },
            {
              "objid": 38712,
              "classid": 1255,
              "deptype": "e",
              "extname": "btree_gist",
              "identity": "public.gbt_float8_distance(internal,double precision,smallint,oid,internal)",
              "objsubid": 0,
              "refobjid": 38533,
              "refclassid": 3079
            },
            {
              "objid": 38713,
              "classid": 1255,
              "deptype": "e",
              "extname": "btree_gist",
              "identity": "public.gbt_float8_compress(internal)",
              "objsubid": 0,
              "refobjid": 38533,
              "refclassid": 3079
            },
            {
              "objid": 38714,
              "classid": 1255,
              "deptype": "e",
              "extname": "btree_gist",
              "identity": "public.gbt_float8_fetch(internal)",
              "objsubid": 0,
              "refobjid": 38533,
              "refclassid": 3079
            },
            {
              "objid": 38715,
              "classid": 1255,
              "deptype": "e",
              "extname": "btree_gist",
              "identity": "public.gbt_float8_penalty(internal,internal,internal)",
              "objsubid": 0,
              "refobjid": 38533,
              "refclassid": 3079
            },
            {
              "objid": 38716,
              "classid": 1255,
              "deptype": "e",
              "extname": "btree_gist",
              "identity": "public.gbt_float8_picksplit(internal,internal)",
              "objsubid": 0,
              "refobjid": 38533,
              "refclassid": 3079
            },
            {
              "objid": 38717,
              "classid": 1255,
              "deptype": "e",
              "extname": "btree_gist",
              "identity": "public.gbt_float8_union(internal,internal)",
              "objsubid": 0,
              "refobjid": 38533,
              "refclassid": 3079
            },
            {
              "objid": 38718,
              "classid": 1255,
              "deptype": "e",
              "extname": "btree_gist",
              "identity": "public.gbt_float8_same(gbtreekey16,gbtreekey16,internal)",
              "objsubid": 0,
              "refobjid": 38533,
              "refclassid": 3079
            },
            {
              "objid": 38737,
              "classid": 1255,
              "deptype": "e",
              "extname": "btree_gist",
              "identity": "public.gbt_ts_consistent(internal,timestamp without time zone,smallint,oid,internal)",
              "objsubid": 0,
              "refobjid": 38533,
              "refclassid": 3079
            },
            {
              "objid": 38738,
              "classid": 1255,
              "deptype": "e",
              "extname": "btree_gist",
              "identity": "public.gbt_ts_distance(internal,timestamp without time zone,smallint,oid,internal)",
              "objsubid": 0,
              "refobjid": 38533,
              "refclassid": 3079
            },
            {
              "objid": 38739,
              "classid": 1255,
              "deptype": "e",
              "extname": "btree_gist",
              "identity": "public.gbt_tstz_consistent(internal,timestamp with time zone,smallint,oid,internal)",
              "objsubid": 0,
              "refobjid": 38533,
              "refclassid": 3079
            },
            {
              "objid": 38740,
              "classid": 1255,
              "deptype": "e",
              "extname": "btree_gist",
              "identity": "public.gbt_tstz_distance(internal,timestamp with time zone,smallint,oid,internal)",
              "objsubid": 0,
              "refobjid": 38533,
              "refclassid": 3079
            },
            {
              "objid": 38741,
              "classid": 1255,
              "deptype": "e",
              "extname": "btree_gist",
              "identity": "public.gbt_ts_compress(internal)",
              "objsubid": 0,
              "refobjid": 38533,
              "refclassid": 3079
            },
            {
              "objid": 38742,
              "classid": 1255,
              "deptype": "e",
              "extname": "btree_gist",
              "identity": "public.gbt_tstz_compress(internal)",
              "objsubid": 0,
              "refobjid": 38533,
              "refclassid": 3079
            },
            {
              "objid": 38743,
              "classid": 1255,
              "deptype": "e",
              "extname": "btree_gist",
              "identity": "public.gbt_ts_fetch(internal)",
              "objsubid": 0,
              "refobjid": 38533,
              "refclassid": 3079
            },
            {
              "objid": 38744,
              "classid": 1255,
              "deptype": "e",
              "extname": "btree_gist",
              "identity": "public.gbt_ts_penalty(internal,internal,internal)",
              "objsubid": 0,
              "refobjid": 38533,
              "refclassid": 3079
            },
            {
              "objid": 38745,
              "classid": 1255,
              "deptype": "e",
              "extname": "btree_gist",
              "identity": "public.gbt_ts_picksplit(internal,internal)",
              "objsubid": 0,
              "refobjid": 38533,
              "refclassid": 3079
            },
            {
              "objid": 38746,
              "classid": 1255,
              "deptype": "e",
              "extname": "btree_gist",
              "identity": "public.gbt_ts_union(internal,internal)",
              "objsubid": 0,
              "refobjid": 38533,
              "refclassid": 3079
            },
            {
              "objid": 38747,
              "classid": 1255,
              "deptype": "e",
              "extname": "btree_gist",
              "identity": "public.gbt_ts_same(gbtreekey16,gbtreekey16,internal)",
              "objsubid": 0,
              "refobjid": 38533,
              "refclassid": 3079
            },
            {
              "objid": 38784,
              "classid": 1255,
              "deptype": "e",
              "extname": "btree_gist",
              "identity": "public.gbt_time_consistent(internal,time without time zone,smallint,oid,internal)",
              "objsubid": 0,
              "refobjid": 38533,
              "refclassid": 3079
            },
            {
              "objid": 38785,
              "classid": 1255,
              "deptype": "e",
              "extname": "btree_gist",
              "identity": "public.gbt_time_distance(internal,time without time zone,smallint,oid,internal)",
              "objsubid": 0,
              "refobjid": 38533,
              "refclassid": 3079
            },
            {
              "objid": 38786,
              "classid": 1255,
              "deptype": "e",
              "extname": "btree_gist",
              "identity": "public.gbt_timetz_consistent(internal,time with time zone,smallint,oid,internal)",
              "objsubid": 0,
              "refobjid": 38533,
              "refclassid": 3079
            },
            {
              "objid": 38787,
              "classid": 1255,
              "deptype": "e",
              "extname": "btree_gist",
              "identity": "public.gbt_time_compress(internal)",
              "objsubid": 0,
              "refobjid": 38533,
              "refclassid": 3079
            },
            {
              "objid": 38788,
              "classid": 1255,
              "deptype": "e",
              "extname": "btree_gist",
              "identity": "public.gbt_timetz_compress(internal)",
              "objsubid": 0,
              "refobjid": 38533,
              "refclassid": 3079
            },
            {
              "objid": 38789,
              "classid": 1255,
              "deptype": "e",
              "extname": "btree_gist",
              "identity": "public.gbt_time_fetch(internal)",
              "objsubid": 0,
              "refobjid": 38533,
              "refclassid": 3079
            },
            {
              "objid": 38790,
              "classid": 1255,
              "deptype": "e",
              "extname": "btree_gist",
              "identity": "public.gbt_time_penalty(internal,internal,internal)",
              "objsubid": 0,
              "refobjid": 38533,
              "refclassid": 3079
            },
            {
              "objid": 38791,
              "classid": 1255,
              "deptype": "e",
              "extname": "btree_gist",
              "identity": "public.gbt_time_picksplit(internal,internal)",
              "objsubid": 0,
              "refobjid": 38533,
              "refclassid": 3079
            },
            {
              "objid": 38792,
              "classid": 1255,
              "deptype": "e",
              "extname": "btree_gist",
              "identity": "public.gbt_time_union(internal,internal)",
              "objsubid": 0,
              "refobjid": 38533,
              "refclassid": 3079
            },
            {
              "objid": 38793,
              "classid": 1255,
              "deptype": "e",
              "extname": "btree_gist",
              "identity": "public.gbt_time_same(gbtreekey16,gbtreekey16,internal)",
              "objsubid": 0,
              "refobjid": 38533,
              "refclassid": 3079
            },
            {
              "objid": 38827,
              "classid": 1255,
              "deptype": "e",
              "extname": "btree_gist",
              "identity": "public.gbt_date_consistent(internal,date,smallint,oid,internal)",
              "objsubid": 0,
              "refobjid": 38533,
              "refclassid": 3079
            },
            {
              "objid": 38828,
              "classid": 1255,
              "deptype": "e",
              "extname": "btree_gist",
              "identity": "public.gbt_date_distance(internal,date,smallint,oid,internal)",
              "objsubid": 0,
              "refobjid": 38533,
              "refclassid": 3079
            },
            {
              "objid": 38829,
              "classid": 1255,
              "deptype": "e",
              "extname": "btree_gist",
              "identity": "public.gbt_date_compress(internal)",
              "objsubid": 0,
              "refobjid": 38533,
              "refclassid": 3079
            },
            {
              "objid": 38830,
              "classid": 1255,
              "deptype": "e",
              "extname": "btree_gist",
              "identity": "public.gbt_date_fetch(internal)",
              "objsubid": 0,
              "refobjid": 38533,
              "refclassid": 3079
            },
            {
              "objid": 38831,
              "classid": 1255,
              "deptype": "e",
              "extname": "btree_gist",
              "identity": "public.gbt_date_penalty(internal,internal,internal)",
              "objsubid": 0,
              "refobjid": 38533,
              "refclassid": 3079
            },
            {
              "objid": 38832,
              "classid": 1255,
              "deptype": "e",
              "extname": "btree_gist",
              "identity": "public.gbt_date_picksplit(internal,internal)",
              "objsubid": 0,
              "refobjid": 38533,
              "refclassid": 3079
            },
            {
              "objid": 38833,
              "classid": 1255,
              "deptype": "e",
              "extname": "btree_gist",
              "identity": "public.gbt_date_union(internal,internal)",
              "objsubid": 0,
              "refobjid": 38533,
              "refclassid": 3079
            },
            {
              "objid": 38834,
              "classid": 1255,
              "deptype": "e",
              "extname": "btree_gist",
              "identity": "public.gbt_date_same(gbtreekey8,gbtreekey8,internal)",
              "objsubid": 0,
              "refobjid": 38533,
              "refclassid": 3079
            },
            {
              "objid": 38853,
              "classid": 1255,
              "deptype": "e",
              "extname": "btree_gist",
              "identity": "public.gbt_intv_consistent(internal,interval,smallint,oid,internal)",
              "objsubid": 0,
              "refobjid": 38533,
              "refclassid": 3079
            },
            {
              "objid": 38854,
              "classid": 1255,
              "deptype": "e",
              "extname": "btree_gist",
              "identity": "public.gbt_intv_distance(internal,interval,smallint,oid,internal)",
              "objsubid": 0,
              "refobjid": 38533,
              "refclassid": 3079
            },
            {
              "objid": 38855,
              "classid": 1255,
              "deptype": "e",
              "extname": "btree_gist",
              "identity": "public.gbt_intv_compress(internal)",
              "objsubid": 0,
              "refobjid": 38533,
              "refclassid": 3079
            },
            {
              "objid": 38856,
              "classid": 1255,
              "deptype": "e",
              "extname": "btree_gist",
              "identity": "public.gbt_intv_decompress(internal)",
              "objsubid": 0,
              "refobjid": 38533,
              "refclassid": 3079
            },
            {
              "objid": 38857,
              "classid": 1255,
              "deptype": "e",
              "extname": "btree_gist",
              "identity": "public.gbt_intv_fetch(internal)",
              "objsubid": 0,
              "refobjid": 38533,
              "refclassid": 3079
            },
            {
              "objid": 38858,
              "classid": 1255,
              "deptype": "e",
              "extname": "btree_gist",
              "identity": "public.gbt_intv_penalty(internal,internal,internal)",
              "objsubid": 0,
              "refobjid": 38533,
              "refclassid": 3079
            },
            {
              "objid": 38859,
              "classid": 1255,
              "deptype": "e",
              "extname": "btree_gist",
              "identity": "public.gbt_intv_picksplit(internal,internal)",
              "objsubid": 0,
              "refobjid": 38533,
              "refclassid": 3079
            },
            {
              "objid": 38860,
              "classid": 1255,
              "deptype": "e",
              "extname": "btree_gist",
              "identity": "public.gbt_intv_union(internal,internal)",
              "objsubid": 0,
              "refobjid": 38533,
              "refclassid": 3079
            },
            {
              "objid": 38861,
              "classid": 1255,
              "deptype": "e",
              "extname": "btree_gist",
              "identity": "public.gbt_intv_same(gbtreekey32,gbtreekey32,internal)",
              "objsubid": 0,
              "refobjid": 38533,
              "refclassid": 3079
            },
            {
              "objid": 38880,
              "classid": 1255,
              "deptype": "e",
              "extname": "btree_gist",
              "identity": "public.gbt_cash_consistent(internal,money,smallint,oid,internal)",
              "objsubid": 0,
              "refobjid": 38533,
              "refclassid": 3079
            },
            {
              "objid": 38881,
              "classid": 1255,
              "deptype": "e",
              "extname": "btree_gist",
              "identity": "public.gbt_cash_distance(internal,money,smallint,oid,internal)",
              "objsubid": 0,
              "refobjid": 38533,
              "refclassid": 3079
            },
            {
              "objid": 38882,
              "classid": 1255,
              "deptype": "e",
              "extname": "btree_gist",
              "identity": "public.gbt_cash_compress(internal)",
              "objsubid": 0,
              "refobjid": 38533,
              "refclassid": 3079
            },
            {
              "objid": 38883,
              "classid": 1255,
              "deptype": "e",
              "extname": "btree_gist",
              "identity": "public.gbt_cash_fetch(internal)",
              "objsubid": 0,
              "refobjid": 38533,
              "refclassid": 3079
            },
            {
              "objid": 38884,
              "classid": 1255,
              "deptype": "e",
              "extname": "btree_gist",
              "identity": "public.gbt_cash_penalty(internal,internal,internal)",
              "objsubid": 0,
              "refobjid": 38533,
              "refclassid": 3079
            },
            {
              "objid": 38885,
              "classid": 1255,
              "deptype": "e",
              "extname": "btree_gist",
              "identity": "public.gbt_cash_picksplit(internal,internal)",
              "objsubid": 0,
              "refobjid": 38533,
              "refclassid": 3079
            },
            {
              "objid": 38886,
              "classid": 1255,
              "deptype": "e",
              "extname": "btree_gist",
              "identity": "public.gbt_cash_union(internal,internal)",
              "objsubid": 0,
              "refobjid": 38533,
              "refclassid": 3079
            },
            {
              "objid": 38887,
              "classid": 1255,
              "deptype": "e",
              "extname": "btree_gist",
              "identity": "public.gbt_cash_same(gbtreekey16,gbtreekey16,internal)",
              "objsubid": 0,
              "refobjid": 38533,
              "refclassid": 3079
            },
            {
              "objid": 38906,
              "classid": 1255,
              "deptype": "e",
              "extname": "btree_gist",
              "identity": "public.gbt_macad_consistent(internal,macaddr,smallint,oid,internal)",
              "objsubid": 0,
              "refobjid": 38533,
              "refclassid": 3079
            },
            {
              "objid": 38907,
              "classid": 1255,
              "deptype": "e",
              "extname": "btree_gist",
              "identity": "public.gbt_macad_compress(internal)",
              "objsubid": 0,
              "refobjid": 38533,
              "refclassid": 3079
            },
            {
              "objid": 38908,
              "classid": 1255,
              "deptype": "e",
              "extname": "btree_gist",
              "identity": "public.gbt_macad_fetch(internal)",
              "objsubid": 0,
              "refobjid": 38533,
              "refclassid": 3079
            },
            {
              "objid": 38909,
              "classid": 1255,
              "deptype": "e",
              "extname": "btree_gist",
              "identity": "public.gbt_macad_penalty(internal,internal,internal)",
              "objsubid": 0,
              "refobjid": 38533,
              "refclassid": 3079
            },
            {
              "objid": 38910,
              "classid": 1255,
              "deptype": "e",
              "extname": "btree_gist",
              "identity": "public.gbt_macad_picksplit(internal,internal)",
              "objsubid": 0,
              "refobjid": 38533,
              "refclassid": 3079
            },
            {
              "objid": 38911,
              "classid": 1255,
              "deptype": "e",
              "extname": "btree_gist",
              "identity": "public.gbt_macad_union(internal,internal)",
              "objsubid": 0,
              "refobjid": 38533,
              "refclassid": 3079
            },
            {
              "objid": 38912,
              "classid": 1255,
              "deptype": "e",
              "extname": "btree_gist",
              "identity": "public.gbt_macad_same(gbtreekey16,gbtreekey16,internal)",
              "objsubid": 0,
              "refobjid": 38533,
              "refclassid": 3079
            },
            {
              "objid": 38929,
              "classid": 1255,
              "deptype": "e",
              "extname": "btree_gist",
              "identity": "public.gbt_text_consistent(internal,text,smallint,oid,internal)",
              "objsubid": 0,
              "refobjid": 38533,
              "refclassid": 3079
            },
            {
              "objid": 38930,
              "classid": 1255,
              "deptype": "e",
              "extname": "btree_gist",
              "identity": "public.gbt_bpchar_consistent(internal,character,smallint,oid,internal)",
              "objsubid": 0,
              "refobjid": 38533,
              "refclassid": 3079
            },
            {
              "objid": 38931,
              "classid": 1255,
              "deptype": "e",
              "extname": "btree_gist",
              "identity": "public.gbt_text_compress(internal)",
              "objsubid": 0,
              "refobjid": 38533,
              "refclassid": 3079
            },
            {
              "objid": 38932,
              "classid": 1255,
              "deptype": "e",
              "extname": "btree_gist",
              "identity": "public.gbt_bpchar_compress(internal)",
              "objsubid": 0,
              "refobjid": 38533,
              "refclassid": 3079
            },
            {
              "objid": 38933,
              "classid": 1255,
              "deptype": "e",
              "extname": "btree_gist",
              "identity": "public.gbt_text_penalty(internal,internal,internal)",
              "objsubid": 0,
              "refobjid": 38533,
              "refclassid": 3079
            },
            {
              "objid": 38934,
              "classid": 1255,
              "deptype": "e",
              "extname": "btree_gist",
              "identity": "public.gbt_text_picksplit(internal,internal)",
              "objsubid": 0,
              "refobjid": 38533,
              "refclassid": 3079
            },
            {
              "objid": 38935,
              "classid": 1255,
              "deptype": "e",
              "extname": "btree_gist",
              "identity": "public.gbt_text_union(internal,internal)",
              "objsubid": 0,
              "refobjid": 38533,
              "refclassid": 3079
            },
            {
              "objid": 38936,
              "classid": 1255,
              "deptype": "e",
              "extname": "btree_gist",
              "identity": "public.gbt_text_same(gbtreekey_var,gbtreekey_var,internal)",
              "objsubid": 0,
              "refobjid": 38533,
              "refclassid": 3079
            },
            {
              "objid": 38969,
              "classid": 1255,
              "deptype": "e",
              "extname": "btree_gist",
              "identity": "public.gbt_bytea_consistent(internal,bytea,smallint,oid,internal)",
              "objsubid": 0,
              "refobjid": 38533,
              "refclassid": 3079
            },
            {
              "objid": 38970,
              "classid": 1255,
              "deptype": "e",
              "extname": "btree_gist",
              "identity": "public.gbt_bytea_compress(internal)",
              "objsubid": 0,
              "refobjid": 38533,
              "refclassid": 3079
            },
            {
              "objid": 38971,
              "classid": 1255,
              "deptype": "e",
              "extname": "btree_gist",
              "identity": "public.gbt_bytea_penalty(internal,internal,internal)",
              "objsubid": 0,
              "refobjid": 38533,
              "refclassid": 3079
            },
            {
              "objid": 38972,
              "classid": 1255,
              "deptype": "e",
              "extname": "btree_gist",
              "identity": "public.gbt_bytea_picksplit(internal,internal)",
              "objsubid": 0,
              "refobjid": 38533,
              "refclassid": 3079
            },
            {
              "objid": 38973,
              "classid": 1255,
              "deptype": "e",
              "extname": "btree_gist",
              "identity": "public.gbt_bytea_union(internal,internal)",
              "objsubid": 0,
              "refobjid": 38533,
              "refclassid": 3079
            },
            {
              "objid": 38974,
              "classid": 1255,
              "deptype": "e",
              "extname": "btree_gist",
              "identity": "public.gbt_bytea_same(gbtreekey_var,gbtreekey_var,internal)",
              "objsubid": 0,
              "refobjid": 38533,
              "refclassid": 3079
            },
            {
              "objid": 38991,
              "classid": 1255,
              "deptype": "e",
              "extname": "btree_gist",
              "identity": "public.gbt_numeric_consistent(internal,numeric,smallint,oid,internal)",
              "objsubid": 0,
              "refobjid": 38533,
              "refclassid": 3079
            },
            {
              "objid": 38992,
              "classid": 1255,
              "deptype": "e",
              "extname": "btree_gist",
              "identity": "public.gbt_numeric_compress(internal)",
              "objsubid": 0,
              "refobjid": 38533,
              "refclassid": 3079
            },
            {
              "objid": 38993,
              "classid": 1255,
              "deptype": "e",
              "extname": "btree_gist",
              "identity": "public.gbt_numeric_penalty(internal,internal,internal)",
              "objsubid": 0,
              "refobjid": 38533,
              "refclassid": 3079
            },
            {
              "objid": 38994,
              "classid": 1255,
              "deptype": "e",
              "extname": "btree_gist",
              "identity": "public.gbt_numeric_picksplit(internal,internal)",
              "objsubid": 0,
              "refobjid": 38533,
              "refclassid": 3079
            },
            {
              "objid": 38995,
              "classid": 1255,
              "deptype": "e",
              "extname": "btree_gist",
              "identity": "public.gbt_numeric_union(internal,internal)",
              "objsubid": 0,
              "refobjid": 38533,
              "refclassid": 3079
            },
            {
              "objid": 38996,
              "classid": 1255,
              "deptype": "e",
              "extname": "btree_gist",
              "identity": "public.gbt_numeric_same(gbtreekey_var,gbtreekey_var,internal)",
              "objsubid": 0,
              "refobjid": 38533,
              "refclassid": 3079
            },
            {
              "objid": 39013,
              "classid": 1255,
              "deptype": "e",
              "extname": "btree_gist",
              "identity": "public.gbt_bit_consistent(internal,bit,smallint,oid,internal)",
              "objsubid": 0,
              "refobjid": 38533,
              "refclassid": 3079
            },
            {
              "objid": 39014,
              "classid": 1255,
              "deptype": "e",
              "extname": "btree_gist",
              "identity": "public.gbt_bit_compress(internal)",
              "objsubid": 0,
              "refobjid": 38533,
              "refclassid": 3079
            },
            {
              "objid": 39015,
              "classid": 1255,
              "deptype": "e",
              "extname": "btree_gist",
              "identity": "public.gbt_bit_penalty(internal,internal,internal)",
              "objsubid": 0,
              "refobjid": 38533,
              "refclassid": 3079
            },
            {
              "objid": 39016,
              "classid": 1255,
              "deptype": "e",
              "extname": "btree_gist",
              "identity": "public.gbt_bit_picksplit(internal,internal)",
              "objsubid": 0,
              "refobjid": 38533,
              "refclassid": 3079
            },
            {
              "objid": 39017,
              "classid": 1255,
              "deptype": "e",
              "extname": "btree_gist",
              "identity": "public.gbt_bit_union(internal,internal)",
              "objsubid": 0,
              "refobjid": 38533,
              "refclassid": 3079
            },
            {
              "objid": 39018,
              "classid": 1255,
              "deptype": "e",
              "extname": "btree_gist",
              "identity": "public.gbt_bit_same(gbtreekey_var,gbtreekey_var,internal)",
              "objsubid": 0,
              "refobjid": 38533,
              "refclassid": 3079
            },
            {
              "objid": 39051,
              "classid": 1255,
              "deptype": "e",
              "extname": "btree_gist",
              "identity": "public.gbt_inet_consistent(internal,inet,smallint,oid,internal)",
              "objsubid": 0,
              "refobjid": 38533,
              "refclassid": 3079
            },
            {
              "objid": 39052,
              "classid": 1255,
              "deptype": "e",
              "extname": "btree_gist",
              "identity": "public.gbt_inet_compress(internal)",
              "objsubid": 0,
              "refobjid": 38533,
              "refclassid": 3079
            },
            {
              "objid": 39053,
              "classid": 1255,
              "deptype": "e",
              "extname": "btree_gist",
              "identity": "public.gbt_inet_penalty(internal,internal,internal)",
              "objsubid": 0,
              "refobjid": 38533,
              "refclassid": 3079
            },
            {
              "objid": 39054,
              "classid": 1255,
              "deptype": "e",
              "extname": "btree_gist",
              "identity": "public.gbt_inet_picksplit(internal,internal)",
              "objsubid": 0,
              "refobjid": 38533,
              "refclassid": 3079
            },
            {
              "objid": 39055,
              "classid": 1255,
              "deptype": "e",
              "extname": "btree_gist",
              "identity": "public.gbt_inet_union(internal,internal)",
              "objsubid": 0,
              "refobjid": 38533,
              "refclassid": 3079
            },
            {
              "objid": 39056,
              "classid": 1255,
              "deptype": "e",
              "extname": "btree_gist",
              "identity": "public.gbt_inet_same(gbtreekey16,gbtreekey16,internal)",
              "objsubid": 0,
              "refobjid": 38533,
              "refclassid": 3079
            },
            {
              "objid": 39087,
              "classid": 1255,
              "deptype": "e",
              "extname": "btree_gist",
              "identity": "public.gbt_uuid_consistent(internal,uuid,smallint,oid,internal)",
              "objsubid": 0,
              "refobjid": 38533,
              "refclassid": 3079
            },
            {
              "objid": 39088,
              "classid": 1255,
              "deptype": "e",
              "extname": "btree_gist",
              "identity": "public.gbt_uuid_fetch(internal)",
              "objsubid": 0,
              "refobjid": 38533,
              "refclassid": 3079
            },
            {
              "objid": 39089,
              "classid": 1255,
              "deptype": "e",
              "extname": "btree_gist",
              "identity": "public.gbt_uuid_compress(internal)",
              "objsubid": 0,
              "refobjid": 38533,
              "refclassid": 3079
            },
            {
              "objid": 39090,
              "classid": 1255,
              "deptype": "e",
              "extname": "btree_gist",
              "identity": "public.gbt_uuid_penalty(internal,internal,internal)",
              "objsubid": 0,
              "refobjid": 38533,
              "refclassid": 3079
            },
            {
              "objid": 39091,
              "classid": 1255,
              "deptype": "e",
              "extname": "btree_gist",
              "identity": "public.gbt_uuid_picksplit(internal,internal)",
              "objsubid": 0,
              "refobjid": 38533,
              "refclassid": 3079
            },
            {
              "objid": 39092,
              "classid": 1255,
              "deptype": "e",
              "extname": "btree_gist",
              "identity": "public.gbt_uuid_union(internal,internal)",
              "objsubid": 0,
              "refobjid": 38533,
              "refclassid": 3079
            },
            {
              "objid": 39093,
              "classid": 1255,
              "deptype": "e",
              "extname": "btree_gist",
              "identity": "public.gbt_uuid_same(gbtreekey32,gbtreekey32,internal)",
              "objsubid": 0,
              "refobjid": 38533,
              "refclassid": 3079
            },
            {
              "objid": 39110,
              "classid": 1255,
              "deptype": "e",
              "extname": "btree_gist",
              "identity": "public.gbt_macad8_consistent(internal,macaddr8,smallint,oid,internal)",
              "objsubid": 0,
              "refobjid": 38533,
              "refclassid": 3079
            },
            {
              "objid": 39111,
              "classid": 1255,
              "deptype": "e",
              "extname": "btree_gist",
              "identity": "public.gbt_macad8_compress(internal)",
              "objsubid": 0,
              "refobjid": 38533,
              "refclassid": 3079
            },
            {
              "objid": 39112,
              "classid": 1255,
              "deptype": "e",
              "extname": "btree_gist",
              "identity": "public.gbt_macad8_fetch(internal)",
              "objsubid": 0,
              "refobjid": 38533,
              "refclassid": 3079
            },
            {
              "objid": 39113,
              "classid": 1255,
              "deptype": "e",
              "extname": "btree_gist",
              "identity": "public.gbt_macad8_penalty(internal,internal,internal)",
              "objsubid": 0,
              "refobjid": 38533,
              "refclassid": 3079
            },
            {
              "objid": 39114,
              "classid": 1255,
              "deptype": "e",
              "extname": "btree_gist",
              "identity": "public.gbt_macad8_picksplit(internal,internal)",
              "objsubid": 0,
              "refobjid": 38533,
              "refclassid": 3079
            },
            {
              "objid": 39115,
              "classid": 1255,
              "deptype": "e",
              "extname": "btree_gist",
              "identity": "public.gbt_macad8_union(internal,internal)",
              "objsubid": 0,
              "refobjid": 38533,
              "refclassid": 3079
            },
            {
              "objid": 39116,
              "classid": 1255,
              "deptype": "e",
              "extname": "btree_gist",
              "identity": "public.gbt_macad8_same(gbtreekey16,gbtreekey16,internal)",
              "objsubid": 0,
              "refobjid": 38533,
              "refclassid": 3079
            },
            {
              "objid": 39133,
              "classid": 1255,
              "deptype": "e",
              "extname": "btree_gist",
              "identity": "public.gbt_enum_consistent(internal,anyenum,smallint,oid,internal)",
              "objsubid": 0,
              "refobjid": 38533,
              "refclassid": 3079
            },
            {
              "objid": 39134,
              "classid": 1255,
              "deptype": "e",
              "extname": "btree_gist",
              "identity": "public.gbt_enum_compress(internal)",
              "objsubid": 0,
              "refobjid": 38533,
              "refclassid": 3079
            },
            {
              "objid": 39135,
              "classid": 1255,
              "deptype": "e",
              "extname": "btree_gist",
              "identity": "public.gbt_enum_fetch(internal)",
              "objsubid": 0,
              "refobjid": 38533,
              "refclassid": 3079
            },
            {
              "objid": 39136,
              "classid": 1255,
              "deptype": "e",
              "extname": "btree_gist",
              "identity": "public.gbt_enum_penalty(internal,internal,internal)",
              "objsubid": 0,
              "refobjid": 38533,
              "refclassid": 3079
            },
            {
              "objid": 39137,
              "classid": 1255,
              "deptype": "e",
              "extname": "btree_gist",
              "identity": "public.gbt_enum_picksplit(internal,internal)",
              "objsubid": 0,
              "refobjid": 38533,
              "refclassid": 3079
            },
            {
              "objid": 39138,
              "classid": 1255,
              "deptype": "e",
              "extname": "btree_gist",
              "identity": "public.gbt_enum_union(internal,internal)",
              "objsubid": 0,
              "refobjid": 38533,
              "refclassid": 3079
            },
            {
              "objid": 39139,
              "classid": 1255,
              "deptype": "e",
              "extname": "btree_gist",
              "identity": "public.gbt_enum_same(gbtreekey8,gbtreekey8,internal)",
              "objsubid": 0,
              "refobjid": 38533,
              "refclassid": 3079
            },
            {
              "objid": 39157,
              "classid": 1255,
              "deptype": "e",
              "extname": "btree_gist",
              "identity": "public.gbtreekey2_in(cstring)",
              "objsubid": 0,
              "refobjid": 38533,
              "refclassid": 3079
            },
            {
              "objid": 39158,
              "classid": 1255,
              "deptype": "e",
              "extname": "btree_gist",
              "identity": "public.gbtreekey2_out(gbtreekey2)",
              "objsubid": 0,
              "refobjid": 38533,
              "refclassid": 3079
            },
            {
              "objid": 39160,
              "classid": 1255,
              "deptype": "e",
              "extname": "btree_gist",
              "identity": "public.gbt_bool_consistent(internal,boolean,smallint,oid,internal)",
              "objsubid": 0,
              "refobjid": 38533,
              "refclassid": 3079
            },
            {
              "objid": 39161,
              "classid": 1255,
              "deptype": "e",
              "extname": "btree_gist",
              "identity": "public.gbt_bool_compress(internal)",
              "objsubid": 0,
              "refobjid": 38533,
              "refclassid": 3079
            },
            {
              "objid": 39162,
              "classid": 1255,
              "deptype": "e",
              "extname": "btree_gist",
              "identity": "public.gbt_bool_fetch(internal)",
              "objsubid": 0,
              "refobjid": 38533,
              "refclassid": 3079
            },
            {
              "objid": 39163,
              "classid": 1255,
              "deptype": "e",
              "extname": "btree_gist",
              "identity": "public.gbt_bool_penalty(internal,internal,internal)",
              "objsubid": 0,
              "refobjid": 38533,
              "refclassid": 3079
            },
            {
              "objid": 39164,
              "classid": 1255,
              "deptype": "e",
              "extname": "btree_gist",
              "identity": "public.gbt_bool_picksplit(internal,internal)",
              "objsubid": 0,
              "refobjid": 38533,
              "refclassid": 3079
            },
            {
              "objid": 39165,
              "classid": 1255,
              "deptype": "e",
              "extname": "btree_gist",
              "identity": "public.gbt_bool_union(internal,internal)",
              "objsubid": 0,
              "refobjid": 38533,
              "refclassid": 3079
            },
            {
              "objid": 39166,
              "classid": 1255,
              "deptype": "e",
              "extname": "btree_gist",
              "identity": "public.gbt_bool_same(gbtreekey2,gbtreekey2,internal)",
              "objsubid": 0,
              "refobjid": 38533,
              "refclassid": 3079
            },
            {
              "objid": 38590,
              "classid": 2616,
              "deptype": "e",
              "extname": "btree_gist",
              "identity": "38590",
              "objsubid": 0,
              "refobjid": 38533,
              "refclassid": 3079
            },
            {
              "objid": 38616,
              "classid": 2616,
              "deptype": "e",
              "extname": "btree_gist",
              "identity": "38616",
              "objsubid": 0,
              "refobjid": 38533,
              "refclassid": 3079
            },
            {
              "objid": 38642,
              "classid": 2616,
              "deptype": "e",
              "extname": "btree_gist",
              "identity": "38642",
              "objsubid": 0,
              "refobjid": 38533,
              "refclassid": 3079
            },
            {
              "objid": 38668,
              "classid": 2616,
              "deptype": "e",
              "extname": "btree_gist",
              "identity": "38668",
              "objsubid": 0,
              "refobjid": 38533,
              "refclassid": 3079
            },
            {
              "objid": 38694,
              "classid": 2616,
              "deptype": "e",
              "extname": "btree_gist",
              "identity": "38694",
              "objsubid": 0,
              "refobjid": 38533,
              "refclassid": 3079
            },
            {
              "objid": 38720,
              "classid": 2616,
              "deptype": "e",
              "extname": "btree_gist",
              "identity": "38720",
              "objsubid": 0,
              "refobjid": 38533,
              "refclassid": 3079
            },
            {
              "objid": 38749,
              "classid": 2616,
              "deptype": "e",
              "extname": "btree_gist",
              "identity": "38749",
              "objsubid": 0,
              "refobjid": 38533,
              "refclassid": 3079
            },
            {
              "objid": 38767,
              "classid": 2616,
              "deptype": "e",
              "extname": "btree_gist",
              "identity": "38767",
              "objsubid": 0,
              "refobjid": 38533,
              "refclassid": 3079
            },
            {
              "objid": 38795,
              "classid": 2616,
              "deptype": "e",
              "extname": "btree_gist",
              "identity": "38795",
              "objsubid": 0,
              "refobjid": 38533,
              "refclassid": 3079
            },
            {
              "objid": 38813,
              "classid": 2616,
              "deptype": "e",
              "extname": "btree_gist",
              "identity": "38813",
              "objsubid": 0,
              "refobjid": 38533,
              "refclassid": 3079
            },
            {
              "objid": 38836,
              "classid": 2616,
              "deptype": "e",
              "extname": "btree_gist",
              "identity": "38836",
              "objsubid": 0,
              "refobjid": 38533,
              "refclassid": 3079
            },
            {
              "objid": 38863,
              "classid": 2616,
              "deptype": "e",
              "extname": "btree_gist",
              "identity": "38863",
              "objsubid": 0,
              "refobjid": 38533,
              "refclassid": 3079
            },
            {
              "objid": 38889,
              "classid": 2616,
              "deptype": "e",
              "extname": "btree_gist",
              "identity": "38889",
              "objsubid": 0,
              "refobjid": 38533,
              "refclassid": 3079
            },
            {
              "objid": 38914,
              "classid": 2616,
              "deptype": "e",
              "extname": "btree_gist",
              "identity": "38914",
              "objsubid": 0,
              "refobjid": 38533,
              "refclassid": 3079
            },
            {
              "objid": 38938,
              "classid": 2616,
              "deptype": "e",
              "extname": "btree_gist",
              "identity": "38938",
              "objsubid": 0,
              "refobjid": 38533,
              "refclassid": 3079
            },
            {
              "objid": 38954,
              "classid": 2616,
              "deptype": "e",
              "extname": "btree_gist",
              "identity": "38954",
              "objsubid": 0,
              "refobjid": 38533,
              "refclassid": 3079
            },
            {
              "objid": 38976,
              "classid": 2616,
              "deptype": "e",
              "extname": "btree_gist",
              "identity": "38976",
              "objsubid": 0,
              "refobjid": 38533,
              "refclassid": 3079
            },
            {
              "objid": 38998,
              "classid": 2616,
              "deptype": "e",
              "extname": "btree_gist",
              "identity": "38998",
              "objsubid": 0,
              "refobjid": 38533,
              "refclassid": 3079
            },
            {
              "objid": 39020,
              "classid": 2616,
              "deptype": "e",
              "extname": "btree_gist",
              "identity": "39020",
              "objsubid": 0,
              "refobjid": 38533,
              "refclassid": 3079
            },
            {
              "objid": 39036,
              "classid": 2616,
              "deptype": "e",
              "extname": "btree_gist",
              "identity": "39036",
              "objsubid": 0,
              "refobjid": 38533,
              "refclassid": 3079
            },
            {
              "objid": 39058,
              "classid": 2616,
              "deptype": "e",
              "extname": "btree_gist",
              "identity": "39058",
              "objsubid": 0,
              "refobjid": 38533,
              "refclassid": 3079
            },
            {
              "objid": 39073,
              "classid": 2616,
              "deptype": "e",
              "extname": "btree_gist",
              "identity": "39073",
              "objsubid": 0,
              "refobjid": 38533,
              "refclassid": 3079
            },
            {
              "objid": 39095,
              "classid": 2616,
              "deptype": "e",
              "extname": "btree_gist",
              "identity": "39095",
              "objsubid": 0,
              "refobjid": 38533,
              "refclassid": 3079
            },
            {
              "objid": 39118,
              "classid": 2616,
              "deptype": "e",
              "extname": "btree_gist",
              "identity": "39118",
              "objsubid": 0,
              "refobjid": 38533,
              "refclassid": 3079
            },
            {
              "objid": 39141,
              "classid": 2616,
              "deptype": "e",
              "extname": "btree_gist",
              "identity": "39141",
              "objsubid": 0,
              "refobjid": 38533,
              "refclassid": 3079
            },
            {
              "objid": 39168,
              "classid": 2616,
              "deptype": "e",
              "extname": "btree_gist",
              "identity": "39168",
              "objsubid": 0,
              "refobjid": 38533,
              "refclassid": 3079
            },
            {
              "objid": 38555,
              "classid": 2617,
              "deptype": "e",
              "extname": "btree_gist",
              "identity": "38555",
              "objsubid": 0,
              "refobjid": 38533,
              "refclassid": 3079
            },
            {
              "objid": 38557,
              "classid": 2617,
              "deptype": "e",
              "extname": "btree_gist",
              "identity": "38557",
              "objsubid": 0,
              "refobjid": 38533,
              "refclassid": 3079
            },
            {
              "objid": 38559,
              "classid": 2617,
              "deptype": "e",
              "extname": "btree_gist",
              "identity": "38559",
              "objsubid": 0,
              "refobjid": 38533,
              "refclassid": 3079
            },
            {
              "objid": 38561,
              "classid": 2617,
              "deptype": "e",
              "extname": "btree_gist",
              "identity": "38561",
              "objsubid": 0,
              "refobjid": 38533,
              "refclassid": 3079
            },
            {
              "objid": 38563,
              "classid": 2617,
              "deptype": "e",
              "extname": "btree_gist",
              "identity": "38563",
              "objsubid": 0,
              "refobjid": 38533,
              "refclassid": 3079
            },
            {
              "objid": 38565,
              "classid": 2617,
              "deptype": "e",
              "extname": "btree_gist",
              "identity": "38565",
              "objsubid": 0,
              "refobjid": 38533,
              "refclassid": 3079
            },
            {
              "objid": 38567,
              "classid": 2617,
              "deptype": "e",
              "extname": "btree_gist",
              "identity": "38567",
              "objsubid": 0,
              "refobjid": 38533,
              "refclassid": 3079
            },
            {
              "objid": 38569,
              "classid": 2617,
              "deptype": "e",
              "extname": "btree_gist",
              "identity": "38569",
              "objsubid": 0,
              "refobjid": 38533,
              "refclassid": 3079
            },
            {
              "objid": 38571,
              "classid": 2617,
              "deptype": "e",
              "extname": "btree_gist",
              "identity": "38571",
              "objsubid": 0,
              "refobjid": 38533,
              "refclassid": 3079
            },
            {
              "objid": 38573,
              "classid": 2617,
              "deptype": "e",
              "extname": "btree_gist",
              "identity": "38573",
              "objsubid": 0,
              "refobjid": 38533,
              "refclassid": 3079
            },
            {
              "objid": 38575,
              "classid": 2617,
              "deptype": "e",
              "extname": "btree_gist",
              "identity": "38575",
              "objsubid": 0,
              "refobjid": 38533,
              "refclassid": 3079
            },
            {
              "objid": 38577,
              "classid": 2617,
              "deptype": "e",
              "extname": "btree_gist",
              "identity": "38577",
              "objsubid": 0,
              "refobjid": 38533,
              "refclassid": 3079
            },
            {
              "objid": 38589,
              "classid": 2753,
              "deptype": "e",
              "extname": "btree_gist",
              "identity": "38589",
              "objsubid": 0,
              "refobjid": 38533,
              "refclassid": 3079
            },
            {
              "objid": 38615,
              "classid": 2753,
              "deptype": "e",
              "extname": "btree_gist",
              "identity": "38615",
              "objsubid": 0,
              "refobjid": 38533,
              "refclassid": 3079
            },
            {
              "objid": 38641,
              "classid": 2753,
              "deptype": "e",
              "extname": "btree_gist",
              "identity": "38641",
              "objsubid": 0,
              "refobjid": 38533,
              "refclassid": 3079
            },
            {
              "objid": 38667,
              "classid": 2753,
              "deptype": "e",
              "extname": "btree_gist",
              "identity": "38667",
              "objsubid": 0,
              "refobjid": 38533,
              "refclassid": 3079
            },
            {
              "objid": 38693,
              "classid": 2753,
              "deptype": "e",
              "extname": "btree_gist",
              "identity": "38693",
              "objsubid": 0,
              "refobjid": 38533,
              "refclassid": 3079
            },
            {
              "objid": 38719,
              "classid": 2753,
              "deptype": "e",
              "extname": "btree_gist",
              "identity": "38719",
              "objsubid": 0,
              "refobjid": 38533,
              "refclassid": 3079
            },
            {
              "objid": 38748,
              "classid": 2753,
              "deptype": "e",
              "extname": "btree_gist",
              "identity": "38748",
              "objsubid": 0,
              "refobjid": 38533,
              "refclassid": 3079
            },
            {
              "objid": 38766,
              "classid": 2753,
              "deptype": "e",
              "extname": "btree_gist",
              "identity": "38766",
              "objsubid": 0,
              "refobjid": 38533,
              "refclassid": 3079
            },
            {
              "objid": 38794,
              "classid": 2753,
              "deptype": "e",
              "extname": "btree_gist",
              "identity": "38794",
              "objsubid": 0,
              "refobjid": 38533,
              "refclassid": 3079
            },
            {
              "objid": 38812,
              "classid": 2753,
              "deptype": "e",
              "extname": "btree_gist",
              "identity": "38812",
              "objsubid": 0,
              "refobjid": 38533,
              "refclassid": 3079
            },
            {
              "objid": 38835,
              "classid": 2753,
              "deptype": "e",
              "extname": "btree_gist",
              "identity": "38835",
              "objsubid": 0,
              "refobjid": 38533,
              "refclassid": 3079
            },
            {
              "objid": 38862,
              "classid": 2753,
              "deptype": "e",
              "extname": "btree_gist",
              "identity": "38862",
              "objsubid": 0,
              "refobjid": 38533,
              "refclassid": 3079
            },
            {
              "objid": 38888,
              "classid": 2753,
              "deptype": "e",
              "extname": "btree_gist",
              "identity": "38888",
              "objsubid": 0,
              "refobjid": 38533,
              "refclassid": 3079
            },
            {
              "objid": 38913,
              "classid": 2753,
              "deptype": "e",
              "extname": "btree_gist",
              "identity": "38913",
              "objsubid": 0,
              "refobjid": 38533,
              "refclassid": 3079
            },
            {
              "objid": 38937,
              "classid": 2753,
              "deptype": "e",
              "extname": "btree_gist",
              "identity": "38937",
              "objsubid": 0,
              "refobjid": 38533,
              "refclassid": 3079
            },
            {
              "objid": 38953,
              "classid": 2753,
              "deptype": "e",
              "extname": "btree_gist",
              "identity": "38953",
              "objsubid": 0,
              "refobjid": 38533,
              "refclassid": 3079
            },
            {
              "objid": 38975,
              "classid": 2753,
              "deptype": "e",
              "extname": "btree_gist",
              "identity": "38975",
              "objsubid": 0,
              "refobjid": 38533,
              "refclassid": 3079
            },
            {
              "objid": 38997,
              "classid": 2753,
              "deptype": "e",
              "extname": "btree_gist",
              "identity": "38997",
              "objsubid": 0,
              "refobjid": 38533,
              "refclassid": 3079
            },
            {
              "objid": 39019,
              "classid": 2753,
              "deptype": "e",
              "extname": "btree_gist",
              "identity": "39019",
              "objsubid": 0,
              "refobjid": 38533,
              "refclassid": 3079
            },
            {
              "objid": 39035,
              "classid": 2753,
              "deptype": "e",
              "extname": "btree_gist",
              "identity": "39035",
              "objsubid": 0,
              "refobjid": 38533,
              "refclassid": 3079
            },
            {
              "objid": 39057,
              "classid": 2753,
              "deptype": "e",
              "extname": "btree_gist",
              "identity": "39057",
              "objsubid": 0,
              "refobjid": 38533,
              "refclassid": 3079
            },
            {
              "objid": 39072,
              "classid": 2753,
              "deptype": "e",
              "extname": "btree_gist",
              "identity": "39072",
              "objsubid": 0,
              "refobjid": 38533,
              "refclassid": 3079
            },
            {
              "objid": 39094,
              "classid": 2753,
              "deptype": "e",
              "extname": "btree_gist",
              "identity": "39094",
              "objsubid": 0,
              "refobjid": 38533,
              "refclassid": 3079
            },
            {
              "objid": 39117,
              "classid": 2753,
              "deptype": "e",
              "extname": "btree_gist",
              "identity": "39117",
              "objsubid": 0,
              "refobjid": 38533,
              "refclassid": 3079
            },
            {
              "objid": 39140,
              "classid": 2753,
              "deptype": "e",
              "extname": "btree_gist",
              "identity": "39140",
              "objsubid": 0,
              "refobjid": 38533,
              "refclassid": 3079
            },
            {
              "objid": 39167,
              "classid": 2753,
              "deptype": "e",
              "extname": "btree_gist",
              "identity": "39167",
              "objsubid": 0,
              "refobjid": 38533,
              "refclassid": 3079
            }
          ]
        },
        "exactSetEqualBeforeAfterReset": true,
        "exactSetEqualAfterResetAfterQual": true,
        "countsAloneInsufficient": true
      }
    },
    {
      "id": "F23_NORMAL_APPLICATION_LOCAL_QUALIFICATION",
      "kind": "scenario",
      "ok": true,
      "capture": "preserve-reset-then-shared-qualify-normal-application-00118-00123",
      "resetApply": 1,
      "sql": null,
      "observedPhase": null,
      "commit": true,
      "rollback": null,
      "replay": false,
      "code": null,
      "verdict": "HOLD",
      "executedTransaction": true,
      "note": "DOCUMENTED QUALIFICATION FIXTURE — NOT A CLEAN 00001–00117 REPLAY AND NOT PRODUCTION-EQUIVALENT",
      "captureCalls": null,
      "transportCalls": null,
      "applyCalls": 1,
      "sqlCalls": null,
      "mutationPhaseReached": false,
      "processStatus": null,
      "signal": null,
      "timeout": null,
      "thrown": false,
      "structuredError": null,
      "streams": null,
      "stdout": null,
      "stderr": null,
      "lockWaitObserved": null,
      "lockSamples": null,
      "preResetCommittedDrift": null,
      "interleaving": null,
      "backendBoundLock": null,
      "holderCommitted": null,
      "holderResult": null,
      "timedOut": null,
      "status": null,
      "appliedSqlIdentity": null,
      "reparseAttestation": null,
      "preFloorVerdict": "QUALIFICATION_BASELINE_PRESERVE_BTREE_GIST_V1",
      "qualifyStatus": "HOLD",
      "qualifyError": "fingerprint expected and observed are not canonically equal",
      "qualifyErrorCode": "F23_FINGERPRINT_MISMATCH",
      "verificationMode": "normal-application",
      "verificationModeRecorded": {
        "ok": true,
        "mode": "normal-application",
        "selectedBeforeDatabaseOperations": true,
        "hostedAuthority": false,
        "faultInjection": false,
        "normalApplication": true,
        "note": "Local verification mode only. Supplies no hosted authority."
      },
      "completeThrough00123": false,
      "migrationsAppliedThrough00123": true,
      "documentedAtomicRollbackHold": false,
      "localApplicationComplete": false,
      "faultInjectionSafetyPass": false,
      "remainingHold": "F23_FINGERPRINT_MISMATCH",
      "classification": {},
      "objectsPresent": true,
      "repairAttempted": false,
      "repairExercised": false,
      "floorInstalled": true,
      "preDbPushGatesOk": true,
      "sequenceLength": 6,
      "historyAfter": 6,
      "historyIdentities": {
        "ok": true,
        "expected": [
          {
            "file": "00118_f3_bounded_financial_epoch_foundation.sql",
            "version": "20260913173000",
            "name": "f3_bounded_financial_epoch_foundation"
          },
          {
            "file": "00119_f3_01_core_ledger_foundation.sql",
            "version": "20260913173001",
            "name": "f3_01_core_ledger_foundation"
          },
          {
            "file": "00120_f3_02_secure_posting_idempotency.sql",
            "version": "20260913173002",
            "name": "f3_02_secure_posting_idempotency"
          },
          {
            "file": "00121_f3_03_projection_read_proof.sql",
            "version": "20260913173003",
            "name": "f3_03_projection_read_proof"
          },
          {
            "file": "00122_f3_04_correction_reversal.sql",
            "version": "20260913173004",
            "name": "f3_04_correction_reversal"
          },
          {
            "file": "00123_f3_05_opening_cash_command.sql",
            "version": "20260913173005",
            "name": "f3_05_opening_cash_command"
          }
        ],
        "observed": [
          {
            "name": "f3_bounded_financial_epoch_foundation",
            "version": "20260913173000"
          },
          {
            "name": "f3_01_core_ledger_foundation",
            "version": "20260913173001"
          },
          {
            "name": "f3_02_secure_posting_idempotency",
            "version": "20260913173002"
          },
          {
            "name": "f3_03_projection_read_proof",
            "version": "20260913173003"
          },
          {
            "name": "f3_04_correction_reversal",
            "version": "20260913173004"
          },
          {
            "name": "f3_05_opening_cash_command",
            "version": "20260913173005"
          }
        ],
        "missing": [],
        "extra": [],
        "count": 6,
        "expectedCount": 6,
        "identities": [
          {
            "file": "00118_f3_bounded_financial_epoch_foundation.sql",
            "version": "20260913173000",
            "name": "f3_bounded_financial_epoch_foundation",
            "present": true
          },
          {
            "file": "00119_f3_01_core_ledger_foundation.sql",
            "version": "20260913173001",
            "name": "f3_01_core_ledger_foundation",
            "present": true
          },
          {
            "file": "00120_f3_02_secure_posting_idempotency.sql",
            "version": "20260913173002",
            "name": "f3_02_secure_posting_idempotency",
            "present": true
          },
          {
            "file": "00121_f3_03_projection_read_proof.sql",
            "version": "20260913173003",
            "name": "f3_03_projection_read_proof",
            "present": true
          },
          {
            "file": "00122_f3_04_correction_reversal.sql",
            "version": "20260913173004",
            "name": "f3_04_correction_reversal",
            "present": true
          },
          {
            "file": "00123_f3_05_opening_cash_command.sql",
            "version": "20260913173005",
            "name": "f3_05_opening_cash_command",
            "present": true
          }
        ]
      },
      "expectedHistory": 6,
      "operationCounts": {
        "calibrationProbes": 6,
        "migrationApplications": 6,
        "retries": 0,
        "repairs": 0,
        "historyInjects": 0
      },
      "floorCalls": 2,
      "dbPushCalls": 12,
      "repairCalls": 0,
      "substitutedInterfaces": [
        {
          "hosted": "getDisposableProjectIdentity (Management API)",
          "local": "local-fixture identity adapter; not hosted identity proof"
        },
        {
          "hosted": "listDisposableMigrationsViaGet (Management API)",
          "local": "local schema_migrations query via run-owned psql"
        },
        {
          "hosted": "constructImmutableValidatedTargetFromConnection",
          "local": "local-fixture target; production ref still rejected; not hosted identity proof"
        },
        {
          "hosted": "runDbQuery / runGatedRemoteSqlText / runIsolatedPoisonPsqlQuery",
          "local": "local-fixture psql (-t -A -w / -f) against run-owned f3_*"
        },
        {
          "hosted": "installHostedFloor (gated remote psql)",
          "local": "installStubLivePinFloorLocal (same SQL steps, local psql -f)"
        },
        {
          "hosted": "runDbPushCandidate / runFilenameVersionRepair via hosted --db-url",
          "local": "CLI 2.117.0 db push and migration repair as separate commands against local --db-url; not assertConstructedDbUrl hosted pooler"
        }
      ],
      "hostedIdentityProof": false,
      "membership": {
        "beforeReset": {
          "extensionPresent": true,
          "memberCount": 264,
          "identities": [
            "39729",
            "39731",
            "39733",
            "39735",
            "39737",
            "39739",
            "39741",
            "39743",
            "39745",
            "39747",
            "39749",
            "39751",
            "39763",
            "39764",
            "39789",
            "39790",
            "39815",
            "39816",
            "39841",
            "39842",
            "39867",
            "39868",
            "39893",
            "39894",
            "39922",
            "39923",
            "39940",
            "39941",
            "39968",
            "39969",
            "39986",
            "39987",
            "40009",
            "40010",
            "40036",
            "40037",
            "40062",
            "40063",
            "40087",
            "40088",
            "40111",
            "40112",
            "40127",
            "40128",
            "40149",
            "40150",
            "40171",
            "40172",
            "40193",
            "40194",
            "40209",
            "40210",
            "40231",
            "40232",
            "40246",
            "40247",
            "40268",
            "40269",
            "40291",
            "40292",
            "40314",
            "40315",
            "40341",
            "40342",
            "public._gbtreekey16",
            "public._gbtreekey2",
            "public._gbtreekey32",
            "public._gbtreekey4",
            "public._gbtreekey8",
            "public._gbtreekey_var",
            "public.cash_dist(money,money)",
            "public.date_dist(date,date)",
            "public.float4_dist(real,real)",
            "public.float8_dist(double precision,double precision)",
            "public.gbt_bit_compress(internal)",
            "public.gbt_bit_consistent(internal,bit,smallint,oid,internal)",
            "public.gbt_bit_penalty(internal,internal,internal)",
            "public.gbt_bit_picksplit(internal,internal)",
            "public.gbt_bit_same(gbtreekey_var,gbtreekey_var,internal)",
            "public.gbt_bit_union(internal,internal)",
            "public.gbt_bool_compress(internal)",
            "public.gbt_bool_consistent(internal,boolean,smallint,oid,internal)",
            "public.gbt_bool_fetch(internal)",
            "public.gbt_bool_penalty(internal,internal,internal)",
            "public.gbt_bool_picksplit(internal,internal)",
            "public.gbt_bool_same(gbtreekey2,gbtreekey2,internal)",
            "public.gbt_bool_union(internal,internal)",
            "public.gbt_bpchar_compress(internal)",
            "public.gbt_bpchar_consistent(internal,character,smallint,oid,internal)",
            "public.gbt_bytea_compress(internal)",
            "public.gbt_bytea_consistent(internal,bytea,smallint,oid,internal)",
            "public.gbt_bytea_penalty(internal,internal,internal)",
            "public.gbt_bytea_picksplit(internal,internal)",
            "public.gbt_bytea_same(gbtreekey_var,gbtreekey_var,internal)",
            "public.gbt_bytea_union(internal,internal)",
            "public.gbt_cash_compress(internal)",
            "public.gbt_cash_consistent(internal,money,smallint,oid,internal)",
            "public.gbt_cash_distance(internal,money,smallint,oid,internal)",
            "public.gbt_cash_fetch(internal)",
            "public.gbt_cash_penalty(internal,internal,internal)",
            "public.gbt_cash_picksplit(internal,internal)",
            "public.gbt_cash_same(gbtreekey16,gbtreekey16,internal)",
            "public.gbt_cash_union(internal,internal)",
            "public.gbt_date_compress(internal)",
            "public.gbt_date_consistent(internal,date,smallint,oid,internal)",
            "public.gbt_date_distance(internal,date,smallint,oid,internal)",
            "public.gbt_date_fetch(internal)",
            "public.gbt_date_penalty(internal,internal,internal)",
            "public.gbt_date_picksplit(internal,internal)",
            "public.gbt_date_same(gbtreekey8,gbtreekey8,internal)",
            "public.gbt_date_union(internal,internal)",
            "public.gbt_decompress(internal)",
            "public.gbt_enum_compress(internal)",
            "public.gbt_enum_consistent(internal,anyenum,smallint,oid,internal)",
            "public.gbt_enum_fetch(internal)",
            "public.gbt_enum_penalty(internal,internal,internal)",
            "public.gbt_enum_picksplit(internal,internal)",
            "public.gbt_enum_same(gbtreekey8,gbtreekey8,internal)",
            "public.gbt_enum_union(internal,internal)",
            "public.gbt_float4_compress(internal)",
            "public.gbt_float4_consistent(internal,real,smallint,oid,internal)",
            "public.gbt_float4_distance(internal,real,smallint,oid,internal)",
            "public.gbt_float4_fetch(internal)",
            "public.gbt_float4_penalty(internal,internal,internal)",
            "public.gbt_float4_picksplit(internal,internal)",
            "public.gbt_float4_same(gbtreekey8,gbtreekey8,internal)",
            "public.gbt_float4_union(internal,internal)",
            "public.gbt_float8_compress(internal)",
            "public.gbt_float8_consistent(internal,double precision,smallint,oid,internal)",
            "public.gbt_float8_distance(internal,double precision,smallint,oid,internal)",
            "public.gbt_float8_fetch(internal)",
            "public.gbt_float8_penalty(internal,internal,internal)",
            "public.gbt_float8_picksplit(internal,internal)",
            "public.gbt_float8_same(gbtreekey16,gbtreekey16,internal)",
            "public.gbt_float8_union(internal,internal)",
            "public.gbt_inet_compress(internal)",
            "public.gbt_inet_consistent(internal,inet,smallint,oid,internal)",
            "public.gbt_inet_penalty(internal,internal,internal)",
            "public.gbt_inet_picksplit(internal,internal)",
            "public.gbt_inet_same(gbtreekey16,gbtreekey16,internal)",
            "public.gbt_inet_union(internal,internal)",
            "public.gbt_int2_compress(internal)",
            "public.gbt_int2_consistent(internal,smallint,smallint,oid,internal)",
            "public.gbt_int2_distance(internal,smallint,smallint,oid,internal)",
            "public.gbt_int2_fetch(internal)",
            "public.gbt_int2_penalty(internal,internal,internal)",
            "public.gbt_int2_picksplit(internal,internal)",
            "public.gbt_int2_same(gbtreekey4,gbtreekey4,internal)",
            "public.gbt_int2_union(internal,internal)",
            "public.gbt_int4_compress(internal)",
            "public.gbt_int4_consistent(internal,integer,smallint,oid,internal)",
            "public.gbt_int4_distance(internal,integer,smallint,oid,internal)",
            "public.gbt_int4_fetch(internal)",
            "public.gbt_int4_penalty(internal,internal,internal)",
            "public.gbt_int4_picksplit(internal,internal)",
            "public.gbt_int4_same(gbtreekey8,gbtreekey8,internal)",
            "public.gbt_int4_union(internal,internal)",
            "public.gbt_int8_compress(internal)",
            "public.gbt_int8_consistent(internal,bigint,smallint,oid,internal)",
            "public.gbt_int8_distance(internal,bigint,smallint,oid,internal)",
            "public.gbt_int8_fetch(internal)",
            "public.gbt_int8_penalty(internal,internal,internal)",
            "public.gbt_int8_picksplit(internal,internal)",
            "public.gbt_int8_same(gbtreekey16,gbtreekey16,internal)",
            "public.gbt_int8_union(internal,internal)",
            "public.gbt_intv_compress(internal)",
            "public.gbt_intv_consistent(internal,interval,smallint,oid,internal)",
            "public.gbt_intv_decompress(internal)",
            "public.gbt_intv_distance(internal,interval,smallint,oid,internal)",
            "public.gbt_intv_fetch(internal)",
            "public.gbt_intv_penalty(internal,internal,internal)",
            "public.gbt_intv_picksplit(internal,internal)",
            "public.gbt_intv_same(gbtreekey32,gbtreekey32,internal)",
            "public.gbt_intv_union(internal,internal)",
            "public.gbt_macad8_compress(internal)",
            "public.gbt_macad8_consistent(internal,macaddr8,smallint,oid,internal)",
            "public.gbt_macad8_fetch(internal)",
            "public.gbt_macad8_penalty(internal,internal,internal)",
            "public.gbt_macad8_picksplit(internal,internal)",
            "public.gbt_macad8_same(gbtreekey16,gbtreekey16,internal)",
            "public.gbt_macad8_union(internal,internal)",
            "public.gbt_macad_compress(internal)",
            "public.gbt_macad_consistent(internal,macaddr,smallint,oid,internal)",
            "public.gbt_macad_fetch(internal)",
            "public.gbt_macad_penalty(internal,internal,internal)",
            "public.gbt_macad_picksplit(internal,internal)",
            "public.gbt_macad_same(gbtreekey16,gbtreekey16,internal)",
            "public.gbt_macad_union(internal,internal)",
            "public.gbt_numeric_compress(internal)",
            "public.gbt_numeric_consistent(internal,numeric,smallint,oid,internal)",
            "public.gbt_numeric_penalty(internal,internal,internal)",
            "public.gbt_numeric_picksplit(internal,internal)",
            "public.gbt_numeric_same(gbtreekey_var,gbtreekey_var,internal)",
            "public.gbt_numeric_union(internal,internal)",
            "public.gbt_oid_compress(internal)",
            "public.gbt_oid_consistent(internal,oid,smallint,oid,internal)",
            "public.gbt_oid_distance(internal,oid,smallint,oid,internal)",
            "public.gbt_oid_fetch(internal)",
            "public.gbt_oid_penalty(internal,internal,internal)",
            "public.gbt_oid_picksplit(internal,internal)",
            "public.gbt_oid_same(gbtreekey8,gbtreekey8,internal)",
            "public.gbt_oid_union(internal,internal)",
            "public.gbt_text_compress(internal)",
            "public.gbt_text_consistent(internal,text,smallint,oid,internal)",
            "public.gbt_text_penalty(internal,internal,internal)",
            "public.gbt_text_picksplit(internal,internal)",
            "public.gbt_text_same(gbtreekey_var,gbtreekey_var,internal)",
            "public.gbt_text_union(internal,internal)",
            "public.gbt_time_compress(internal)",
            "public.gbt_time_consistent(internal,time without time zone,smallint,oid,internal)",
            "public.gbt_time_distance(internal,time without time zone,smallint,oid,internal)",
            "public.gbt_time_fetch(internal)",
            "public.gbt_time_penalty(internal,internal,internal)",
            "public.gbt_time_picksplit(internal,internal)",
            "public.gbt_time_same(gbtreekey16,gbtreekey16,internal)",
            "public.gbt_time_union(internal,internal)",
            "public.gbt_timetz_compress(internal)",
            "public.gbt_timetz_consistent(internal,time with time zone,smallint,oid,internal)",
            "public.gbt_ts_compress(internal)",
            "public.gbt_ts_consistent(internal,timestamp without time zone,smallint,oid,internal)",
            "public.gbt_ts_distance(internal,timestamp without time zone,smallint,oid,internal)",
            "public.gbt_ts_fetch(internal)",
            "public.gbt_ts_penalty(internal,internal,internal)",
            "public.gbt_ts_picksplit(internal,internal)",
            "public.gbt_ts_same(gbtreekey16,gbtreekey16,internal)",
            "public.gbt_ts_union(internal,internal)",
            "public.gbt_tstz_compress(internal)",
            "public.gbt_tstz_consistent(internal,timestamp with time zone,smallint,oid,internal)",
            "public.gbt_tstz_distance(internal,timestamp with time zone,smallint,oid,internal)",
            "public.gbt_uuid_compress(internal)",
            "public.gbt_uuid_consistent(internal,uuid,smallint,oid,internal)",
            "public.gbt_uuid_fetch(internal)",
            "public.gbt_uuid_penalty(internal,internal,internal)",
            "public.gbt_uuid_picksplit(internal,internal)",
            "public.gbt_uuid_same(gbtreekey32,gbtreekey32,internal)",
            "public.gbt_uuid_union(internal,internal)",
            "public.gbt_var_decompress(internal)",
            "public.gbt_var_fetch(internal)",
            "public.gbtreekey16",
            "public.gbtreekey16_in(cstring)",
            "public.gbtreekey16_out(gbtreekey16)",
            "public.gbtreekey2",
            "public.gbtreekey2_in(cstring)",
            "public.gbtreekey2_out(gbtreekey2)",
            "public.gbtreekey32",
            "public.gbtreekey32_in(cstring)",
            "public.gbtreekey32_out(gbtreekey32)",
            "public.gbtreekey4",
            "public.gbtreekey4_in(cstring)",
            "public.gbtreekey4_out(gbtreekey4)",
            "public.gbtreekey8",
            "public.gbtreekey8_in(cstring)",
            "public.gbtreekey8_out(gbtreekey8)",
            "public.gbtreekey_var",
            "public.gbtreekey_var_in(cstring)",
            "public.gbtreekey_var_out(gbtreekey_var)",
            "public.int2_dist(smallint,smallint)",
            "public.int4_dist(integer,integer)",
            "public.int8_dist(bigint,bigint)",
            "public.interval_dist(interval,interval)",
            "public.oid_dist(oid,oid)",
            "public.time_dist(time without time zone,time without time zone)",
            "public.ts_dist(timestamp without time zone,timestamp without time zone)",
            "public.tstz_dist(timestamp with time zone,timestamp with time zone)"
          ],
          "tuples": [
            {
              "objid": 39708,
              "classid": 1247,
              "deptype": "e",
              "extname": "btree_gist",
              "identity": "public.gbtreekey4",
              "objsubid": 0,
              "refobjid": 39707,
              "refclassid": 3079
            },
            {
              "objid": 39711,
              "classid": 1247,
              "deptype": "e",
              "extname": "btree_gist",
              "identity": "public._gbtreekey4",
              "objsubid": 0,
              "refobjid": 39707,
              "refclassid": 3079
            },
            {
              "objid": 39712,
              "classid": 1247,
              "deptype": "e",
              "extname": "btree_gist",
              "identity": "public.gbtreekey8",
              "objsubid": 0,
              "refobjid": 39707,
              "refclassid": 3079
            },
            {
              "objid": 39715,
              "classid": 1247,
              "deptype": "e",
              "extname": "btree_gist",
              "identity": "public._gbtreekey8",
              "objsubid": 0,
              "refobjid": 39707,
              "refclassid": 3079
            },
            {
              "objid": 39716,
              "classid": 1247,
              "deptype": "e",
              "extname": "btree_gist",
              "identity": "public.gbtreekey16",
              "objsubid": 0,
              "refobjid": 39707,
              "refclassid": 3079
            },
            {
              "objid": 39719,
              "classid": 1247,
              "deptype": "e",
              "extname": "btree_gist",
              "identity": "public._gbtreekey16",
              "objsubid": 0,
              "refobjid": 39707,
              "refclassid": 3079
            },
            {
              "objid": 39720,
              "classid": 1247,
              "deptype": "e",
              "extname": "btree_gist",
              "identity": "public.gbtreekey32",
              "objsubid": 0,
              "refobjid": 39707,
              "refclassid": 3079
            },
            {
              "objid": 39723,
              "classid": 1247,
              "deptype": "e",
              "extname": "btree_gist",
              "identity": "public._gbtreekey32",
              "objsubid": 0,
              "refobjid": 39707,
              "refclassid": 3079
            },
            {
              "objid": 39724,
              "classid": 1247,
              "deptype": "e",
              "extname": "btree_gist",
              "identity": "public.gbtreekey_var",
              "objsubid": 0,
              "refobjid": 39707,
              "refclassid": 3079
            },
            {
              "objid": 39727,
              "classid": 1247,
              "deptype": "e",
              "extname": "btree_gist",
              "identity": "public._gbtreekey_var",
              "objsubid": 0,
              "refobjid": 39707,
              "refclassid": 3079
            },
            {
              "objid": 40330,
              "classid": 1247,
              "deptype": "e",
              "extname": "btree_gist",
              "identity": "public.gbtreekey2",
              "objsubid": 0,
              "refobjid": 39707,
              "refclassid": 3079
            },
            {
              "objid": 40333,
              "classid": 1247,
              "deptype": "e",
              "extname": "btree_gist",
              "identity": "public._gbtreekey2",
              "objsubid": 0,
              "refobjid": 39707,
              "refclassid": 3079
            },
            {
              "objid": 39709,
              "classid": 1255,
              "deptype": "e",
              "extname": "btree_gist",
              "identity": "public.gbtreekey4_in(cstring)",
              "objsubid": 0,
              "refobjid": 39707,
              "refclassid": 3079
            },
            {
              "objid": 39710,
              "classid": 1255,
              "deptype": "e",
              "extname": "btree_gist",
              "identity": "public.gbtreekey4_out(gbtreekey4)",
              "objsubid": 0,
              "refobjid": 39707,
              "refclassid": 3079
            },
            {
              "objid": 39713,
              "classid": 1255,
              "deptype": "e",
              "extname": "btree_gist",
              "identity": "public.gbtreekey8_in(cstring)",
              "objsubid": 0,
              "refobjid": 39707,
              "refclassid": 3079
            },
            {
              "objid": 39714,
              "classid": 1255,
              "deptype": "e",
              "extname": "btree_gist",
              "identity": "public.gbtreekey8_out(gbtreekey8)",
              "objsubid": 0,
              "refobjid": 39707,
              "refclassid": 3079
            },
            {
              "objid": 39717,
              "classid": 1255,
              "deptype": "e",
              "extname": "btree_gist",
              "identity": "public.gbtreekey16_in(cstring)",
              "objsubid": 0,
              "refobjid": 39707,
              "refclassid": 3079
            },
            {
              "objid": 39718,
              "classid": 1255,
              "deptype": "e",
              "extname": "btree_gist",
              "identity": "public.gbtreekey16_out(gbtreekey16)",
              "objsubid": 0,
              "refobjid": 39707,
              "refclassid": 3079
            },
            {
              "objid": 39721,
              "classid": 1255,
              "deptype": "e",
              "extname": "btree_gist",
              "identity": "public.gbtreekey32_in(cstring)",
              "objsubid": 0,
              "refobjid": 39707,
              "refclassid": 3079
            },
            {
              "objid": 39722,
              "classid": 1255,
              "deptype": "e",
              "extname": "btree_gist",
              "identity": "public.gbtreekey32_out(gbtreekey32)",
              "objsubid": 0,
              "refobjid": 39707,
              "refclassid": 3079
            },
            {
              "objid": 39725,
              "classid": 1255,
              "deptype": "e",
              "extname": "btree_gist",
              "identity": "public.gbtreekey_var_in(cstring)",
              "objsubid": 0,
              "refobjid": 39707,
              "refclassid": 3079
            },
            {
              "objid": 39726,
              "classid": 1255,
              "deptype": "e",
              "extname": "btree_gist",
              "identity": "public.gbtreekey_var_out(gbtreekey_var)",
              "objsubid": 0,
              "refobjid": 39707,
              "refclassid": 3079
            },
            {
              "objid": 39728,
              "classid": 1255,
              "deptype": "e",
              "extname": "btree_gist",
              "identity": "public.cash_dist(money,money)",
              "objsubid": 0,
              "refobjid": 39707,
              "refclassid": 3079
            },
            {
              "objid": 39730,
              "classid": 1255,
              "deptype": "e",
              "extname": "btree_gist",
              "identity": "public.date_dist(date,date)",
              "objsubid": 0,
              "refobjid": 39707,
              "refclassid": 3079
            },
            {
              "objid": 39732,
              "classid": 1255,
              "deptype": "e",
              "extname": "btree_gist",
              "identity": "public.float4_dist(real,real)",
              "objsubid": 0,
              "refobjid": 39707,
              "refclassid": 3079
            },
            {
              "objid": 39734,
              "classid": 1255,
              "deptype": "e",
              "extname": "btree_gist",
              "identity": "public.float8_dist(double precision,double precision)",
              "objsubid": 0,
              "refobjid": 39707,
              "refclassid": 3079
            },
            {
              "objid": 39736,
              "classid": 1255,
              "deptype": "e",
              "extname": "btree_gist",
              "identity": "public.int2_dist(smallint,smallint)",
              "objsubid": 0,
              "refobjid": 39707,
              "refclassid": 3079
            },
            {
              "objid": 39738,
              "classid": 1255,
              "deptype": "e",
              "extname": "btree_gist",
              "identity": "public.int4_dist(integer,integer)",
              "objsubid": 0,
              "refobjid": 39707,
              "refclassid": 3079
            },
            {
              "objid": 39740,
              "classid": 1255,
              "deptype": "e",
              "extname": "btree_gist",
              "identity": "public.int8_dist(bigint,bigint)",
              "objsubid": 0,
              "refobjid": 39707,
              "refclassid": 3079
            },
            {
              "objid": 39742,
              "classid": 1255,
              "deptype": "e",
              "extname": "btree_gist",
              "identity": "public.interval_dist(interval,interval)",
              "objsubid": 0,
              "refobjid": 39707,
              "refclassid": 3079
            },
            {
              "objid": 39744,
              "classid": 1255,
              "deptype": "e",
              "extname": "btree_gist",
              "identity": "public.oid_dist(oid,oid)",
              "objsubid": 0,
              "refobjid": 39707,
              "refclassid": 3079
            },
            {
              "objid": 39746,
              "classid": 1255,
              "deptype": "e",
              "extname": "btree_gist",
              "identity": "public.time_dist(time without time zone,time without time zone)",
              "objsubid": 0,
              "refobjid": 39707,
              "refclassid": 3079
            },
            {
              "objid": 39748,
              "classid": 1255,
              "deptype": "e",
              "extname": "btree_gist",
              "identity": "public.ts_dist(timestamp without time zone,timestamp without time zone)",
              "objsubid": 0,
              "refobjid": 39707,
              "refclassid": 3079
            },
            {
              "objid": 39750,
              "classid": 1255,
              "deptype": "e",
              "extname": "btree_gist",
              "identity": "public.tstz_dist(timestamp with time zone,timestamp with time zone)",
              "objsubid": 0,
              "refobjid": 39707,
              "refclassid": 3079
            },
            {
              "objid": 39752,
              "classid": 1255,
              "deptype": "e",
              "extname": "btree_gist",
              "identity": "public.gbt_oid_consistent(internal,oid,smallint,oid,internal)",
              "objsubid": 0,
              "refobjid": 39707,
              "refclassid": 3079
            },
            {
              "objid": 39753,
              "classid": 1255,
              "deptype": "e",
              "extname": "btree_gist",
              "identity": "public.gbt_oid_distance(internal,oid,smallint,oid,internal)",
              "objsubid": 0,
              "refobjid": 39707,
              "refclassid": 3079
            },
            {
              "objid": 39754,
              "classid": 1255,
              "deptype": "e",
              "extname": "btree_gist",
              "identity": "public.gbt_oid_fetch(internal)",
              "objsubid": 0,
              "refobjid": 39707,
              "refclassid": 3079
            },
            {
              "objid": 39755,
              "classid": 1255,
              "deptype": "e",
              "extname": "btree_gist",
              "identity": "public.gbt_oid_compress(internal)",
              "objsubid": 0,
              "refobjid": 39707,
              "refclassid": 3079
            },
            {
              "objid": 39756,
              "classid": 1255,
              "deptype": "e",
              "extname": "btree_gist",
              "identity": "public.gbt_decompress(internal)",
              "objsubid": 0,
              "refobjid": 39707,
              "refclassid": 3079
            },
            {
              "objid": 39757,
              "classid": 1255,
              "deptype": "e",
              "extname": "btree_gist",
              "identity": "public.gbt_var_decompress(internal)",
              "objsubid": 0,
              "refobjid": 39707,
              "refclassid": 3079
            },
            {
              "objid": 39758,
              "classid": 1255,
              "deptype": "e",
              "extname": "btree_gist",
              "identity": "public.gbt_var_fetch(internal)",
              "objsubid": 0,
              "refobjid": 39707,
              "refclassid": 3079
            },
            {
              "objid": 39759,
              "classid": 1255,
              "deptype": "e",
              "extname": "btree_gist",
              "identity": "public.gbt_oid_penalty(internal,internal,internal)",
              "objsubid": 0,
              "refobjid": 39707,
              "refclassid": 3079
            },
            {
              "objid": 39760,
              "classid": 1255,
              "deptype": "e",
              "extname": "btree_gist",
              "identity": "public.gbt_oid_picksplit(internal,internal)",
              "objsubid": 0,
              "refobjid": 39707,
              "refclassid": 3079
            },
            {
              "objid": 39761,
              "classid": 1255,
              "deptype": "e",
              "extname": "btree_gist",
              "identity": "public.gbt_oid_union(internal,internal)",
              "objsubid": 0,
              "refobjid": 39707,
              "refclassid": 3079
            },
            {
              "objid": 39762,
              "classid": 1255,
              "deptype": "e",
              "extname": "btree_gist",
              "identity": "public.gbt_oid_same(gbtreekey8,gbtreekey8,internal)",
              "objsubid": 0,
              "refobjid": 39707,
              "refclassid": 3079
            },
            {
              "objid": 39781,
              "classid": 1255,
              "deptype": "e",
              "extname": "btree_gist",
              "identity": "public.gbt_int2_consistent(internal,smallint,smallint,oid,internal)",
              "objsubid": 0,
              "refobjid": 39707,
              "refclassid": 3079
            },
            {
              "objid": 39782,
              "classid": 1255,
              "deptype": "e",
              "extname": "btree_gist",
              "identity": "public.gbt_int2_distance(internal,smallint,smallint,oid,internal)",
              "objsubid": 0,
              "refobjid": 39707,
              "refclassid": 3079
            },
            {
              "objid": 39783,
              "classid": 1255,
              "deptype": "e",
              "extname": "btree_gist",
              "identity": "public.gbt_int2_compress(internal)",
              "objsubid": 0,
              "refobjid": 39707,
              "refclassid": 3079
            },
            {
              "objid": 39784,
              "classid": 1255,
              "deptype": "e",
              "extname": "btree_gist",
              "identity": "public.gbt_int2_fetch(internal)",
              "objsubid": 0,
              "refobjid": 39707,
              "refclassid": 3079
            },
            {
              "objid": 39785,
              "classid": 1255,
              "deptype": "e",
              "extname": "btree_gist",
              "identity": "public.gbt_int2_penalty(internal,internal,internal)",
              "objsubid": 0,
              "refobjid": 39707,
              "refclassid": 3079
            },
            {
              "objid": 39786,
              "classid": 1255,
              "deptype": "e",
              "extname": "btree_gist",
              "identity": "public.gbt_int2_picksplit(internal,internal)",
              "objsubid": 0,
              "refobjid": 39707,
              "refclassid": 3079
            },
            {
              "objid": 39787,
              "classid": 1255,
              "deptype": "e",
              "extname": "btree_gist",
              "identity": "public.gbt_int2_union(internal,internal)",
              "objsubid": 0,
              "refobjid": 39707,
              "refclassid": 3079
            },
            {
              "objid": 39788,
              "classid": 1255,
              "deptype": "e",
              "extname": "btree_gist",
              "identity": "public.gbt_int2_same(gbtreekey4,gbtreekey4,internal)",
              "objsubid": 0,
              "refobjid": 39707,
              "refclassid": 3079
            },
            {
              "objid": 39807,
              "classid": 1255,
              "deptype": "e",
              "extname": "btree_gist",
              "identity": "public.gbt_int4_consistent(internal,integer,smallint,oid,internal)",
              "objsubid": 0,
              "refobjid": 39707,
              "refclassid": 3079
            },
            {
              "objid": 39808,
              "classid": 1255,
              "deptype": "e",
              "extname": "btree_gist",
              "identity": "public.gbt_int4_distance(internal,integer,smallint,oid,internal)",
              "objsubid": 0,
              "refobjid": 39707,
              "refclassid": 3079
            },
            {
              "objid": 39809,
              "classid": 1255,
              "deptype": "e",
              "extname": "btree_gist",
              "identity": "public.gbt_int4_compress(internal)",
              "objsubid": 0,
              "refobjid": 39707,
              "refclassid": 3079
            },
            {
              "objid": 39810,
              "classid": 1255,
              "deptype": "e",
              "extname": "btree_gist",
              "identity": "public.gbt_int4_fetch(internal)",
              "objsubid": 0,
              "refobjid": 39707,
              "refclassid": 3079
            },
            {
              "objid": 39811,
              "classid": 1255,
              "deptype": "e",
              "extname": "btree_gist",
              "identity": "public.gbt_int4_penalty(internal,internal,internal)",
              "objsubid": 0,
              "refobjid": 39707,
              "refclassid": 3079
            },
            {
              "objid": 39812,
              "classid": 1255,
              "deptype": "e",
              "extname": "btree_gist",
              "identity": "public.gbt_int4_picksplit(internal,internal)",
              "objsubid": 0,
              "refobjid": 39707,
              "refclassid": 3079
            },
            {
              "objid": 39813,
              "classid": 1255,
              "deptype": "e",
              "extname": "btree_gist",
              "identity": "public.gbt_int4_union(internal,internal)",
              "objsubid": 0,
              "refobjid": 39707,
              "refclassid": 3079
            },
            {
              "objid": 39814,
              "classid": 1255,
              "deptype": "e",
              "extname": "btree_gist",
              "identity": "public.gbt_int4_same(gbtreekey8,gbtreekey8,internal)",
              "objsubid": 0,
              "refobjid": 39707,
              "refclassid": 3079
            },
            {
              "objid": 39833,
              "classid": 1255,
              "deptype": "e",
              "extname": "btree_gist",
              "identity": "public.gbt_int8_consistent(internal,bigint,smallint,oid,internal)",
              "objsubid": 0,
              "refobjid": 39707,
              "refclassid": 3079
            },
            {
              "objid": 39834,
              "classid": 1255,
              "deptype": "e",
              "extname": "btree_gist",
              "identity": "public.gbt_int8_distance(internal,bigint,smallint,oid,internal)",
              "objsubid": 0,
              "refobjid": 39707,
              "refclassid": 3079
            },
            {
              "objid": 39835,
              "classid": 1255,
              "deptype": "e",
              "extname": "btree_gist",
              "identity": "public.gbt_int8_compress(internal)",
              "objsubid": 0,
              "refobjid": 39707,
              "refclassid": 3079
            },
            {
              "objid": 39836,
              "classid": 1255,
              "deptype": "e",
              "extname": "btree_gist",
              "identity": "public.gbt_int8_fetch(internal)",
              "objsubid": 0,
              "refobjid": 39707,
              "refclassid": 3079
            },
            {
              "objid": 39837,
              "classid": 1255,
              "deptype": "e",
              "extname": "btree_gist",
              "identity": "public.gbt_int8_penalty(internal,internal,internal)",
              "objsubid": 0,
              "refobjid": 39707,
              "refclassid": 3079
            },
            {
              "objid": 39838,
              "classid": 1255,
              "deptype": "e",
              "extname": "btree_gist",
              "identity": "public.gbt_int8_picksplit(internal,internal)",
              "objsubid": 0,
              "refobjid": 39707,
              "refclassid": 3079
            },
            {
              "objid": 39839,
              "classid": 1255,
              "deptype": "e",
              "extname": "btree_gist",
              "identity": "public.gbt_int8_union(internal,internal)",
              "objsubid": 0,
              "refobjid": 39707,
              "refclassid": 3079
            },
            {
              "objid": 39840,
              "classid": 1255,
              "deptype": "e",
              "extname": "btree_gist",
              "identity": "public.gbt_int8_same(gbtreekey16,gbtreekey16,internal)",
              "objsubid": 0,
              "refobjid": 39707,
              "refclassid": 3079
            },
            {
              "objid": 39859,
              "classid": 1255,
              "deptype": "e",
              "extname": "btree_gist",
              "identity": "public.gbt_float4_consistent(internal,real,smallint,oid,internal)",
              "objsubid": 0,
              "refobjid": 39707,
              "refclassid": 3079
            },
            {
              "objid": 39860,
              "classid": 1255,
              "deptype": "e",
              "extname": "btree_gist",
              "identity": "public.gbt_float4_distance(internal,real,smallint,oid,internal)",
              "objsubid": 0,
              "refobjid": 39707,
              "refclassid": 3079
            },
            {
              "objid": 39861,
              "classid": 1255,
              "deptype": "e",
              "extname": "btree_gist",
              "identity": "public.gbt_float4_compress(internal)",
              "objsubid": 0,
              "refobjid": 39707,
              "refclassid": 3079
            },
            {
              "objid": 39862,
              "classid": 1255,
              "deptype": "e",
              "extname": "btree_gist",
              "identity": "public.gbt_float4_fetch(internal)",
              "objsubid": 0,
              "refobjid": 39707,
              "refclassid": 3079
            },
            {
              "objid": 39863,
              "classid": 1255,
              "deptype": "e",
              "extname": "btree_gist",
              "identity": "public.gbt_float4_penalty(internal,internal,internal)",
              "objsubid": 0,
              "refobjid": 39707,
              "refclassid": 3079
            },
            {
              "objid": 39864,
              "classid": 1255,
              "deptype": "e",
              "extname": "btree_gist",
              "identity": "public.gbt_float4_picksplit(internal,internal)",
              "objsubid": 0,
              "refobjid": 39707,
              "refclassid": 3079
            },
            {
              "objid": 39865,
              "classid": 1255,
              "deptype": "e",
              "extname": "btree_gist",
              "identity": "public.gbt_float4_union(internal,internal)",
              "objsubid": 0,
              "refobjid": 39707,
              "refclassid": 3079
            },
            {
              "objid": 39866,
              "classid": 1255,
              "deptype": "e",
              "extname": "btree_gist",
              "identity": "public.gbt_float4_same(gbtreekey8,gbtreekey8,internal)",
              "objsubid": 0,
              "refobjid": 39707,
              "refclassid": 3079
            },
            {
              "objid": 39885,
              "classid": 1255,
              "deptype": "e",
              "extname": "btree_gist",
              "identity": "public.gbt_float8_consistent(internal,double precision,smallint,oid,internal)",
              "objsubid": 0,
              "refobjid": 39707,
              "refclassid": 3079
            },
            {
              "objid": 39886,
              "classid": 1255,
              "deptype": "e",
              "extname": "btree_gist",
              "identity": "public.gbt_float8_distance(internal,double precision,smallint,oid,internal)",
              "objsubid": 0,
              "refobjid": 39707,
              "refclassid": 3079
            },
            {
              "objid": 39887,
              "classid": 1255,
              "deptype": "e",
              "extname": "btree_gist",
              "identity": "public.gbt_float8_compress(internal)",
              "objsubid": 0,
              "refobjid": 39707,
              "refclassid": 3079
            },
            {
              "objid": 39888,
              "classid": 1255,
              "deptype": "e",
              "extname": "btree_gist",
              "identity": "public.gbt_float8_fetch(internal)",
              "objsubid": 0,
              "refobjid": 39707,
              "refclassid": 3079
            },
            {
              "objid": 39889,
              "classid": 1255,
              "deptype": "e",
              "extname": "btree_gist",
              "identity": "public.gbt_float8_penalty(internal,internal,internal)",
              "objsubid": 0,
              "refobjid": 39707,
              "refclassid": 3079
            },
            {
              "objid": 39890,
              "classid": 1255,
              "deptype": "e",
              "extname": "btree_gist",
              "identity": "public.gbt_float8_picksplit(internal,internal)",
              "objsubid": 0,
              "refobjid": 39707,
              "refclassid": 3079
            },
            {
              "objid": 39891,
              "classid": 1255,
              "deptype": "e",
              "extname": "btree_gist",
              "identity": "public.gbt_float8_union(internal,internal)",
              "objsubid": 0,
              "refobjid": 39707,
              "refclassid": 3079
            },
            {
              "objid": 39892,
              "classid": 1255,
              "deptype": "e",
              "extname": "btree_gist",
              "identity": "public.gbt_float8_same(gbtreekey16,gbtreekey16,internal)",
              "objsubid": 0,
              "refobjid": 39707,
              "refclassid": 3079
            },
            {
              "objid": 39911,
              "classid": 1255,
              "deptype": "e",
              "extname": "btree_gist",
              "identity": "public.gbt_ts_consistent(internal,timestamp without time zone,smallint,oid,internal)",
              "objsubid": 0,
              "refobjid": 39707,
              "refclassid": 3079
            },
            {
              "objid": 39912,
              "classid": 1255,
              "deptype": "e",
              "extname": "btree_gist",
              "identity": "public.gbt_ts_distance(internal,timestamp without time zone,smallint,oid,internal)",
              "objsubid": 0,
              "refobjid": 39707,
              "refclassid": 3079
            },
            {
              "objid": 39913,
              "classid": 1255,
              "deptype": "e",
              "extname": "btree_gist",
              "identity": "public.gbt_tstz_consistent(internal,timestamp with time zone,smallint,oid,internal)",
              "objsubid": 0,
              "refobjid": 39707,
              "refclassid": 3079
            },
            {
              "objid": 39914,
              "classid": 1255,
              "deptype": "e",
              "extname": "btree_gist",
              "identity": "public.gbt_tstz_distance(internal,timestamp with time zone,smallint,oid,internal)",
              "objsubid": 0,
              "refobjid": 39707,
              "refclassid": 3079
            },
            {
              "objid": 39915,
              "classid": 1255,
              "deptype": "e",
              "extname": "btree_gist",
              "identity": "public.gbt_ts_compress(internal)",
              "objsubid": 0,
              "refobjid": 39707,
              "refclassid": 3079
            },
            {
              "objid": 39916,
              "classid": 1255,
              "deptype": "e",
              "extname": "btree_gist",
              "identity": "public.gbt_tstz_compress(internal)",
              "objsubid": 0,
              "refobjid": 39707,
              "refclassid": 3079
            },
            {
              "objid": 39917,
              "classid": 1255,
              "deptype": "e",
              "extname": "btree_gist",
              "identity": "public.gbt_ts_fetch(internal)",
              "objsubid": 0,
              "refobjid": 39707,
              "refclassid": 3079
            },
            {
              "objid": 39918,
              "classid": 1255,
              "deptype": "e",
              "extname": "btree_gist",
              "identity": "public.gbt_ts_penalty(internal,internal,internal)",
              "objsubid": 0,
              "refobjid": 39707,
              "refclassid": 3079
            },
            {
              "objid": 39919,
              "classid": 1255,
              "deptype": "e",
              "extname": "btree_gist",
              "identity": "public.gbt_ts_picksplit(internal,internal)",
              "objsubid": 0,
              "refobjid": 39707,
              "refclassid": 3079
            },
            {
              "objid": 39920,
              "classid": 1255,
              "deptype": "e",
              "extname": "btree_gist",
              "identity": "public.gbt_ts_union(internal,internal)",
              "objsubid": 0,
              "refobjid": 39707,
              "refclassid": 3079
            },
            {
              "objid": 39921,
              "classid": 1255,
              "deptype": "e",
              "extname": "btree_gist",
              "identity": "public.gbt_ts_same(gbtreekey16,gbtreekey16,internal)",
              "objsubid": 0,
              "refobjid": 39707,
              "refclassid": 3079
            },
            {
              "objid": 39958,
              "classid": 1255,
              "deptype": "e",
              "extname": "btree_gist",
              "identity": "public.gbt_time_consistent(internal,time without time zone,smallint,oid,internal)",
              "objsubid": 0,
              "refobjid": 39707,
              "refclassid": 3079
            },
            {
              "objid": 39959,
              "classid": 1255,
              "deptype": "e",
              "extname": "btree_gist",
              "identity": "public.gbt_time_distance(internal,time without time zone,smallint,oid,internal)",
              "objsubid": 0,
              "refobjid": 39707,
              "refclassid": 3079
            },
            {
              "objid": 39960,
              "classid": 1255,
              "deptype": "e",
              "extname": "btree_gist",
              "identity": "public.gbt_timetz_consistent(internal,time with time zone,smallint,oid,internal)",
              "objsubid": 0,
              "refobjid": 39707,
              "refclassid": 3079
            },
            {
              "objid": 39961,
              "classid": 1255,
              "deptype": "e",
              "extname": "btree_gist",
              "identity": "public.gbt_time_compress(internal)",
              "objsubid": 0,
              "refobjid": 39707,
              "refclassid": 3079
            },
            {
              "objid": 39962,
              "classid": 1255,
              "deptype": "e",
              "extname": "btree_gist",
              "identity": "public.gbt_timetz_compress(internal)",
              "objsubid": 0,
              "refobjid": 39707,
              "refclassid": 3079
            },
            {
              "objid": 39963,
              "classid": 1255,
              "deptype": "e",
              "extname": "btree_gist",
              "identity": "public.gbt_time_fetch(internal)",
              "objsubid": 0,
              "refobjid": 39707,
              "refclassid": 3079
            },
            {
              "objid": 39964,
              "classid": 1255,
              "deptype": "e",
              "extname": "btree_gist",
              "identity": "public.gbt_time_penalty(internal,internal,internal)",
              "objsubid": 0,
              "refobjid": 39707,
              "refclassid": 3079
            },
            {
              "objid": 39965,
              "classid": 1255,
              "deptype": "e",
              "extname": "btree_gist",
              "identity": "public.gbt_time_picksplit(internal,internal)",
              "objsubid": 0,
              "refobjid": 39707,
              "refclassid": 3079
            },
            {
              "objid": 39966,
              "classid": 1255,
              "deptype": "e",
              "extname": "btree_gist",
              "identity": "public.gbt_time_union(internal,internal)",
              "objsubid": 0,
              "refobjid": 39707,
              "refclassid": 3079
            },
            {
              "objid": 39967,
              "classid": 1255,
              "deptype": "e",
              "extname": "btree_gist",
              "identity": "public.gbt_time_same(gbtreekey16,gbtreekey16,internal)",
              "objsubid": 0,
              "refobjid": 39707,
              "refclassid": 3079
            },
            {
              "objid": 40001,
              "classid": 1255,
              "deptype": "e",
              "extname": "btree_gist",
              "identity": "public.gbt_date_consistent(internal,date,smallint,oid,internal)",
              "objsubid": 0,
              "refobjid": 39707,
              "refclassid": 3079
            },
            {
              "objid": 40002,
              "classid": 1255,
              "deptype": "e",
              "extname": "btree_gist",
              "identity": "public.gbt_date_distance(internal,date,smallint,oid,internal)",
              "objsubid": 0,
              "refobjid": 39707,
              "refclassid": 3079
            },
            {
              "objid": 40003,
              "classid": 1255,
              "deptype": "e",
              "extname": "btree_gist",
              "identity": "public.gbt_date_compress(internal)",
              "objsubid": 0,
              "refobjid": 39707,
              "refclassid": 3079
            },
            {
              "objid": 40004,
              "classid": 1255,
              "deptype": "e",
              "extname": "btree_gist",
              "identity": "public.gbt_date_fetch(internal)",
              "objsubid": 0,
              "refobjid": 39707,
              "refclassid": 3079
            },
            {
              "objid": 40005,
              "classid": 1255,
              "deptype": "e",
              "extname": "btree_gist",
              "identity": "public.gbt_date_penalty(internal,internal,internal)",
              "objsubid": 0,
              "refobjid": 39707,
              "refclassid": 3079
            },
            {
              "objid": 40006,
              "classid": 1255,
              "deptype": "e",
              "extname": "btree_gist",
              "identity": "public.gbt_date_picksplit(internal,internal)",
              "objsubid": 0,
              "refobjid": 39707,
              "refclassid": 3079
            },
            {
              "objid": 40007,
              "classid": 1255,
              "deptype": "e",
              "extname": "btree_gist",
              "identity": "public.gbt_date_union(internal,internal)",
              "objsubid": 0,
              "refobjid": 39707,
              "refclassid": 3079
            },
            {
              "objid": 40008,
              "classid": 1255,
              "deptype": "e",
              "extname": "btree_gist",
              "identity": "public.gbt_date_same(gbtreekey8,gbtreekey8,internal)",
              "objsubid": 0,
              "refobjid": 39707,
              "refclassid": 3079
            },
            {
              "objid": 40027,
              "classid": 1255,
              "deptype": "e",
              "extname": "btree_gist",
              "identity": "public.gbt_intv_consistent(internal,interval,smallint,oid,internal)",
              "objsubid": 0,
              "refobjid": 39707,
              "refclassid": 3079
            },
            {
              "objid": 40028,
              "classid": 1255,
              "deptype": "e",
              "extname": "btree_gist",
              "identity": "public.gbt_intv_distance(internal,interval,smallint,oid,internal)",
              "objsubid": 0,
              "refobjid": 39707,
              "refclassid": 3079
            },
            {
              "objid": 40029,
              "classid": 1255,
              "deptype": "e",
              "extname": "btree_gist",
              "identity": "public.gbt_intv_compress(internal)",
              "objsubid": 0,
              "refobjid": 39707,
              "refclassid": 3079
            },
            {
              "objid": 40030,
              "classid": 1255,
              "deptype": "e",
              "extname": "btree_gist",
              "identity": "public.gbt_intv_decompress(internal)",
              "objsubid": 0,
              "refobjid": 39707,
              "refclassid": 3079
            },
            {
              "objid": 40031,
              "classid": 1255,
              "deptype": "e",
              "extname": "btree_gist",
              "identity": "public.gbt_intv_fetch(internal)",
              "objsubid": 0,
              "refobjid": 39707,
              "refclassid": 3079
            },
            {
              "objid": 40032,
              "classid": 1255,
              "deptype": "e",
              "extname": "btree_gist",
              "identity": "public.gbt_intv_penalty(internal,internal,internal)",
              "objsubid": 0,
              "refobjid": 39707,
              "refclassid": 3079
            },
            {
              "objid": 40033,
              "classid": 1255,
              "deptype": "e",
              "extname": "btree_gist",
              "identity": "public.gbt_intv_picksplit(internal,internal)",
              "objsubid": 0,
              "refobjid": 39707,
              "refclassid": 3079
            },
            {
              "objid": 40034,
              "classid": 1255,
              "deptype": "e",
              "extname": "btree_gist",
              "identity": "public.gbt_intv_union(internal,internal)",
              "objsubid": 0,
              "refobjid": 39707,
              "refclassid": 3079
            },
            {
              "objid": 40035,
              "classid": 1255,
              "deptype": "e",
              "extname": "btree_gist",
              "identity": "public.gbt_intv_same(gbtreekey32,gbtreekey32,internal)",
              "objsubid": 0,
              "refobjid": 39707,
              "refclassid": 3079
            },
            {
              "objid": 40054,
              "classid": 1255,
              "deptype": "e",
              "extname": "btree_gist",
              "identity": "public.gbt_cash_consistent(internal,money,smallint,oid,internal)",
              "objsubid": 0,
              "refobjid": 39707,
              "refclassid": 3079
            },
            {
              "objid": 40055,
              "classid": 1255,
              "deptype": "e",
              "extname": "btree_gist",
              "identity": "public.gbt_cash_distance(internal,money,smallint,oid,internal)",
              "objsubid": 0,
              "refobjid": 39707,
              "refclassid": 3079
            },
            {
              "objid": 40056,
              "classid": 1255,
              "deptype": "e",
              "extname": "btree_gist",
              "identity": "public.gbt_cash_compress(internal)",
              "objsubid": 0,
              "refobjid": 39707,
              "refclassid": 3079
            },
            {
              "objid": 40057,
              "classid": 1255,
              "deptype": "e",
              "extname": "btree_gist",
              "identity": "public.gbt_cash_fetch(internal)",
              "objsubid": 0,
              "refobjid": 39707,
              "refclassid": 3079
            },
            {
              "objid": 40058,
              "classid": 1255,
              "deptype": "e",
              "extname": "btree_gist",
              "identity": "public.gbt_cash_penalty(internal,internal,internal)",
              "objsubid": 0,
              "refobjid": 39707,
              "refclassid": 3079
            },
            {
              "objid": 40059,
              "classid": 1255,
              "deptype": "e",
              "extname": "btree_gist",
              "identity": "public.gbt_cash_picksplit(internal,internal)",
              "objsubid": 0,
              "refobjid": 39707,
              "refclassid": 3079
            },
            {
              "objid": 40060,
              "classid": 1255,
              "deptype": "e",
              "extname": "btree_gist",
              "identity": "public.gbt_cash_union(internal,internal)",
              "objsubid": 0,
              "refobjid": 39707,
              "refclassid": 3079
            },
            {
              "objid": 40061,
              "classid": 1255,
              "deptype": "e",
              "extname": "btree_gist",
              "identity": "public.gbt_cash_same(gbtreekey16,gbtreekey16,internal)",
              "objsubid": 0,
              "refobjid": 39707,
              "refclassid": 3079
            },
            {
              "objid": 40080,
              "classid": 1255,
              "deptype": "e",
              "extname": "btree_gist",
              "identity": "public.gbt_macad_consistent(internal,macaddr,smallint,oid,internal)",
              "objsubid": 0,
              "refobjid": 39707,
              "refclassid": 3079
            },
            {
              "objid": 40081,
              "classid": 1255,
              "deptype": "e",
              "extname": "btree_gist",
              "identity": "public.gbt_macad_compress(internal)",
              "objsubid": 0,
              "refobjid": 39707,
              "refclassid": 3079
            },
            {
              "objid": 40082,
              "classid": 1255,
              "deptype": "e",
              "extname": "btree_gist",
              "identity": "public.gbt_macad_fetch(internal)",
              "objsubid": 0,
              "refobjid": 39707,
              "refclassid": 3079
            },
            {
              "objid": 40083,
              "classid": 1255,
              "deptype": "e",
              "extname": "btree_gist",
              "identity": "public.gbt_macad_penalty(internal,internal,internal)",
              "objsubid": 0,
              "refobjid": 39707,
              "refclassid": 3079
            },
            {
              "objid": 40084,
              "classid": 1255,
              "deptype": "e",
              "extname": "btree_gist",
              "identity": "public.gbt_macad_picksplit(internal,internal)",
              "objsubid": 0,
              "refobjid": 39707,
              "refclassid": 3079
            },
            {
              "objid": 40085,
              "classid": 1255,
              "deptype": "e",
              "extname": "btree_gist",
              "identity": "public.gbt_macad_union(internal,internal)",
              "objsubid": 0,
              "refobjid": 39707,
              "refclassid": 3079
            },
            {
              "objid": 40086,
              "classid": 1255,
              "deptype": "e",
              "extname": "btree_gist",
              "identity": "public.gbt_macad_same(gbtreekey16,gbtreekey16,internal)",
              "objsubid": 0,
              "refobjid": 39707,
              "refclassid": 3079
            },
            {
              "objid": 40103,
              "classid": 1255,
              "deptype": "e",
              "extname": "btree_gist",
              "identity": "public.gbt_text_consistent(internal,text,smallint,oid,internal)",
              "objsubid": 0,
              "refobjid": 39707,
              "refclassid": 3079
            },
            {
              "objid": 40104,
              "classid": 1255,
              "deptype": "e",
              "extname": "btree_gist",
              "identity": "public.gbt_bpchar_consistent(internal,character,smallint,oid,internal)",
              "objsubid": 0,
              "refobjid": 39707,
              "refclassid": 3079
            },
            {
              "objid": 40105,
              "classid": 1255,
              "deptype": "e",
              "extname": "btree_gist",
              "identity": "public.gbt_text_compress(internal)",
              "objsubid": 0,
              "refobjid": 39707,
              "refclassid": 3079
            },
            {
              "objid": 40106,
              "classid": 1255,
              "deptype": "e",
              "extname": "btree_gist",
              "identity": "public.gbt_bpchar_compress(internal)",
              "objsubid": 0,
              "refobjid": 39707,
              "refclassid": 3079
            },
            {
              "objid": 40107,
              "classid": 1255,
              "deptype": "e",
              "extname": "btree_gist",
              "identity": "public.gbt_text_penalty(internal,internal,internal)",
              "objsubid": 0,
              "refobjid": 39707,
              "refclassid": 3079
            },
            {
              "objid": 40108,
              "classid": 1255,
              "deptype": "e",
              "extname": "btree_gist",
              "identity": "public.gbt_text_picksplit(internal,internal)",
              "objsubid": 0,
              "refobjid": 39707,
              "refclassid": 3079
            },
            {
              "objid": 40109,
              "classid": 1255,
              "deptype": "e",
              "extname": "btree_gist",
              "identity": "public.gbt_text_union(internal,internal)",
              "objsubid": 0,
              "refobjid": 39707,
              "refclassid": 3079
            },
            {
              "objid": 40110,
              "classid": 1255,
              "deptype": "e",
              "extname": "btree_gist",
              "identity": "public.gbt_text_same(gbtreekey_var,gbtreekey_var,internal)",
              "objsubid": 0,
              "refobjid": 39707,
              "refclassid": 3079
            },
            {
              "objid": 40143,
              "classid": 1255,
              "deptype": "e",
              "extname": "btree_gist",
              "identity": "public.gbt_bytea_consistent(internal,bytea,smallint,oid,internal)",
              "objsubid": 0,
              "refobjid": 39707,
              "refclassid": 3079
            },
            {
              "objid": 40144,
              "classid": 1255,
              "deptype": "e",
              "extname": "btree_gist",
              "identity": "public.gbt_bytea_compress(internal)",
              "objsubid": 0,
              "refobjid": 39707,
              "refclassid": 3079
            },
            {
              "objid": 40145,
              "classid": 1255,
              "deptype": "e",
              "extname": "btree_gist",
              "identity": "public.gbt_bytea_penalty(internal,internal,internal)",
              "objsubid": 0,
              "refobjid": 39707,
              "refclassid": 3079
            },
            {
              "objid": 40146,
              "classid": 1255,
              "deptype": "e",
              "extname": "btree_gist",
              "identity": "public.gbt_bytea_picksplit(internal,internal)",
              "objsubid": 0,
              "refobjid": 39707,
              "refclassid": 3079
            },
            {
              "objid": 40147,
              "classid": 1255,
              "deptype": "e",
              "extname": "btree_gist",
              "identity": "public.gbt_bytea_union(internal,internal)",
              "objsubid": 0,
              "refobjid": 39707,
              "refclassid": 3079
            },
            {
              "objid": 40148,
              "classid": 1255,
              "deptype": "e",
              "extname": "btree_gist",
              "identity": "public.gbt_bytea_same(gbtreekey_var,gbtreekey_var,internal)",
              "objsubid": 0,
              "refobjid": 39707,
              "refclassid": 3079
            },
            {
              "objid": 40165,
              "classid": 1255,
              "deptype": "e",
              "extname": "btree_gist",
              "identity": "public.gbt_numeric_consistent(internal,numeric,smallint,oid,internal)",
              "objsubid": 0,
              "refobjid": 39707,
              "refclassid": 3079
            },
            {
              "objid": 40166,
              "classid": 1255,
              "deptype": "e",
              "extname": "btree_gist",
              "identity": "public.gbt_numeric_compress(internal)",
              "objsubid": 0,
              "refobjid": 39707,
              "refclassid": 3079
            },
            {
              "objid": 40167,
              "classid": 1255,
              "deptype": "e",
              "extname": "btree_gist",
              "identity": "public.gbt_numeric_penalty(internal,internal,internal)",
              "objsubid": 0,
              "refobjid": 39707,
              "refclassid": 3079
            },
            {
              "objid": 40168,
              "classid": 1255,
              "deptype": "e",
              "extname": "btree_gist",
              "identity": "public.gbt_numeric_picksplit(internal,internal)",
              "objsubid": 0,
              "refobjid": 39707,
              "refclassid": 3079
            },
            {
              "objid": 40169,
              "classid": 1255,
              "deptype": "e",
              "extname": "btree_gist",
              "identity": "public.gbt_numeric_union(internal,internal)",
              "objsubid": 0,
              "refobjid": 39707,
              "refclassid": 3079
            },
            {
              "objid": 40170,
              "classid": 1255,
              "deptype": "e",
              "extname": "btree_gist",
              "identity": "public.gbt_numeric_same(gbtreekey_var,gbtreekey_var,internal)",
              "objsubid": 0,
              "refobjid": 39707,
              "refclassid": 3079
            },
            {
              "objid": 40187,
              "classid": 1255,
              "deptype": "e",
              "extname": "btree_gist",
              "identity": "public.gbt_bit_consistent(internal,bit,smallint,oid,internal)",
              "objsubid": 0,
              "refobjid": 39707,
              "refclassid": 3079
            },
            {
              "objid": 40188,
              "classid": 1255,
              "deptype": "e",
              "extname": "btree_gist",
              "identity": "public.gbt_bit_compress(internal)",
              "objsubid": 0,
              "refobjid": 39707,
              "refclassid": 3079
            },
            {
              "objid": 40189,
              "classid": 1255,
              "deptype": "e",
              "extname": "btree_gist",
              "identity": "public.gbt_bit_penalty(internal,internal,internal)",
              "objsubid": 0,
              "refobjid": 39707,
              "refclassid": 3079
            },
            {
              "objid": 40190,
              "classid": 1255,
              "deptype": "e",
              "extname": "btree_gist",
              "identity": "public.gbt_bit_picksplit(internal,internal)",
              "objsubid": 0,
              "refobjid": 39707,
              "refclassid": 3079
            },
            {
              "objid": 40191,
              "classid": 1255,
              "deptype": "e",
              "extname": "btree_gist",
              "identity": "public.gbt_bit_union(internal,internal)",
              "objsubid": 0,
              "refobjid": 39707,
              "refclassid": 3079
            },
            {
              "objid": 40192,
              "classid": 1255,
              "deptype": "e",
              "extname": "btree_gist",
              "identity": "public.gbt_bit_same(gbtreekey_var,gbtreekey_var,internal)",
              "objsubid": 0,
              "refobjid": 39707,
              "refclassid": 3079
            },
            {
              "objid": 40225,
              "classid": 1255,
              "deptype": "e",
              "extname": "btree_gist",
              "identity": "public.gbt_inet_consistent(internal,inet,smallint,oid,internal)",
              "objsubid": 0,
              "refobjid": 39707,
              "refclassid": 3079
            },
            {
              "objid": 40226,
              "classid": 1255,
              "deptype": "e",
              "extname": "btree_gist",
              "identity": "public.gbt_inet_compress(internal)",
              "objsubid": 0,
              "refobjid": 39707,
              "refclassid": 3079
            },
            {
              "objid": 40227,
              "classid": 1255,
              "deptype": "e",
              "extname": "btree_gist",
              "identity": "public.gbt_inet_penalty(internal,internal,internal)",
              "objsubid": 0,
              "refobjid": 39707,
              "refclassid": 3079
            },
            {
              "objid": 40228,
              "classid": 1255,
              "deptype": "e",
              "extname": "btree_gist",
              "identity": "public.gbt_inet_picksplit(internal,internal)",
              "objsubid": 0,
              "refobjid": 39707,
              "refclassid": 3079
            },
            {
              "objid": 40229,
              "classid": 1255,
              "deptype": "e",
              "extname": "btree_gist",
              "identity": "public.gbt_inet_union(internal,internal)",
              "objsubid": 0,
              "refobjid": 39707,
              "refclassid": 3079
            },
            {
              "objid": 40230,
              "classid": 1255,
              "deptype": "e",
              "extname": "btree_gist",
              "identity": "public.gbt_inet_same(gbtreekey16,gbtreekey16,internal)",
              "objsubid": 0,
              "refobjid": 39707,
              "refclassid": 3079
            },
            {
              "objid": 40261,
              "classid": 1255,
              "deptype": "e",
              "extname": "btree_gist",
              "identity": "public.gbt_uuid_consistent(internal,uuid,smallint,oid,internal)",
              "objsubid": 0,
              "refobjid": 39707,
              "refclassid": 3079
            },
            {
              "objid": 40262,
              "classid": 1255,
              "deptype": "e",
              "extname": "btree_gist",
              "identity": "public.gbt_uuid_fetch(internal)",
              "objsubid": 0,
              "refobjid": 39707,
              "refclassid": 3079
            },
            {
              "objid": 40263,
              "classid": 1255,
              "deptype": "e",
              "extname": "btree_gist",
              "identity": "public.gbt_uuid_compress(internal)",
              "objsubid": 0,
              "refobjid": 39707,
              "refclassid": 3079
            },
            {
              "objid": 40264,
              "classid": 1255,
              "deptype": "e",
              "extname": "btree_gist",
              "identity": "public.gbt_uuid_penalty(internal,internal,internal)",
              "objsubid": 0,
              "refobjid": 39707,
              "refclassid": 3079
            },
            {
              "objid": 40265,
              "classid": 1255,
              "deptype": "e",
              "extname": "btree_gist",
              "identity": "public.gbt_uuid_picksplit(internal,internal)",
              "objsubid": 0,
              "refobjid": 39707,
              "refclassid": 3079
            },
            {
              "objid": 40266,
              "classid": 1255,
              "deptype": "e",
              "extname": "btree_gist",
              "identity": "public.gbt_uuid_union(internal,internal)",
              "objsubid": 0,
              "refobjid": 39707,
              "refclassid": 3079
            },
            {
              "objid": 40267,
              "classid": 1255,
              "deptype": "e",
              "extname": "btree_gist",
              "identity": "public.gbt_uuid_same(gbtreekey32,gbtreekey32,internal)",
              "objsubid": 0,
              "refobjid": 39707,
              "refclassid": 3079
            },
            {
              "objid": 40284,
              "classid": 1255,
              "deptype": "e",
              "extname": "btree_gist",
              "identity": "public.gbt_macad8_consistent(internal,macaddr8,smallint,oid,internal)",
              "objsubid": 0,
              "refobjid": 39707,
              "refclassid": 3079
            },
            {
              "objid": 40285,
              "classid": 1255,
              "deptype": "e",
              "extname": "btree_gist",
              "identity": "public.gbt_macad8_compress(internal)",
              "objsubid": 0,
              "refobjid": 39707,
              "refclassid": 3079
            },
            {
              "objid": 40286,
              "classid": 1255,
              "deptype": "e",
              "extname": "btree_gist",
              "identity": "public.gbt_macad8_fetch(internal)",
              "objsubid": 0,
              "refobjid": 39707,
              "refclassid": 3079
            },
            {
              "objid": 40287,
              "classid": 1255,
              "deptype": "e",
              "extname": "btree_gist",
              "identity": "public.gbt_macad8_penalty(internal,internal,internal)",
              "objsubid": 0,
              "refobjid": 39707,
              "refclassid": 3079
            },
            {
              "objid": 40288,
              "classid": 1255,
              "deptype": "e",
              "extname": "btree_gist",
              "identity": "public.gbt_macad8_picksplit(internal,internal)",
              "objsubid": 0,
              "refobjid": 39707,
              "refclassid": 3079
            },
            {
              "objid": 40289,
              "classid": 1255,
              "deptype": "e",
              "extname": "btree_gist",
              "identity": "public.gbt_macad8_union(internal,internal)",
              "objsubid": 0,
              "refobjid": 39707,
              "refclassid": 3079
            },
            {
              "objid": 40290,
              "classid": 1255,
              "deptype": "e",
              "extname": "btree_gist",
              "identity": "public.gbt_macad8_same(gbtreekey16,gbtreekey16,internal)",
              "objsubid": 0,
              "refobjid": 39707,
              "refclassid": 3079
            },
            {
              "objid": 40307,
              "classid": 1255,
              "deptype": "e",
              "extname": "btree_gist",
              "identity": "public.gbt_enum_consistent(internal,anyenum,smallint,oid,internal)",
              "objsubid": 0,
              "refobjid": 39707,
              "refclassid": 3079
            },
            {
              "objid": 40308,
              "classid": 1255,
              "deptype": "e",
              "extname": "btree_gist",
              "identity": "public.gbt_enum_compress(internal)",
              "objsubid": 0,
              "refobjid": 39707,
              "refclassid": 3079
            },
            {
              "objid": 40309,
              "classid": 1255,
              "deptype": "e",
              "extname": "btree_gist",
              "identity": "public.gbt_enum_fetch(internal)",
              "objsubid": 0,
              "refobjid": 39707,
              "refclassid": 3079
            },
            {
              "objid": 40310,
              "classid": 1255,
              "deptype": "e",
              "extname": "btree_gist",
              "identity": "public.gbt_enum_penalty(internal,internal,internal)",
              "objsubid": 0,
              "refobjid": 39707,
              "refclassid": 3079
            },
            {
              "objid": 40311,
              "classid": 1255,
              "deptype": "e",
              "extname": "btree_gist",
              "identity": "public.gbt_enum_picksplit(internal,internal)",
              "objsubid": 0,
              "refobjid": 39707,
              "refclassid": 3079
            },
            {
              "objid": 40312,
              "classid": 1255,
              "deptype": "e",
              "extname": "btree_gist",
              "identity": "public.gbt_enum_union(internal,internal)",
              "objsubid": 0,
              "refobjid": 39707,
              "refclassid": 3079
            },
            {
              "objid": 40313,
              "classid": 1255,
              "deptype": "e",
              "extname": "btree_gist",
              "identity": "public.gbt_enum_same(gbtreekey8,gbtreekey8,internal)",
              "objsubid": 0,
              "refobjid": 39707,
              "refclassid": 3079
            },
            {
              "objid": 40331,
              "classid": 1255,
              "deptype": "e",
              "extname": "btree_gist",
              "identity": "public.gbtreekey2_in(cstring)",
              "objsubid": 0,
              "refobjid": 39707,
              "refclassid": 3079
            },
            {
              "objid": 40332,
              "classid": 1255,
              "deptype": "e",
              "extname": "btree_gist",
              "identity": "public.gbtreekey2_out(gbtreekey2)",
              "objsubid": 0,
              "refobjid": 39707,
              "refclassid": 3079
            },
            {
              "objid": 40334,
              "classid": 1255,
              "deptype": "e",
              "extname": "btree_gist",
              "identity": "public.gbt_bool_consistent(internal,boolean,smallint,oid,internal)",
              "objsubid": 0,
              "refobjid": 39707,
              "refclassid": 3079
            },
            {
              "objid": 40335,
              "classid": 1255,
              "deptype": "e",
              "extname": "btree_gist",
              "identity": "public.gbt_bool_compress(internal)",
              "objsubid": 0,
              "refobjid": 39707,
              "refclassid": 3079
            },
            {
              "objid": 40336,
              "classid": 1255,
              "deptype": "e",
              "extname": "btree_gist",
              "identity": "public.gbt_bool_fetch(internal)",
              "objsubid": 0,
              "refobjid": 39707,
              "refclassid": 3079
            },
            {
              "objid": 40337,
              "classid": 1255,
              "deptype": "e",
              "extname": "btree_gist",
              "identity": "public.gbt_bool_penalty(internal,internal,internal)",
              "objsubid": 0,
              "refobjid": 39707,
              "refclassid": 3079
            },
            {
              "objid": 40338,
              "classid": 1255,
              "deptype": "e",
              "extname": "btree_gist",
              "identity": "public.gbt_bool_picksplit(internal,internal)",
              "objsubid": 0,
              "refobjid": 39707,
              "refclassid": 3079
            },
            {
              "objid": 40339,
              "classid": 1255,
              "deptype": "e",
              "extname": "btree_gist",
              "identity": "public.gbt_bool_union(internal,internal)",
              "objsubid": 0,
              "refobjid": 39707,
              "refclassid": 3079
            },
            {
              "objid": 40340,
              "classid": 1255,
              "deptype": "e",
              "extname": "btree_gist",
              "identity": "public.gbt_bool_same(gbtreekey2,gbtreekey2,internal)",
              "objsubid": 0,
              "refobjid": 39707,
              "refclassid": 3079
            },
            {
              "objid": 39764,
              "classid": 2616,
              "deptype": "e",
              "extname": "btree_gist",
              "identity": "39764",
              "objsubid": 0,
              "refobjid": 39707,
              "refclassid": 3079
            },
            {
              "objid": 39790,
              "classid": 2616,
              "deptype": "e",
              "extname": "btree_gist",
              "identity": "39790",
              "objsubid": 0,
              "refobjid": 39707,
              "refclassid": 3079
            },
            {
              "objid": 39816,
              "classid": 2616,
              "deptype": "e",
              "extname": "btree_gist",
              "identity": "39816",
              "objsubid": 0,
              "refobjid": 39707,
              "refclassid": 3079
            },
            {
              "objid": 39842,
              "classid": 2616,
              "deptype": "e",
              "extname": "btree_gist",
              "identity": "39842",
              "objsubid": 0,
              "refobjid": 39707,
              "refclassid": 3079
            },
            {
              "objid": 39868,
              "classid": 2616,
              "deptype": "e",
              "extname": "btree_gist",
              "identity": "39868",
              "objsubid": 0,
              "refobjid": 39707,
              "refclassid": 3079
            },
            {
              "objid": 39894,
              "classid": 2616,
              "deptype": "e",
              "extname": "btree_gist",
              "identity": "39894",
              "objsubid": 0,
              "refobjid": 39707,
              "refclassid": 3079
            },
            {
              "objid": 39923,
              "classid": 2616,
              "deptype": "e",
              "extname": "btree_gist",
              "identity": "39923",
              "objsubid": 0,
              "refobjid": 39707,
              "refclassid": 3079
            },
            {
              "objid": 39941,
              "classid": 2616,
              "deptype": "e",
              "extname": "btree_gist",
              "identity": "39941",
              "objsubid": 0,
              "refobjid": 39707,
              "refclassid": 3079
            },
            {
              "objid": 39969,
              "classid": 2616,
              "deptype": "e",
              "extname": "btree_gist",
              "identity": "39969",
              "objsubid": 0,
              "refobjid": 39707,
              "refclassid": 3079
            },
            {
              "objid": 39987,
              "classid": 2616,
              "deptype": "e",
              "extname": "btree_gist",
              "identity": "39987",
              "objsubid": 0,
              "refobjid": 39707,
              "refclassid": 3079
            },
            {
              "objid": 40010,
              "classid": 2616,
              "deptype": "e",
              "extname": "btree_gist",
              "identity": "40010",
              "objsubid": 0,
              "refobjid": 39707,
              "refclassid": 3079
            },
            {
              "objid": 40037,
              "classid": 2616,
              "deptype": "e",
              "extname": "btree_gist",
              "identity": "40037",
              "objsubid": 0,
              "refobjid": 39707,
              "refclassid": 3079
            },
            {
              "objid": 40063,
              "classid": 2616,
              "deptype": "e",
              "extname": "btree_gist",
              "identity": "40063",
              "objsubid": 0,
              "refobjid": 39707,
              "refclassid": 3079
            },
            {
              "objid": 40088,
              "classid": 2616,
              "deptype": "e",
              "extname": "btree_gist",
              "identity": "40088",
              "objsubid": 0,
              "refobjid": 39707,
              "refclassid": 3079
            },
            {
              "objid": 40112,
              "classid": 2616,
              "deptype": "e",
              "extname": "btree_gist",
              "identity": "40112",
              "objsubid": 0,
              "refobjid": 39707,
              "refclassid": 3079
            },
            {
              "objid": 40128,
              "classid": 2616,
              "deptype": "e",
              "extname": "btree_gist",
              "identity": "40128",
              "objsubid": 0,
              "refobjid": 39707,
              "refclassid": 3079
            },
            {
              "objid": 40150,
              "classid": 2616,
              "deptype": "e",
              "extname": "btree_gist",
              "identity": "40150",
              "objsubid": 0,
              "refobjid": 39707,
              "refclassid": 3079
            },
            {
              "objid": 40172,
              "classid": 2616,
              "deptype": "e",
              "extname": "btree_gist",
              "identity": "40172",
              "objsubid": 0,
              "refobjid": 39707,
              "refclassid": 3079
            },
            {
              "objid": 40194,
              "classid": 2616,
              "deptype": "e",
              "extname": "btree_gist",
              "identity": "40194",
              "objsubid": 0,
              "refobjid": 39707,
              "refclassid": 3079
            },
            {
              "objid": 40210,
              "classid": 2616,
              "deptype": "e",
              "extname": "btree_gist",
              "identity": "40210",
              "objsubid": 0,
              "refobjid": 39707,
              "refclassid": 3079
            },
            {
              "objid": 40232,
              "classid": 2616,
              "deptype": "e",
              "extname": "btree_gist",
              "identity": "40232",
              "objsubid": 0,
              "refobjid": 39707,
              "refclassid": 3079
            },
            {
              "objid": 40247,
              "classid": 2616,
              "deptype": "e",
              "extname": "btree_gist",
              "identity": "40247",
              "objsubid": 0,
              "refobjid": 39707,
              "refclassid": 3079
            },
            {
              "objid": 40269,
              "classid": 2616,
              "deptype": "e",
              "extname": "btree_gist",
              "identity": "40269",
              "objsubid": 0,
              "refobjid": 39707,
              "refclassid": 3079
            },
            {
              "objid": 40292,
              "classid": 2616,
              "deptype": "e",
              "extname": "btree_gist",
              "identity": "40292",
              "objsubid": 0,
              "refobjid": 39707,
              "refclassid": 3079
            },
            {
              "objid": 40315,
              "classid": 2616,
              "deptype": "e",
              "extname": "btree_gist",
              "identity": "40315",
              "objsubid": 0,
              "refobjid": 39707,
              "refclassid": 3079
            },
            {
              "objid": 40342,
              "classid": 2616,
              "deptype": "e",
              "extname": "btree_gist",
              "identity": "40342",
              "objsubid": 0,
              "refobjid": 39707,
              "refclassid": 3079
            },
            {
              "objid": 39729,
              "classid": 2617,
              "deptype": "e",
              "extname": "btree_gist",
              "identity": "39729",
              "objsubid": 0,
              "refobjid": 39707,
              "refclassid": 3079
            },
            {
              "objid": 39731,
              "classid": 2617,
              "deptype": "e",
              "extname": "btree_gist",
              "identity": "39731",
              "objsubid": 0,
              "refobjid": 39707,
              "refclassid": 3079
            },
            {
              "objid": 39733,
              "classid": 2617,
              "deptype": "e",
              "extname": "btree_gist",
              "identity": "39733",
              "objsubid": 0,
              "refobjid": 39707,
              "refclassid": 3079
            },
            {
              "objid": 39735,
              "classid": 2617,
              "deptype": "e",
              "extname": "btree_gist",
              "identity": "39735",
              "objsubid": 0,
              "refobjid": 39707,
              "refclassid": 3079
            },
            {
              "objid": 39737,
              "classid": 2617,
              "deptype": "e",
              "extname": "btree_gist",
              "identity": "39737",
              "objsubid": 0,
              "refobjid": 39707,
              "refclassid": 3079
            },
            {
              "objid": 39739,
              "classid": 2617,
              "deptype": "e",
              "extname": "btree_gist",
              "identity": "39739",
              "objsubid": 0,
              "refobjid": 39707,
              "refclassid": 3079
            },
            {
              "objid": 39741,
              "classid": 2617,
              "deptype": "e",
              "extname": "btree_gist",
              "identity": "39741",
              "objsubid": 0,
              "refobjid": 39707,
              "refclassid": 3079
            },
            {
              "objid": 39743,
              "classid": 2617,
              "deptype": "e",
              "extname": "btree_gist",
              "identity": "39743",
              "objsubid": 0,
              "refobjid": 39707,
              "refclassid": 3079
            },
            {
              "objid": 39745,
              "classid": 2617,
              "deptype": "e",
              "extname": "btree_gist",
              "identity": "39745",
              "objsubid": 0,
              "refobjid": 39707,
              "refclassid": 3079
            },
            {
              "objid": 39747,
              "classid": 2617,
              "deptype": "e",
              "extname": "btree_gist",
              "identity": "39747",
              "objsubid": 0,
              "refobjid": 39707,
              "refclassid": 3079
            },
            {
              "objid": 39749,
              "classid": 2617,
              "deptype": "e",
              "extname": "btree_gist",
              "identity": "39749",
              "objsubid": 0,
              "refobjid": 39707,
              "refclassid": 3079
            },
            {
              "objid": 39751,
              "classid": 2617,
              "deptype": "e",
              "extname": "btree_gist",
              "identity": "39751",
              "objsubid": 0,
              "refobjid": 39707,
              "refclassid": 3079
            },
            {
              "objid": 39763,
              "classid": 2753,
              "deptype": "e",
              "extname": "btree_gist",
              "identity": "39763",
              "objsubid": 0,
              "refobjid": 39707,
              "refclassid": 3079
            },
            {
              "objid": 39789,
              "classid": 2753,
              "deptype": "e",
              "extname": "btree_gist",
              "identity": "39789",
              "objsubid": 0,
              "refobjid": 39707,
              "refclassid": 3079
            },
            {
              "objid": 39815,
              "classid": 2753,
              "deptype": "e",
              "extname": "btree_gist",
              "identity": "39815",
              "objsubid": 0,
              "refobjid": 39707,
              "refclassid": 3079
            },
            {
              "objid": 39841,
              "classid": 2753,
              "deptype": "e",
              "extname": "btree_gist",
              "identity": "39841",
              "objsubid": 0,
              "refobjid": 39707,
              "refclassid": 3079
            },
            {
              "objid": 39867,
              "classid": 2753,
              "deptype": "e",
              "extname": "btree_gist",
              "identity": "39867",
              "objsubid": 0,
              "refobjid": 39707,
              "refclassid": 3079
            },
            {
              "objid": 39893,
              "classid": 2753,
              "deptype": "e",
              "extname": "btree_gist",
              "identity": "39893",
              "objsubid": 0,
              "refobjid": 39707,
              "refclassid": 3079
            },
            {
              "objid": 39922,
              "classid": 2753,
              "deptype": "e",
              "extname": "btree_gist",
              "identity": "39922",
              "objsubid": 0,
              "refobjid": 39707,
              "refclassid": 3079
            },
            {
              "objid": 39940,
              "classid": 2753,
              "deptype": "e",
              "extname": "btree_gist",
              "identity": "39940",
              "objsubid": 0,
              "refobjid": 39707,
              "refclassid": 3079
            },
            {
              "objid": 39968,
              "classid": 2753,
              "deptype": "e",
              "extname": "btree_gist",
              "identity": "39968",
              "objsubid": 0,
              "refobjid": 39707,
              "refclassid": 3079
            },
            {
              "objid": 39986,
              "classid": 2753,
              "deptype": "e",
              "extname": "btree_gist",
              "identity": "39986",
              "objsubid": 0,
              "refobjid": 39707,
              "refclassid": 3079
            },
            {
              "objid": 40009,
              "classid": 2753,
              "deptype": "e",
              "extname": "btree_gist",
              "identity": "40009",
              "objsubid": 0,
              "refobjid": 39707,
              "refclassid": 3079
            },
            {
              "objid": 40036,
              "classid": 2753,
              "deptype": "e",
              "extname": "btree_gist",
              "identity": "40036",
              "objsubid": 0,
              "refobjid": 39707,
              "refclassid": 3079
            },
            {
              "objid": 40062,
              "classid": 2753,
              "deptype": "e",
              "extname": "btree_gist",
              "identity": "40062",
              "objsubid": 0,
              "refobjid": 39707,
              "refclassid": 3079
            },
            {
              "objid": 40087,
              "classid": 2753,
              "deptype": "e",
              "extname": "btree_gist",
              "identity": "40087",
              "objsubid": 0,
              "refobjid": 39707,
              "refclassid": 3079
            },
            {
              "objid": 40111,
              "classid": 2753,
              "deptype": "e",
              "extname": "btree_gist",
              "identity": "40111",
              "objsubid": 0,
              "refobjid": 39707,
              "refclassid": 3079
            },
            {
              "objid": 40127,
              "classid": 2753,
              "deptype": "e",
              "extname": "btree_gist",
              "identity": "40127",
              "objsubid": 0,
              "refobjid": 39707,
              "refclassid": 3079
            },
            {
              "objid": 40149,
              "classid": 2753,
              "deptype": "e",
              "extname": "btree_gist",
              "identity": "40149",
              "objsubid": 0,
              "refobjid": 39707,
              "refclassid": 3079
            },
            {
              "objid": 40171,
              "classid": 2753,
              "deptype": "e",
              "extname": "btree_gist",
              "identity": "40171",
              "objsubid": 0,
              "refobjid": 39707,
              "refclassid": 3079
            },
            {
              "objid": 40193,
              "classid": 2753,
              "deptype": "e",
              "extname": "btree_gist",
              "identity": "40193",
              "objsubid": 0,
              "refobjid": 39707,
              "refclassid": 3079
            },
            {
              "objid": 40209,
              "classid": 2753,
              "deptype": "e",
              "extname": "btree_gist",
              "identity": "40209",
              "objsubid": 0,
              "refobjid": 39707,
              "refclassid": 3079
            },
            {
              "objid": 40231,
              "classid": 2753,
              "deptype": "e",
              "extname": "btree_gist",
              "identity": "40231",
              "objsubid": 0,
              "refobjid": 39707,
              "refclassid": 3079
            },
            {
              "objid": 40246,
              "classid": 2753,
              "deptype": "e",
              "extname": "btree_gist",
              "identity": "40246",
              "objsubid": 0,
              "refobjid": 39707,
              "refclassid": 3079
            },
            {
              "objid": 40268,
              "classid": 2753,
              "deptype": "e",
              "extname": "btree_gist",
              "identity": "40268",
              "objsubid": 0,
              "refobjid": 39707,
              "refclassid": 3079
            },
            {
              "objid": 40291,
              "classid": 2753,
              "deptype": "e",
              "extname": "btree_gist",
              "identity": "40291",
              "objsubid": 0,
              "refobjid": 39707,
              "refclassid": 3079
            },
            {
              "objid": 40314,
              "classid": 2753,
              "deptype": "e",
              "extname": "btree_gist",
              "identity": "40314",
              "objsubid": 0,
              "refobjid": 39707,
              "refclassid": 3079
            },
            {
              "objid": 40341,
              "classid": 2753,
              "deptype": "e",
              "extname": "btree_gist",
              "identity": "40341",
              "objsubid": 0,
              "refobjid": 39707,
              "refclassid": 3079
            }
          ]
        },
        "afterReset": {
          "extensionPresent": true,
          "memberCount": 264,
          "identities": [
            "39729",
            "39731",
            "39733",
            "39735",
            "39737",
            "39739",
            "39741",
            "39743",
            "39745",
            "39747",
            "39749",
            "39751",
            "39763",
            "39764",
            "39789",
            "39790",
            "39815",
            "39816",
            "39841",
            "39842",
            "39867",
            "39868",
            "39893",
            "39894",
            "39922",
            "39923",
            "39940",
            "39941",
            "39968",
            "39969",
            "39986",
            "39987",
            "40009",
            "40010",
            "40036",
            "40037",
            "40062",
            "40063",
            "40087",
            "40088",
            "40111",
            "40112",
            "40127",
            "40128",
            "40149",
            "40150",
            "40171",
            "40172",
            "40193",
            "40194",
            "40209",
            "40210",
            "40231",
            "40232",
            "40246",
            "40247",
            "40268",
            "40269",
            "40291",
            "40292",
            "40314",
            "40315",
            "40341",
            "40342",
            "public._gbtreekey16",
            "public._gbtreekey2",
            "public._gbtreekey32",
            "public._gbtreekey4",
            "public._gbtreekey8",
            "public._gbtreekey_var",
            "public.cash_dist(money,money)",
            "public.date_dist(date,date)",
            "public.float4_dist(real,real)",
            "public.float8_dist(double precision,double precision)",
            "public.gbt_bit_compress(internal)",
            "public.gbt_bit_consistent(internal,bit,smallint,oid,internal)",
            "public.gbt_bit_penalty(internal,internal,internal)",
            "public.gbt_bit_picksplit(internal,internal)",
            "public.gbt_bit_same(gbtreekey_var,gbtreekey_var,internal)",
            "public.gbt_bit_union(internal,internal)",
            "public.gbt_bool_compress(internal)",
            "public.gbt_bool_consistent(internal,boolean,smallint,oid,internal)",
            "public.gbt_bool_fetch(internal)",
            "public.gbt_bool_penalty(internal,internal,internal)",
            "public.gbt_bool_picksplit(internal,internal)",
            "public.gbt_bool_same(gbtreekey2,gbtreekey2,internal)",
            "public.gbt_bool_union(internal,internal)",
            "public.gbt_bpchar_compress(internal)",
            "public.gbt_bpchar_consistent(internal,character,smallint,oid,internal)",
            "public.gbt_bytea_compress(internal)",
            "public.gbt_bytea_consistent(internal,bytea,smallint,oid,internal)",
            "public.gbt_bytea_penalty(internal,internal,internal)",
            "public.gbt_bytea_picksplit(internal,internal)",
            "public.gbt_bytea_same(gbtreekey_var,gbtreekey_var,internal)",
            "public.gbt_bytea_union(internal,internal)",
            "public.gbt_cash_compress(internal)",
            "public.gbt_cash_consistent(internal,money,smallint,oid,internal)",
            "public.gbt_cash_distance(internal,money,smallint,oid,internal)",
            "public.gbt_cash_fetch(internal)",
            "public.gbt_cash_penalty(internal,internal,internal)",
            "public.gbt_cash_picksplit(internal,internal)",
            "public.gbt_cash_same(gbtreekey16,gbtreekey16,internal)",
            "public.gbt_cash_union(internal,internal)",
            "public.gbt_date_compress(internal)",
            "public.gbt_date_consistent(internal,date,smallint,oid,internal)",
            "public.gbt_date_distance(internal,date,smallint,oid,internal)",
            "public.gbt_date_fetch(internal)",
            "public.gbt_date_penalty(internal,internal,internal)",
            "public.gbt_date_picksplit(internal,internal)",
            "public.gbt_date_same(gbtreekey8,gbtreekey8,internal)",
            "public.gbt_date_union(internal,internal)",
            "public.gbt_decompress(internal)",
            "public.gbt_enum_compress(internal)",
            "public.gbt_enum_consistent(internal,anyenum,smallint,oid,internal)",
            "public.gbt_enum_fetch(internal)",
            "public.gbt_enum_penalty(internal,internal,internal)",
            "public.gbt_enum_picksplit(internal,internal)",
            "public.gbt_enum_same(gbtreekey8,gbtreekey8,internal)",
            "public.gbt_enum_union(internal,internal)",
            "public.gbt_float4_compress(internal)",
            "public.gbt_float4_consistent(internal,real,smallint,oid,internal)",
            "public.gbt_float4_distance(internal,real,smallint,oid,internal)",
            "public.gbt_float4_fetch(internal)",
            "public.gbt_float4_penalty(internal,internal,internal)",
            "public.gbt_float4_picksplit(internal,internal)",
            "public.gbt_float4_same(gbtreekey8,gbtreekey8,internal)",
            "public.gbt_float4_union(internal,internal)",
            "public.gbt_float8_compress(internal)",
            "public.gbt_float8_consistent(internal,double precision,smallint,oid,internal)",
            "public.gbt_float8_distance(internal,double precision,smallint,oid,internal)",
            "public.gbt_float8_fetch(internal)",
            "public.gbt_float8_penalty(internal,internal,internal)",
            "public.gbt_float8_picksplit(internal,internal)",
            "public.gbt_float8_same(gbtreekey16,gbtreekey16,internal)",
            "public.gbt_float8_union(internal,internal)",
            "public.gbt_inet_compress(internal)",
            "public.gbt_inet_consistent(internal,inet,smallint,oid,internal)",
            "public.gbt_inet_penalty(internal,internal,internal)",
            "public.gbt_inet_picksplit(internal,internal)",
            "public.gbt_inet_same(gbtreekey16,gbtreekey16,internal)",
            "public.gbt_inet_union(internal,internal)",
            "public.gbt_int2_compress(internal)",
            "public.gbt_int2_consistent(internal,smallint,smallint,oid,internal)",
            "public.gbt_int2_distance(internal,smallint,smallint,oid,internal)",
            "public.gbt_int2_fetch(internal)",
            "public.gbt_int2_penalty(internal,internal,internal)",
            "public.gbt_int2_picksplit(internal,internal)",
            "public.gbt_int2_same(gbtreekey4,gbtreekey4,internal)",
            "public.gbt_int2_union(internal,internal)",
            "public.gbt_int4_compress(internal)",
            "public.gbt_int4_consistent(internal,integer,smallint,oid,internal)",
            "public.gbt_int4_distance(internal,integer,smallint,oid,internal)",
            "public.gbt_int4_fetch(internal)",
            "public.gbt_int4_penalty(internal,internal,internal)",
            "public.gbt_int4_picksplit(internal,internal)",
            "public.gbt_int4_same(gbtreekey8,gbtreekey8,internal)",
            "public.gbt_int4_union(internal,internal)",
            "public.gbt_int8_compress(internal)",
            "public.gbt_int8_consistent(internal,bigint,smallint,oid,internal)",
            "public.gbt_int8_distance(internal,bigint,smallint,oid,internal)",
            "public.gbt_int8_fetch(internal)",
            "public.gbt_int8_penalty(internal,internal,internal)",
            "public.gbt_int8_picksplit(internal,internal)",
            "public.gbt_int8_same(gbtreekey16,gbtreekey16,internal)",
            "public.gbt_int8_union(internal,internal)",
            "public.gbt_intv_compress(internal)",
            "public.gbt_intv_consistent(internal,interval,smallint,oid,internal)",
            "public.gbt_intv_decompress(internal)",
            "public.gbt_intv_distance(internal,interval,smallint,oid,internal)",
            "public.gbt_intv_fetch(internal)",
            "public.gbt_intv_penalty(internal,internal,internal)",
            "public.gbt_intv_picksplit(internal,internal)",
            "public.gbt_intv_same(gbtreekey32,gbtreekey32,internal)",
            "public.gbt_intv_union(internal,internal)",
            "public.gbt_macad8_compress(internal)",
            "public.gbt_macad8_consistent(internal,macaddr8,smallint,oid,internal)",
            "public.gbt_macad8_fetch(internal)",
            "public.gbt_macad8_penalty(internal,internal,internal)",
            "public.gbt_macad8_picksplit(internal,internal)",
            "public.gbt_macad8_same(gbtreekey16,gbtreekey16,internal)",
            "public.gbt_macad8_union(internal,internal)",
            "public.gbt_macad_compress(internal)",
            "public.gbt_macad_consistent(internal,macaddr,smallint,oid,internal)",
            "public.gbt_macad_fetch(internal)",
            "public.gbt_macad_penalty(internal,internal,internal)",
            "public.gbt_macad_picksplit(internal,internal)",
            "public.gbt_macad_same(gbtreekey16,gbtreekey16,internal)",
            "public.gbt_macad_union(internal,internal)",
            "public.gbt_numeric_compress(internal)",
            "public.gbt_numeric_consistent(internal,numeric,smallint,oid,internal)",
            "public.gbt_numeric_penalty(internal,internal,internal)",
            "public.gbt_numeric_picksplit(internal,internal)",
            "public.gbt_numeric_same(gbtreekey_var,gbtreekey_var,internal)",
            "public.gbt_numeric_union(internal,internal)",
            "public.gbt_oid_compress(internal)",
            "public.gbt_oid_consistent(internal,oid,smallint,oid,internal)",
            "public.gbt_oid_distance(internal,oid,smallint,oid,internal)",
            "public.gbt_oid_fetch(internal)",
            "public.gbt_oid_penalty(internal,internal,internal)",
            "public.gbt_oid_picksplit(internal,internal)",
            "public.gbt_oid_same(gbtreekey8,gbtreekey8,internal)",
            "public.gbt_oid_union(internal,internal)",
            "public.gbt_text_compress(internal)",
            "public.gbt_text_consistent(internal,text,smallint,oid,internal)",
            "public.gbt_text_penalty(internal,internal,internal)",
            "public.gbt_text_picksplit(internal,internal)",
            "public.gbt_text_same(gbtreekey_var,gbtreekey_var,internal)",
            "public.gbt_text_union(internal,internal)",
            "public.gbt_time_compress(internal)",
            "public.gbt_time_consistent(internal,time without time zone,smallint,oid,internal)",
            "public.gbt_time_distance(internal,time without time zone,smallint,oid,internal)",
            "public.gbt_time_fetch(internal)",
            "public.gbt_time_penalty(internal,internal,internal)",
            "public.gbt_time_picksplit(internal,internal)",
            "public.gbt_time_same(gbtreekey16,gbtreekey16,internal)",
            "public.gbt_time_union(internal,internal)",
            "public.gbt_timetz_compress(internal)",
            "public.gbt_timetz_consistent(internal,time with time zone,smallint,oid,internal)",
            "public.gbt_ts_compress(internal)",
            "public.gbt_ts_consistent(internal,timestamp without time zone,smallint,oid,internal)",
            "public.gbt_ts_distance(internal,timestamp without time zone,smallint,oid,internal)",
            "public.gbt_ts_fetch(internal)",
            "public.gbt_ts_penalty(internal,internal,internal)",
            "public.gbt_ts_picksplit(internal,internal)",
            "public.gbt_ts_same(gbtreekey16,gbtreekey16,internal)",
            "public.gbt_ts_union(internal,internal)",
            "public.gbt_tstz_compress(internal)",
            "public.gbt_tstz_consistent(internal,timestamp with time zone,smallint,oid,internal)",
            "public.gbt_tstz_distance(internal,timestamp with time zone,smallint,oid,internal)",
            "public.gbt_uuid_compress(internal)",
            "public.gbt_uuid_consistent(internal,uuid,smallint,oid,internal)",
            "public.gbt_uuid_fetch(internal)",
            "public.gbt_uuid_penalty(internal,internal,internal)",
            "public.gbt_uuid_picksplit(internal,internal)",
            "public.gbt_uuid_same(gbtreekey32,gbtreekey32,internal)",
            "public.gbt_uuid_union(internal,internal)",
            "public.gbt_var_decompress(internal)",
            "public.gbt_var_fetch(internal)",
            "public.gbtreekey16",
            "public.gbtreekey16_in(cstring)",
            "public.gbtreekey16_out(gbtreekey16)",
            "public.gbtreekey2",
            "public.gbtreekey2_in(cstring)",
            "public.gbtreekey2_out(gbtreekey2)",
            "public.gbtreekey32",
            "public.gbtreekey32_in(cstring)",
            "public.gbtreekey32_out(gbtreekey32)",
            "public.gbtreekey4",
            "public.gbtreekey4_in(cstring)",
            "public.gbtreekey4_out(gbtreekey4)",
            "public.gbtreekey8",
            "public.gbtreekey8_in(cstring)",
            "public.gbtreekey8_out(gbtreekey8)",
            "public.gbtreekey_var",
            "public.gbtreekey_var_in(cstring)",
            "public.gbtreekey_var_out(gbtreekey_var)",
            "public.int2_dist(smallint,smallint)",
            "public.int4_dist(integer,integer)",
            "public.int8_dist(bigint,bigint)",
            "public.interval_dist(interval,interval)",
            "public.oid_dist(oid,oid)",
            "public.time_dist(time without time zone,time without time zone)",
            "public.ts_dist(timestamp without time zone,timestamp without time zone)",
            "public.tstz_dist(timestamp with time zone,timestamp with time zone)"
          ],
          "tuples": [
            {
              "objid": 39708,
              "classid": 1247,
              "deptype": "e",
              "extname": "btree_gist",
              "identity": "public.gbtreekey4",
              "objsubid": 0,
              "refobjid": 39707,
              "refclassid": 3079
            },
            {
              "objid": 39711,
              "classid": 1247,
              "deptype": "e",
              "extname": "btree_gist",
              "identity": "public._gbtreekey4",
              "objsubid": 0,
              "refobjid": 39707,
              "refclassid": 3079
            },
            {
              "objid": 39712,
              "classid": 1247,
              "deptype": "e",
              "extname": "btree_gist",
              "identity": "public.gbtreekey8",
              "objsubid": 0,
              "refobjid": 39707,
              "refclassid": 3079
            },
            {
              "objid": 39715,
              "classid": 1247,
              "deptype": "e",
              "extname": "btree_gist",
              "identity": "public._gbtreekey8",
              "objsubid": 0,
              "refobjid": 39707,
              "refclassid": 3079
            },
            {
              "objid": 39716,
              "classid": 1247,
              "deptype": "e",
              "extname": "btree_gist",
              "identity": "public.gbtreekey16",
              "objsubid": 0,
              "refobjid": 39707,
              "refclassid": 3079
            },
            {
              "objid": 39719,
              "classid": 1247,
              "deptype": "e",
              "extname": "btree_gist",
              "identity": "public._gbtreekey16",
              "objsubid": 0,
              "refobjid": 39707,
              "refclassid": 3079
            },
            {
              "objid": 39720,
              "classid": 1247,
              "deptype": "e",
              "extname": "btree_gist",
              "identity": "public.gbtreekey32",
              "objsubid": 0,
              "refobjid": 39707,
              "refclassid": 3079
            },
            {
              "objid": 39723,
              "classid": 1247,
              "deptype": "e",
              "extname": "btree_gist",
              "identity": "public._gbtreekey32",
              "objsubid": 0,
              "refobjid": 39707,
              "refclassid": 3079
            },
            {
              "objid": 39724,
              "classid": 1247,
              "deptype": "e",
              "extname": "btree_gist",
              "identity": "public.gbtreekey_var",
              "objsubid": 0,
              "refobjid": 39707,
              "refclassid": 3079
            },
            {
              "objid": 39727,
              "classid": 1247,
              "deptype": "e",
              "extname": "btree_gist",
              "identity": "public._gbtreekey_var",
              "objsubid": 0,
              "refobjid": 39707,
              "refclassid": 3079
            },
            {
              "objid": 40330,
              "classid": 1247,
              "deptype": "e",
              "extname": "btree_gist",
              "identity": "public.gbtreekey2",
              "objsubid": 0,
              "refobjid": 39707,
              "refclassid": 3079
            },
            {
              "objid": 40333,
              "classid": 1247,
              "deptype": "e",
              "extname": "btree_gist",
              "identity": "public._gbtreekey2",
              "objsubid": 0,
              "refobjid": 39707,
              "refclassid": 3079
            },
            {
              "objid": 39709,
              "classid": 1255,
              "deptype": "e",
              "extname": "btree_gist",
              "identity": "public.gbtreekey4_in(cstring)",
              "objsubid": 0,
              "refobjid": 39707,
              "refclassid": 3079
            },
            {
              "objid": 39710,
              "classid": 1255,
              "deptype": "e",
              "extname": "btree_gist",
              "identity": "public.gbtreekey4_out(gbtreekey4)",
              "objsubid": 0,
              "refobjid": 39707,
              "refclassid": 3079
            },
            {
              "objid": 39713,
              "classid": 1255,
              "deptype": "e",
              "extname": "btree_gist",
              "identity": "public.gbtreekey8_in(cstring)",
              "objsubid": 0,
              "refobjid": 39707,
              "refclassid": 3079
            },
            {
              "objid": 39714,
              "classid": 1255,
              "deptype": "e",
              "extname": "btree_gist",
              "identity": "public.gbtreekey8_out(gbtreekey8)",
              "objsubid": 0,
              "refobjid": 39707,
              "refclassid": 3079
            },
            {
              "objid": 39717,
              "classid": 1255,
              "deptype": "e",
              "extname": "btree_gist",
              "identity": "public.gbtreekey16_in(cstring)",
              "objsubid": 0,
              "refobjid": 39707,
              "refclassid": 3079
            },
            {
              "objid": 39718,
              "classid": 1255,
              "deptype": "e",
              "extname": "btree_gist",
              "identity": "public.gbtreekey16_out(gbtreekey16)",
              "objsubid": 0,
              "refobjid": 39707,
              "refclassid": 3079
            },
            {
              "objid": 39721,
              "classid": 1255,
              "deptype": "e",
              "extname": "btree_gist",
              "identity": "public.gbtreekey32_in(cstring)",
              "objsubid": 0,
              "refobjid": 39707,
              "refclassid": 3079
            },
            {
              "objid": 39722,
              "classid": 1255,
              "deptype": "e",
              "extname": "btree_gist",
              "identity": "public.gbtreekey32_out(gbtreekey32)",
              "objsubid": 0,
              "refobjid": 39707,
              "refclassid": 3079
            },
            {
              "objid": 39725,
              "classid": 1255,
              "deptype": "e",
              "extname": "btree_gist",
              "identity": "public.gbtreekey_var_in(cstring)",
              "objsubid": 0,
              "refobjid": 39707,
              "refclassid": 3079
            },
            {
              "objid": 39726,
              "classid": 1255,
              "deptype": "e",
              "extname": "btree_gist",
              "identity": "public.gbtreekey_var_out(gbtreekey_var)",
              "objsubid": 0,
              "refobjid": 39707,
              "refclassid": 3079
            },
            {
              "objid": 39728,
              "classid": 1255,
              "deptype": "e",
              "extname": "btree_gist",
              "identity": "public.cash_dist(money,money)",
              "objsubid": 0,
              "refobjid": 39707,
              "refclassid": 3079
            },
            {
              "objid": 39730,
              "classid": 1255,
              "deptype": "e",
              "extname": "btree_gist",
              "identity": "public.date_dist(date,date)",
              "objsubid": 0,
              "refobjid": 39707,
              "refclassid": 3079
            },
            {
              "objid": 39732,
              "classid": 1255,
              "deptype": "e",
              "extname": "btree_gist",
              "identity": "public.float4_dist(real,real)",
              "objsubid": 0,
              "refobjid": 39707,
              "refclassid": 3079
            },
            {
              "objid": 39734,
              "classid": 1255,
              "deptype": "e",
              "extname": "btree_gist",
              "identity": "public.float8_dist(double precision,double precision)",
              "objsubid": 0,
              "refobjid": 39707,
              "refclassid": 3079
            },
            {
              "objid": 39736,
              "classid": 1255,
              "deptype": "e",
              "extname": "btree_gist",
              "identity": "public.int2_dist(smallint,smallint)",
              "objsubid": 0,
              "refobjid": 39707,
              "refclassid": 3079
            },
            {
              "objid": 39738,
              "classid": 1255,
              "deptype": "e",
              "extname": "btree_gist",
              "identity": "public.int4_dist(integer,integer)",
              "objsubid": 0,
              "refobjid": 39707,
              "refclassid": 3079
            },
            {
              "objid": 39740,
              "classid": 1255,
              "deptype": "e",
              "extname": "btree_gist",
              "identity": "public.int8_dist(bigint,bigint)",
              "objsubid": 0,
              "refobjid": 39707,
              "refclassid": 3079
            },
            {
              "objid": 39742,
              "classid": 1255,
              "deptype": "e",
              "extname": "btree_gist",
              "identity": "public.interval_dist(interval,interval)",
              "objsubid": 0,
              "refobjid": 39707,
              "refclassid": 3079
            },
            {
              "objid": 39744,
              "classid": 1255,
              "deptype": "e",
              "extname": "btree_gist",
              "identity": "public.oid_dist(oid,oid)",
              "objsubid": 0,
              "refobjid": 39707,
              "refclassid": 3079
            },
            {
              "objid": 39746,
              "classid": 1255,
              "deptype": "e",
              "extname": "btree_gist",
              "identity": "public.time_dist(time without time zone,time without time zone)",
              "objsubid": 0,
              "refobjid": 39707,
              "refclassid": 3079
            },
            {
              "objid": 39748,
              "classid": 1255,
              "deptype": "e",
              "extname": "btree_gist",
              "identity": "public.ts_dist(timestamp without time zone,timestamp without time zone)",
              "objsubid": 0,
              "refobjid": 39707,
              "refclassid": 3079
            },
            {
              "objid": 39750,
              "classid": 1255,
              "deptype": "e",
              "extname": "btree_gist",
              "identity": "public.tstz_dist(timestamp with time zone,timestamp with time zone)",
              "objsubid": 0,
              "refobjid": 39707,
              "refclassid": 3079
            },
            {
              "objid": 39752,
              "classid": 1255,
              "deptype": "e",
              "extname": "btree_gist",
              "identity": "public.gbt_oid_consistent(internal,oid,smallint,oid,internal)",
              "objsubid": 0,
              "refobjid": 39707,
              "refclassid": 3079
            },
            {
              "objid": 39753,
              "classid": 1255,
              "deptype": "e",
              "extname": "btree_gist",
              "identity": "public.gbt_oid_distance(internal,oid,smallint,oid,internal)",
              "objsubid": 0,
              "refobjid": 39707,
              "refclassid": 3079
            },
            {
              "objid": 39754,
              "classid": 1255,
              "deptype": "e",
              "extname": "btree_gist",
              "identity": "public.gbt_oid_fetch(internal)",
              "objsubid": 0,
              "refobjid": 39707,
              "refclassid": 3079
            },
            {
              "objid": 39755,
              "classid": 1255,
              "deptype": "e",
              "extname": "btree_gist",
              "identity": "public.gbt_oid_compress(internal)",
              "objsubid": 0,
              "refobjid": 39707,
              "refclassid": 3079
            },
            {
              "objid": 39756,
              "classid": 1255,
              "deptype": "e",
              "extname": "btree_gist",
              "identity": "public.gbt_decompress(internal)",
              "objsubid": 0,
              "refobjid": 39707,
              "refclassid": 3079
            },
            {
              "objid": 39757,
              "classid": 1255,
              "deptype": "e",
              "extname": "btree_gist",
              "identity": "public.gbt_var_decompress(internal)",
              "objsubid": 0,
              "refobjid": 39707,
              "refclassid": 3079
            },
            {
              "objid": 39758,
              "classid": 1255,
              "deptype": "e",
              "extname": "btree_gist",
              "identity": "public.gbt_var_fetch(internal)",
              "objsubid": 0,
              "refobjid": 39707,
              "refclassid": 3079
            },
            {
              "objid": 39759,
              "classid": 1255,
              "deptype": "e",
              "extname": "btree_gist",
              "identity": "public.gbt_oid_penalty(internal,internal,internal)",
              "objsubid": 0,
              "refobjid": 39707,
              "refclassid": 3079
            },
            {
              "objid": 39760,
              "classid": 1255,
              "deptype": "e",
              "extname": "btree_gist",
              "identity": "public.gbt_oid_picksplit(internal,internal)",
              "objsubid": 0,
              "refobjid": 39707,
              "refclassid": 3079
            },
            {
              "objid": 39761,
              "classid": 1255,
              "deptype": "e",
              "extname": "btree_gist",
              "identity": "public.gbt_oid_union(internal,internal)",
              "objsubid": 0,
              "refobjid": 39707,
              "refclassid": 3079
            },
            {
              "objid": 39762,
              "classid": 1255,
              "deptype": "e",
              "extname": "btree_gist",
              "identity": "public.gbt_oid_same(gbtreekey8,gbtreekey8,internal)",
              "objsubid": 0,
              "refobjid": 39707,
              "refclassid": 3079
            },
            {
              "objid": 39781,
              "classid": 1255,
              "deptype": "e",
              "extname": "btree_gist",
              "identity": "public.gbt_int2_consistent(internal,smallint,smallint,oid,internal)",
              "objsubid": 0,
              "refobjid": 39707,
              "refclassid": 3079
            },
            {
              "objid": 39782,
              "classid": 1255,
              "deptype": "e",
              "extname": "btree_gist",
              "identity": "public.gbt_int2_distance(internal,smallint,smallint,oid,internal)",
              "objsubid": 0,
              "refobjid": 39707,
              "refclassid": 3079
            },
            {
              "objid": 39783,
              "classid": 1255,
              "deptype": "e",
              "extname": "btree_gist",
              "identity": "public.gbt_int2_compress(internal)",
              "objsubid": 0,
              "refobjid": 39707,
              "refclassid": 3079
            },
            {
              "objid": 39784,
              "classid": 1255,
              "deptype": "e",
              "extname": "btree_gist",
              "identity": "public.gbt_int2_fetch(internal)",
              "objsubid": 0,
              "refobjid": 39707,
              "refclassid": 3079
            },
            {
              "objid": 39785,
              "classid": 1255,
              "deptype": "e",
              "extname": "btree_gist",
              "identity": "public.gbt_int2_penalty(internal,internal,internal)",
              "objsubid": 0,
              "refobjid": 39707,
              "refclassid": 3079
            },
            {
              "objid": 39786,
              "classid": 1255,
              "deptype": "e",
              "extname": "btree_gist",
              "identity": "public.gbt_int2_picksplit(internal,internal)",
              "objsubid": 0,
              "refobjid": 39707,
              "refclassid": 3079
            },
            {
              "objid": 39787,
              "classid": 1255,
              "deptype": "e",
              "extname": "btree_gist",
              "identity": "public.gbt_int2_union(internal,internal)",
              "objsubid": 0,
              "refobjid": 39707,
              "refclassid": 3079
            },
            {
              "objid": 39788,
              "classid": 1255,
              "deptype": "e",
              "extname": "btree_gist",
              "identity": "public.gbt_int2_same(gbtreekey4,gbtreekey4,internal)",
              "objsubid": 0,
              "refobjid": 39707,
              "refclassid": 3079
            },
            {
              "objid": 39807,
              "classid": 1255,
              "deptype": "e",
              "extname": "btree_gist",
              "identity": "public.gbt_int4_consistent(internal,integer,smallint,oid,internal)",
              "objsubid": 0,
              "refobjid": 39707,
              "refclassid": 3079
            },
            {
              "objid": 39808,
              "classid": 1255,
              "deptype": "e",
              "extname": "btree_gist",
              "identity": "public.gbt_int4_distance(internal,integer,smallint,oid,internal)",
              "objsubid": 0,
              "refobjid": 39707,
              "refclassid": 3079
            },
            {
              "objid": 39809,
              "classid": 1255,
              "deptype": "e",
              "extname": "btree_gist",
              "identity": "public.gbt_int4_compress(internal)",
              "objsubid": 0,
              "refobjid": 39707,
              "refclassid": 3079
            },
            {
              "objid": 39810,
              "classid": 1255,
              "deptype": "e",
              "extname": "btree_gist",
              "identity": "public.gbt_int4_fetch(internal)",
              "objsubid": 0,
              "refobjid": 39707,
              "refclassid": 3079
            },
            {
              "objid": 39811,
              "classid": 1255,
              "deptype": "e",
              "extname": "btree_gist",
              "identity": "public.gbt_int4_penalty(internal,internal,internal)",
              "objsubid": 0,
              "refobjid": 39707,
              "refclassid": 3079
            },
            {
              "objid": 39812,
              "classid": 1255,
              "deptype": "e",
              "extname": "btree_gist",
              "identity": "public.gbt_int4_picksplit(internal,internal)",
              "objsubid": 0,
              "refobjid": 39707,
              "refclassid": 3079
            },
            {
              "objid": 39813,
              "classid": 1255,
              "deptype": "e",
              "extname": "btree_gist",
              "identity": "public.gbt_int4_union(internal,internal)",
              "objsubid": 0,
              "refobjid": 39707,
              "refclassid": 3079
            },
            {
              "objid": 39814,
              "classid": 1255,
              "deptype": "e",
              "extname": "btree_gist",
              "identity": "public.gbt_int4_same(gbtreekey8,gbtreekey8,internal)",
              "objsubid": 0,
              "refobjid": 39707,
              "refclassid": 3079
            },
            {
              "objid": 39833,
              "classid": 1255,
              "deptype": "e",
              "extname": "btree_gist",
              "identity": "public.gbt_int8_consistent(internal,bigint,smallint,oid,internal)",
              "objsubid": 0,
              "refobjid": 39707,
              "refclassid": 3079
            },
            {
              "objid": 39834,
              "classid": 1255,
              "deptype": "e",
              "extname": "btree_gist",
              "identity": "public.gbt_int8_distance(internal,bigint,smallint,oid,internal)",
              "objsubid": 0,
              "refobjid": 39707,
              "refclassid": 3079
            },
            {
              "objid": 39835,
              "classid": 1255,
              "deptype": "e",
              "extname": "btree_gist",
              "identity": "public.gbt_int8_compress(internal)",
              "objsubid": 0,
              "refobjid": 39707,
              "refclassid": 3079
            },
            {
              "objid": 39836,
              "classid": 1255,
              "deptype": "e",
              "extname": "btree_gist",
              "identity": "public.gbt_int8_fetch(internal)",
              "objsubid": 0,
              "refobjid": 39707,
              "refclassid": 3079
            },
            {
              "objid": 39837,
              "classid": 1255,
              "deptype": "e",
              "extname": "btree_gist",
              "identity": "public.gbt_int8_penalty(internal,internal,internal)",
              "objsubid": 0,
              "refobjid": 39707,
              "refclassid": 3079
            },
            {
              "objid": 39838,
              "classid": 1255,
              "deptype": "e",
              "extname": "btree_gist",
              "identity": "public.gbt_int8_picksplit(internal,internal)",
              "objsubid": 0,
              "refobjid": 39707,
              "refclassid": 3079
            },
            {
              "objid": 39839,
              "classid": 1255,
              "deptype": "e",
              "extname": "btree_gist",
              "identity": "public.gbt_int8_union(internal,internal)",
              "objsubid": 0,
              "refobjid": 39707,
              "refclassid": 3079
            },
            {
              "objid": 39840,
              "classid": 1255,
              "deptype": "e",
              "extname": "btree_gist",
              "identity": "public.gbt_int8_same(gbtreekey16,gbtreekey16,internal)",
              "objsubid": 0,
              "refobjid": 39707,
              "refclassid": 3079
            },
            {
              "objid": 39859,
              "classid": 1255,
              "deptype": "e",
              "extname": "btree_gist",
              "identity": "public.gbt_float4_consistent(internal,real,smallint,oid,internal)",
              "objsubid": 0,
              "refobjid": 39707,
              "refclassid": 3079
            },
            {
              "objid": 39860,
              "classid": 1255,
              "deptype": "e",
              "extname": "btree_gist",
              "identity": "public.gbt_float4_distance(internal,real,smallint,oid,internal)",
              "objsubid": 0,
              "refobjid": 39707,
              "refclassid": 3079
            },
            {
              "objid": 39861,
              "classid": 1255,
              "deptype": "e",
              "extname": "btree_gist",
              "identity": "public.gbt_float4_compress(internal)",
              "objsubid": 0,
              "refobjid": 39707,
              "refclassid": 3079
            },
            {
              "objid": 39862,
              "classid": 1255,
              "deptype": "e",
              "extname": "btree_gist",
              "identity": "public.gbt_float4_fetch(internal)",
              "objsubid": 0,
              "refobjid": 39707,
              "refclassid": 3079
            },
            {
              "objid": 39863,
              "classid": 1255,
              "deptype": "e",
              "extname": "btree_gist",
              "identity": "public.gbt_float4_penalty(internal,internal,internal)",
              "objsubid": 0,
              "refobjid": 39707,
              "refclassid": 3079
            },
            {
              "objid": 39864,
              "classid": 1255,
              "deptype": "e",
              "extname": "btree_gist",
              "identity": "public.gbt_float4_picksplit(internal,internal)",
              "objsubid": 0,
              "refobjid": 39707,
              "refclassid": 3079
            },
            {
              "objid": 39865,
              "classid": 1255,
              "deptype": "e",
              "extname": "btree_gist",
              "identity": "public.gbt_float4_union(internal,internal)",
              "objsubid": 0,
              "refobjid": 39707,
              "refclassid": 3079
            },
            {
              "objid": 39866,
              "classid": 1255,
              "deptype": "e",
              "extname": "btree_gist",
              "identity": "public.gbt_float4_same(gbtreekey8,gbtreekey8,internal)",
              "objsubid": 0,
              "refobjid": 39707,
              "refclassid": 3079
            },
            {
              "objid": 39885,
              "classid": 1255,
              "deptype": "e",
              "extname": "btree_gist",
              "identity": "public.gbt_float8_consistent(internal,double precision,smallint,oid,internal)",
              "objsubid": 0,
              "refobjid": 39707,
              "refclassid": 3079
            },
            {
              "objid": 39886,
              "classid": 1255,
              "deptype": "e",
              "extname": "btree_gist",
              "identity": "public.gbt_float8_distance(internal,double precision,smallint,oid,internal)",
              "objsubid": 0,
              "refobjid": 39707,
              "refclassid": 3079
            },
            {
              "objid": 39887,
              "classid": 1255,
              "deptype": "e",
              "extname": "btree_gist",
              "identity": "public.gbt_float8_compress(internal)",
              "objsubid": 0,
              "refobjid": 39707,
              "refclassid": 3079
            },
            {
              "objid": 39888,
              "classid": 1255,
              "deptype": "e",
              "extname": "btree_gist",
              "identity": "public.gbt_float8_fetch(internal)",
              "objsubid": 0,
              "refobjid": 39707,
              "refclassid": 3079
            },
            {
              "objid": 39889,
              "classid": 1255,
              "deptype": "e",
              "extname": "btree_gist",
              "identity": "public.gbt_float8_penalty(internal,internal,internal)",
              "objsubid": 0,
              "refobjid": 39707,
              "refclassid": 3079
            },
            {
              "objid": 39890,
              "classid": 1255,
              "deptype": "e",
              "extname": "btree_gist",
              "identity": "public.gbt_float8_picksplit(internal,internal)",
              "objsubid": 0,
              "refobjid": 39707,
              "refclassid": 3079
            },
            {
              "objid": 39891,
              "classid": 1255,
              "deptype": "e",
              "extname": "btree_gist",
              "identity": "public.gbt_float8_union(internal,internal)",
              "objsubid": 0,
              "refobjid": 39707,
              "refclassid": 3079
            },
            {
              "objid": 39892,
              "classid": 1255,
              "deptype": "e",
              "extname": "btree_gist",
              "identity": "public.gbt_float8_same(gbtreekey16,gbtreekey16,internal)",
              "objsubid": 0,
              "refobjid": 39707,
              "refclassid": 3079
            },
            {
              "objid": 39911,
              "classid": 1255,
              "deptype": "e",
              "extname": "btree_gist",
              "identity": "public.gbt_ts_consistent(internal,timestamp without time zone,smallint,oid,internal)",
              "objsubid": 0,
              "refobjid": 39707,
              "refclassid": 3079
            },
            {
              "objid": 39912,
              "classid": 1255,
              "deptype": "e",
              "extname": "btree_gist",
              "identity": "public.gbt_ts_distance(internal,timestamp without time zone,smallint,oid,internal)",
              "objsubid": 0,
              "refobjid": 39707,
              "refclassid": 3079
            },
            {
              "objid": 39913,
              "classid": 1255,
              "deptype": "e",
              "extname": "btree_gist",
              "identity": "public.gbt_tstz_consistent(internal,timestamp with time zone,smallint,oid,internal)",
              "objsubid": 0,
              "refobjid": 39707,
              "refclassid": 3079
            },
            {
              "objid": 39914,
              "classid": 1255,
              "deptype": "e",
              "extname": "btree_gist",
              "identity": "public.gbt_tstz_distance(internal,timestamp with time zone,smallint,oid,internal)",
              "objsubid": 0,
              "refobjid": 39707,
              "refclassid": 3079
            },
            {
              "objid": 39915,
              "classid": 1255,
              "deptype": "e",
              "extname": "btree_gist",
              "identity": "public.gbt_ts_compress(internal)",
              "objsubid": 0,
              "refobjid": 39707,
              "refclassid": 3079
            },
            {
              "objid": 39916,
              "classid": 1255,
              "deptype": "e",
              "extname": "btree_gist",
              "identity": "public.gbt_tstz_compress(internal)",
              "objsubid": 0,
              "refobjid": 39707,
              "refclassid": 3079
            },
            {
              "objid": 39917,
              "classid": 1255,
              "deptype": "e",
              "extname": "btree_gist",
              "identity": "public.gbt_ts_fetch(internal)",
              "objsubid": 0,
              "refobjid": 39707,
              "refclassid": 3079
            },
            {
              "objid": 39918,
              "classid": 1255,
              "deptype": "e",
              "extname": "btree_gist",
              "identity": "public.gbt_ts_penalty(internal,internal,internal)",
              "objsubid": 0,
              "refobjid": 39707,
              "refclassid": 3079
            },
            {
              "objid": 39919,
              "classid": 1255,
              "deptype": "e",
              "extname": "btree_gist",
              "identity": "public.gbt_ts_picksplit(internal,internal)",
              "objsubid": 0,
              "refobjid": 39707,
              "refclassid": 3079
            },
            {
              "objid": 39920,
              "classid": 1255,
              "deptype": "e",
              "extname": "btree_gist",
              "identity": "public.gbt_ts_union(internal,internal)",
              "objsubid": 0,
              "refobjid": 39707,
              "refclassid": 3079
            },
            {
              "objid": 39921,
              "classid": 1255,
              "deptype": "e",
              "extname": "btree_gist",
              "identity": "public.gbt_ts_same(gbtreekey16,gbtreekey16,internal)",
              "objsubid": 0,
              "refobjid": 39707,
              "refclassid": 3079
            },
            {
              "objid": 39958,
              "classid": 1255,
              "deptype": "e",
              "extname": "btree_gist",
              "identity": "public.gbt_time_consistent(internal,time without time zone,smallint,oid,internal)",
              "objsubid": 0,
              "refobjid": 39707,
              "refclassid": 3079
            },
            {
              "objid": 39959,
              "classid": 1255,
              "deptype": "e",
              "extname": "btree_gist",
              "identity": "public.gbt_time_distance(internal,time without time zone,smallint,oid,internal)",
              "objsubid": 0,
              "refobjid": 39707,
              "refclassid": 3079
            },
            {
              "objid": 39960,
              "classid": 1255,
              "deptype": "e",
              "extname": "btree_gist",
              "identity": "public.gbt_timetz_consistent(internal,time with time zone,smallint,oid,internal)",
              "objsubid": 0,
              "refobjid": 39707,
              "refclassid": 3079
            },
            {
              "objid": 39961,
              "classid": 1255,
              "deptype": "e",
              "extname": "btree_gist",
              "identity": "public.gbt_time_compress(internal)",
              "objsubid": 0,
              "refobjid": 39707,
              "refclassid": 3079
            },
            {
              "objid": 39962,
              "classid": 1255,
              "deptype": "e",
              "extname": "btree_gist",
              "identity": "public.gbt_timetz_compress(internal)",
              "objsubid": 0,
              "refobjid": 39707,
              "refclassid": 3079
            },
            {
              "objid": 39963,
              "classid": 1255,
              "deptype": "e",
              "extname": "btree_gist",
              "identity": "public.gbt_time_fetch(internal)",
              "objsubid": 0,
              "refobjid": 39707,
              "refclassid": 3079
            },
            {
              "objid": 39964,
              "classid": 1255,
              "deptype": "e",
              "extname": "btree_gist",
              "identity": "public.gbt_time_penalty(internal,internal,internal)",
              "objsubid": 0,
              "refobjid": 39707,
              "refclassid": 3079
            },
            {
              "objid": 39965,
              "classid": 1255,
              "deptype": "e",
              "extname": "btree_gist",
              "identity": "public.gbt_time_picksplit(internal,internal)",
              "objsubid": 0,
              "refobjid": 39707,
              "refclassid": 3079
            },
            {
              "objid": 39966,
              "classid": 1255,
              "deptype": "e",
              "extname": "btree_gist",
              "identity": "public.gbt_time_union(internal,internal)",
              "objsubid": 0,
              "refobjid": 39707,
              "refclassid": 3079
            },
            {
              "objid": 39967,
              "classid": 1255,
              "deptype": "e",
              "extname": "btree_gist",
              "identity": "public.gbt_time_same(gbtreekey16,gbtreekey16,internal)",
              "objsubid": 0,
              "refobjid": 39707,
              "refclassid": 3079
            },
            {
              "objid": 40001,
              "classid": 1255,
              "deptype": "e",
              "extname": "btree_gist",
              "identity": "public.gbt_date_consistent(internal,date,smallint,oid,internal)",
              "objsubid": 0,
              "refobjid": 39707,
              "refclassid": 3079
            },
            {
              "objid": 40002,
              "classid": 1255,
              "deptype": "e",
              "extname": "btree_gist",
              "identity": "public.gbt_date_distance(internal,date,smallint,oid,internal)",
              "objsubid": 0,
              "refobjid": 39707,
              "refclassid": 3079
            },
            {
              "objid": 40003,
              "classid": 1255,
              "deptype": "e",
              "extname": "btree_gist",
              "identity": "public.gbt_date_compress(internal)",
              "objsubid": 0,
              "refobjid": 39707,
              "refclassid": 3079
            },
            {
              "objid": 40004,
              "classid": 1255,
              "deptype": "e",
              "extname": "btree_gist",
              "identity": "public.gbt_date_fetch(internal)",
              "objsubid": 0,
              "refobjid": 39707,
              "refclassid": 3079
            },
            {
              "objid": 40005,
              "classid": 1255,
              "deptype": "e",
              "extname": "btree_gist",
              "identity": "public.gbt_date_penalty(internal,internal,internal)",
              "objsubid": 0,
              "refobjid": 39707,
              "refclassid": 3079
            },
            {
              "objid": 40006,
              "classid": 1255,
              "deptype": "e",
              "extname": "btree_gist",
              "identity": "public.gbt_date_picksplit(internal,internal)",
              "objsubid": 0,
              "refobjid": 39707,
              "refclassid": 3079
            },
            {
              "objid": 40007,
              "classid": 1255,
              "deptype": "e",
              "extname": "btree_gist",
              "identity": "public.gbt_date_union(internal,internal)",
              "objsubid": 0,
              "refobjid": 39707,
              "refclassid": 3079
            },
            {
              "objid": 40008,
              "classid": 1255,
              "deptype": "e",
              "extname": "btree_gist",
              "identity": "public.gbt_date_same(gbtreekey8,gbtreekey8,internal)",
              "objsubid": 0,
              "refobjid": 39707,
              "refclassid": 3079
            },
            {
              "objid": 40027,
              "classid": 1255,
              "deptype": "e",
              "extname": "btree_gist",
              "identity": "public.gbt_intv_consistent(internal,interval,smallint,oid,internal)",
              "objsubid": 0,
              "refobjid": 39707,
              "refclassid": 3079
            },
            {
              "objid": 40028,
              "classid": 1255,
              "deptype": "e",
              "extname": "btree_gist",
              "identity": "public.gbt_intv_distance(internal,interval,smallint,oid,internal)",
              "objsubid": 0,
              "refobjid": 39707,
              "refclassid": 3079
            },
            {
              "objid": 40029,
              "classid": 1255,
              "deptype": "e",
              "extname": "btree_gist",
              "identity": "public.gbt_intv_compress(internal)",
              "objsubid": 0,
              "refobjid": 39707,
              "refclassid": 3079
            },
            {
              "objid": 40030,
              "classid": 1255,
              "deptype": "e",
              "extname": "btree_gist",
              "identity": "public.gbt_intv_decompress(internal)",
              "objsubid": 0,
              "refobjid": 39707,
              "refclassid": 3079
            },
            {
              "objid": 40031,
              "classid": 1255,
              "deptype": "e",
              "extname": "btree_gist",
              "identity": "public.gbt_intv_fetch(internal)",
              "objsubid": 0,
              "refobjid": 39707,
              "refclassid": 3079
            },
            {
              "objid": 40032,
              "classid": 1255,
              "deptype": "e",
              "extname": "btree_gist",
              "identity": "public.gbt_intv_penalty(internal,internal,internal)",
              "objsubid": 0,
              "refobjid": 39707,
              "refclassid": 3079
            },
            {
              "objid": 40033,
              "classid": 1255,
              "deptype": "e",
              "extname": "btree_gist",
              "identity": "public.gbt_intv_picksplit(internal,internal)",
              "objsubid": 0,
              "refobjid": 39707,
              "refclassid": 3079
            },
            {
              "objid": 40034,
              "classid": 1255,
              "deptype": "e",
              "extname": "btree_gist",
              "identity": "public.gbt_intv_union(internal,internal)",
              "objsubid": 0,
              "refobjid": 39707,
              "refclassid": 3079
            },
            {
              "objid": 40035,
              "classid": 1255,
              "deptype": "e",
              "extname": "btree_gist",
              "identity": "public.gbt_intv_same(gbtreekey32,gbtreekey32,internal)",
              "objsubid": 0,
              "refobjid": 39707,
              "refclassid": 3079
            },
            {
              "objid": 40054,
              "classid": 1255,
              "deptype": "e",
              "extname": "btree_gist",
              "identity": "public.gbt_cash_consistent(internal,money,smallint,oid,internal)",
              "objsubid": 0,
              "refobjid": 39707,
              "refclassid": 3079
            },
            {
              "objid": 40055,
              "classid": 1255,
              "deptype": "e",
              "extname": "btree_gist",
              "identity": "public.gbt_cash_distance(internal,money,smallint,oid,internal)",
              "objsubid": 0,
              "refobjid": 39707,
              "refclassid": 3079
            },
            {
              "objid": 40056,
              "classid": 1255,
              "deptype": "e",
              "extname": "btree_gist",
              "identity": "public.gbt_cash_compress(internal)",
              "objsubid": 0,
              "refobjid": 39707,
              "refclassid": 3079
            },
            {
              "objid": 40057,
              "classid": 1255,
              "deptype": "e",
              "extname": "btree_gist",
              "identity": "public.gbt_cash_fetch(internal)",
              "objsubid": 0,
              "refobjid": 39707,
              "refclassid": 3079
            },
            {
              "objid": 40058,
              "classid": 1255,
              "deptype": "e",
              "extname": "btree_gist",
              "identity": "public.gbt_cash_penalty(internal,internal,internal)",
              "objsubid": 0,
              "refobjid": 39707,
              "refclassid": 3079
            },
            {
              "objid": 40059,
              "classid": 1255,
              "deptype": "e",
              "extname": "btree_gist",
              "identity": "public.gbt_cash_picksplit(internal,internal)",
              "objsubid": 0,
              "refobjid": 39707,
              "refclassid": 3079
            },
            {
              "objid": 40060,
              "classid": 1255,
              "deptype": "e",
              "extname": "btree_gist",
              "identity": "public.gbt_cash_union(internal,internal)",
              "objsubid": 0,
              "refobjid": 39707,
              "refclassid": 3079
            },
            {
              "objid": 40061,
              "classid": 1255,
              "deptype": "e",
              "extname": "btree_gist",
              "identity": "public.gbt_cash_same(gbtreekey16,gbtreekey16,internal)",
              "objsubid": 0,
              "refobjid": 39707,
              "refclassid": 3079
            },
            {
              "objid": 40080,
              "classid": 1255,
              "deptype": "e",
              "extname": "btree_gist",
              "identity": "public.gbt_macad_consistent(internal,macaddr,smallint,oid,internal)",
              "objsubid": 0,
              "refobjid": 39707,
              "refclassid": 3079
            },
            {
              "objid": 40081,
              "classid": 1255,
              "deptype": "e",
              "extname": "btree_gist",
              "identity": "public.gbt_macad_compress(internal)",
              "objsubid": 0,
              "refobjid": 39707,
              "refclassid": 3079
            },
            {
              "objid": 40082,
              "classid": 1255,
              "deptype": "e",
              "extname": "btree_gist",
              "identity": "public.gbt_macad_fetch(internal)",
              "objsubid": 0,
              "refobjid": 39707,
              "refclassid": 3079
            },
            {
              "objid": 40083,
              "classid": 1255,
              "deptype": "e",
              "extname": "btree_gist",
              "identity": "public.gbt_macad_penalty(internal,internal,internal)",
              "objsubid": 0,
              "refobjid": 39707,
              "refclassid": 3079
            },
            {
              "objid": 40084,
              "classid": 1255,
              "deptype": "e",
              "extname": "btree_gist",
              "identity": "public.gbt_macad_picksplit(internal,internal)",
              "objsubid": 0,
              "refobjid": 39707,
              "refclassid": 3079
            },
            {
              "objid": 40085,
              "classid": 1255,
              "deptype": "e",
              "extname": "btree_gist",
              "identity": "public.gbt_macad_union(internal,internal)",
              "objsubid": 0,
              "refobjid": 39707,
              "refclassid": 3079
            },
            {
              "objid": 40086,
              "classid": 1255,
              "deptype": "e",
              "extname": "btree_gist",
              "identity": "public.gbt_macad_same(gbtreekey16,gbtreekey16,internal)",
              "objsubid": 0,
              "refobjid": 39707,
              "refclassid": 3079
            },
            {
              "objid": 40103,
              "classid": 1255,
              "deptype": "e",
              "extname": "btree_gist",
              "identity": "public.gbt_text_consistent(internal,text,smallint,oid,internal)",
              "objsubid": 0,
              "refobjid": 39707,
              "refclassid": 3079
            },
            {
              "objid": 40104,
              "classid": 1255,
              "deptype": "e",
              "extname": "btree_gist",
              "identity": "public.gbt_bpchar_consistent(internal,character,smallint,oid,internal)",
              "objsubid": 0,
              "refobjid": 39707,
              "refclassid": 3079
            },
            {
              "objid": 40105,
              "classid": 1255,
              "deptype": "e",
              "extname": "btree_gist",
              "identity": "public.gbt_text_compress(internal)",
              "objsubid": 0,
              "refobjid": 39707,
              "refclassid": 3079
            },
            {
              "objid": 40106,
              "classid": 1255,
              "deptype": "e",
              "extname": "btree_gist",
              "identity": "public.gbt_bpchar_compress(internal)",
              "objsubid": 0,
              "refobjid": 39707,
              "refclassid": 3079
            },
            {
              "objid": 40107,
              "classid": 1255,
              "deptype": "e",
              "extname": "btree_gist",
              "identity": "public.gbt_text_penalty(internal,internal,internal)",
              "objsubid": 0,
              "refobjid": 39707,
              "refclassid": 3079
            },
            {
              "objid": 40108,
              "classid": 1255,
              "deptype": "e",
              "extname": "btree_gist",
              "identity": "public.gbt_text_picksplit(internal,internal)",
              "objsubid": 0,
              "refobjid": 39707,
              "refclassid": 3079
            },
            {
              "objid": 40109,
              "classid": 1255,
              "deptype": "e",
              "extname": "btree_gist",
              "identity": "public.gbt_text_union(internal,internal)",
              "objsubid": 0,
              "refobjid": 39707,
              "refclassid": 3079
            },
            {
              "objid": 40110,
              "classid": 1255,
              "deptype": "e",
              "extname": "btree_gist",
              "identity": "public.gbt_text_same(gbtreekey_var,gbtreekey_var,internal)",
              "objsubid": 0,
              "refobjid": 39707,
              "refclassid": 3079
            },
            {
              "objid": 40143,
              "classid": 1255,
              "deptype": "e",
              "extname": "btree_gist",
              "identity": "public.gbt_bytea_consistent(internal,bytea,smallint,oid,internal)",
              "objsubid": 0,
              "refobjid": 39707,
              "refclassid": 3079
            },
            {
              "objid": 40144,
              "classid": 1255,
              "deptype": "e",
              "extname": "btree_gist",
              "identity": "public.gbt_bytea_compress(internal)",
              "objsubid": 0,
              "refobjid": 39707,
              "refclassid": 3079
            },
            {
              "objid": 40145,
              "classid": 1255,
              "deptype": "e",
              "extname": "btree_gist",
              "identity": "public.gbt_bytea_penalty(internal,internal,internal)",
              "objsubid": 0,
              "refobjid": 39707,
              "refclassid": 3079
            },
            {
              "objid": 40146,
              "classid": 1255,
              "deptype": "e",
              "extname": "btree_gist",
              "identity": "public.gbt_bytea_picksplit(internal,internal)",
              "objsubid": 0,
              "refobjid": 39707,
              "refclassid": 3079
            },
            {
              "objid": 40147,
              "classid": 1255,
              "deptype": "e",
              "extname": "btree_gist",
              "identity": "public.gbt_bytea_union(internal,internal)",
              "objsubid": 0,
              "refobjid": 39707,
              "refclassid": 3079
            },
            {
              "objid": 40148,
              "classid": 1255,
              "deptype": "e",
              "extname": "btree_gist",
              "identity": "public.gbt_bytea_same(gbtreekey_var,gbtreekey_var,internal)",
              "objsubid": 0,
              "refobjid": 39707,
              "refclassid": 3079
            },
            {
              "objid": 40165,
              "classid": 1255,
              "deptype": "e",
              "extname": "btree_gist",
              "identity": "public.gbt_numeric_consistent(internal,numeric,smallint,oid,internal)",
              "objsubid": 0,
              "refobjid": 39707,
              "refclassid": 3079
            },
            {
              "objid": 40166,
              "classid": 1255,
              "deptype": "e",
              "extname": "btree_gist",
              "identity": "public.gbt_numeric_compress(internal)",
              "objsubid": 0,
              "refobjid": 39707,
              "refclassid": 3079
            },
            {
              "objid": 40167,
              "classid": 1255,
              "deptype": "e",
              "extname": "btree_gist",
              "identity": "public.gbt_numeric_penalty(internal,internal,internal)",
              "objsubid": 0,
              "refobjid": 39707,
              "refclassid": 3079
            },
            {
              "objid": 40168,
              "classid": 1255,
              "deptype": "e",
              "extname": "btree_gist",
              "identity": "public.gbt_numeric_picksplit(internal,internal)",
              "objsubid": 0,
              "refobjid": 39707,
              "refclassid": 3079
            },
            {
              "objid": 40169,
              "classid": 1255,
              "deptype": "e",
              "extname": "btree_gist",
              "identity": "public.gbt_numeric_union(internal,internal)",
              "objsubid": 0,
              "refobjid": 39707,
              "refclassid": 3079
            },
            {
              "objid": 40170,
              "classid": 1255,
              "deptype": "e",
              "extname": "btree_gist",
              "identity": "public.gbt_numeric_same(gbtreekey_var,gbtreekey_var,internal)",
              "objsubid": 0,
              "refobjid": 39707,
              "refclassid": 3079
            },
            {
              "objid": 40187,
              "classid": 1255,
              "deptype": "e",
              "extname": "btree_gist",
              "identity": "public.gbt_bit_consistent(internal,bit,smallint,oid,internal)",
              "objsubid": 0,
              "refobjid": 39707,
              "refclassid": 3079
            },
            {
              "objid": 40188,
              "classid": 1255,
              "deptype": "e",
              "extname": "btree_gist",
              "identity": "public.gbt_bit_compress(internal)",
              "objsubid": 0,
              "refobjid": 39707,
              "refclassid": 3079
            },
            {
              "objid": 40189,
              "classid": 1255,
              "deptype": "e",
              "extname": "btree_gist",
              "identity": "public.gbt_bit_penalty(internal,internal,internal)",
              "objsubid": 0,
              "refobjid": 39707,
              "refclassid": 3079
            },
            {
              "objid": 40190,
              "classid": 1255,
              "deptype": "e",
              "extname": "btree_gist",
              "identity": "public.gbt_bit_picksplit(internal,internal)",
              "objsubid": 0,
              "refobjid": 39707,
              "refclassid": 3079
            },
            {
              "objid": 40191,
              "classid": 1255,
              "deptype": "e",
              "extname": "btree_gist",
              "identity": "public.gbt_bit_union(internal,internal)",
              "objsubid": 0,
              "refobjid": 39707,
              "refclassid": 3079
            },
            {
              "objid": 40192,
              "classid": 1255,
              "deptype": "e",
              "extname": "btree_gist",
              "identity": "public.gbt_bit_same(gbtreekey_var,gbtreekey_var,internal)",
              "objsubid": 0,
              "refobjid": 39707,
              "refclassid": 3079
            },
            {
              "objid": 40225,
              "classid": 1255,
              "deptype": "e",
              "extname": "btree_gist",
              "identity": "public.gbt_inet_consistent(internal,inet,smallint,oid,internal)",
              "objsubid": 0,
              "refobjid": 39707,
              "refclassid": 3079
            },
            {
              "objid": 40226,
              "classid": 1255,
              "deptype": "e",
              "extname": "btree_gist",
              "identity": "public.gbt_inet_compress(internal)",
              "objsubid": 0,
              "refobjid": 39707,
              "refclassid": 3079
            },
            {
              "objid": 40227,
              "classid": 1255,
              "deptype": "e",
              "extname": "btree_gist",
              "identity": "public.gbt_inet_penalty(internal,internal,internal)",
              "objsubid": 0,
              "refobjid": 39707,
              "refclassid": 3079
            },
            {
              "objid": 40228,
              "classid": 1255,
              "deptype": "e",
              "extname": "btree_gist",
              "identity": "public.gbt_inet_picksplit(internal,internal)",
              "objsubid": 0,
              "refobjid": 39707,
              "refclassid": 3079
            },
            {
              "objid": 40229,
              "classid": 1255,
              "deptype": "e",
              "extname": "btree_gist",
              "identity": "public.gbt_inet_union(internal,internal)",
              "objsubid": 0,
              "refobjid": 39707,
              "refclassid": 3079
            },
            {
              "objid": 40230,
              "classid": 1255,
              "deptype": "e",
              "extname": "btree_gist",
              "identity": "public.gbt_inet_same(gbtreekey16,gbtreekey16,internal)",
              "objsubid": 0,
              "refobjid": 39707,
              "refclassid": 3079
            },
            {
              "objid": 40261,
              "classid": 1255,
              "deptype": "e",
              "extname": "btree_gist",
              "identity": "public.gbt_uuid_consistent(internal,uuid,smallint,oid,internal)",
              "objsubid": 0,
              "refobjid": 39707,
              "refclassid": 3079
            },
            {
              "objid": 40262,
              "classid": 1255,
              "deptype": "e",
              "extname": "btree_gist",
              "identity": "public.gbt_uuid_fetch(internal)",
              "objsubid": 0,
              "refobjid": 39707,
              "refclassid": 3079
            },
            {
              "objid": 40263,
              "classid": 1255,
              "deptype": "e",
              "extname": "btree_gist",
              "identity": "public.gbt_uuid_compress(internal)",
              "objsubid": 0,
              "refobjid": 39707,
              "refclassid": 3079
            },
            {
              "objid": 40264,
              "classid": 1255,
              "deptype": "e",
              "extname": "btree_gist",
              "identity": "public.gbt_uuid_penalty(internal,internal,internal)",
              "objsubid": 0,
              "refobjid": 39707,
              "refclassid": 3079
            },
            {
              "objid": 40265,
              "classid": 1255,
              "deptype": "e",
              "extname": "btree_gist",
              "identity": "public.gbt_uuid_picksplit(internal,internal)",
              "objsubid": 0,
              "refobjid": 39707,
              "refclassid": 3079
            },
            {
              "objid": 40266,
              "classid": 1255,
              "deptype": "e",
              "extname": "btree_gist",
              "identity": "public.gbt_uuid_union(internal,internal)",
              "objsubid": 0,
              "refobjid": 39707,
              "refclassid": 3079
            },
            {
              "objid": 40267,
              "classid": 1255,
              "deptype": "e",
              "extname": "btree_gist",
              "identity": "public.gbt_uuid_same(gbtreekey32,gbtreekey32,internal)",
              "objsubid": 0,
              "refobjid": 39707,
              "refclassid": 3079
            },
            {
              "objid": 40284,
              "classid": 1255,
              "deptype": "e",
              "extname": "btree_gist",
              "identity": "public.gbt_macad8_consistent(internal,macaddr8,smallint,oid,internal)",
              "objsubid": 0,
              "refobjid": 39707,
              "refclassid": 3079
            },
            {
              "objid": 40285,
              "classid": 1255,
              "deptype": "e",
              "extname": "btree_gist",
              "identity": "public.gbt_macad8_compress(internal)",
              "objsubid": 0,
              "refobjid": 39707,
              "refclassid": 3079
            },
            {
              "objid": 40286,
              "classid": 1255,
              "deptype": "e",
              "extname": "btree_gist",
              "identity": "public.gbt_macad8_fetch(internal)",
              "objsubid": 0,
              "refobjid": 39707,
              "refclassid": 3079
            },
            {
              "objid": 40287,
              "classid": 1255,
              "deptype": "e",
              "extname": "btree_gist",
              "identity": "public.gbt_macad8_penalty(internal,internal,internal)",
              "objsubid": 0,
              "refobjid": 39707,
              "refclassid": 3079
            },
            {
              "objid": 40288,
              "classid": 1255,
              "deptype": "e",
              "extname": "btree_gist",
              "identity": "public.gbt_macad8_picksplit(internal,internal)",
              "objsubid": 0,
              "refobjid": 39707,
              "refclassid": 3079
            },
            {
              "objid": 40289,
              "classid": 1255,
              "deptype": "e",
              "extname": "btree_gist",
              "identity": "public.gbt_macad8_union(internal,internal)",
              "objsubid": 0,
              "refobjid": 39707,
              "refclassid": 3079
            },
            {
              "objid": 40290,
              "classid": 1255,
              "deptype": "e",
              "extname": "btree_gist",
              "identity": "public.gbt_macad8_same(gbtreekey16,gbtreekey16,internal)",
              "objsubid": 0,
              "refobjid": 39707,
              "refclassid": 3079
            },
            {
              "objid": 40307,
              "classid": 1255,
              "deptype": "e",
              "extname": "btree_gist",
              "identity": "public.gbt_enum_consistent(internal,anyenum,smallint,oid,internal)",
              "objsubid": 0,
              "refobjid": 39707,
              "refclassid": 3079
            },
            {
              "objid": 40308,
              "classid": 1255,
              "deptype": "e",
              "extname": "btree_gist",
              "identity": "public.gbt_enum_compress(internal)",
              "objsubid": 0,
              "refobjid": 39707,
              "refclassid": 3079
            },
            {
              "objid": 40309,
              "classid": 1255,
              "deptype": "e",
              "extname": "btree_gist",
              "identity": "public.gbt_enum_fetch(internal)",
              "objsubid": 0,
              "refobjid": 39707,
              "refclassid": 3079
            },
            {
              "objid": 40310,
              "classid": 1255,
              "deptype": "e",
              "extname": "btree_gist",
              "identity": "public.gbt_enum_penalty(internal,internal,internal)",
              "objsubid": 0,
              "refobjid": 39707,
              "refclassid": 3079
            },
            {
              "objid": 40311,
              "classid": 1255,
              "deptype": "e",
              "extname": "btree_gist",
              "identity": "public.gbt_enum_picksplit(internal,internal)",
              "objsubid": 0,
              "refobjid": 39707,
              "refclassid": 3079
            },
            {
              "objid": 40312,
              "classid": 1255,
              "deptype": "e",
              "extname": "btree_gist",
              "identity": "public.gbt_enum_union(internal,internal)",
              "objsubid": 0,
              "refobjid": 39707,
              "refclassid": 3079
            },
            {
              "objid": 40313,
              "classid": 1255,
              "deptype": "e",
              "extname": "btree_gist",
              "identity": "public.gbt_enum_same(gbtreekey8,gbtreekey8,internal)",
              "objsubid": 0,
              "refobjid": 39707,
              "refclassid": 3079
            },
            {
              "objid": 40331,
              "classid": 1255,
              "deptype": "e",
              "extname": "btree_gist",
              "identity": "public.gbtreekey2_in(cstring)",
              "objsubid": 0,
              "refobjid": 39707,
              "refclassid": 3079
            },
            {
              "objid": 40332,
              "classid": 1255,
              "deptype": "e",
              "extname": "btree_gist",
              "identity": "public.gbtreekey2_out(gbtreekey2)",
              "objsubid": 0,
              "refobjid": 39707,
              "refclassid": 3079
            },
            {
              "objid": 40334,
              "classid": 1255,
              "deptype": "e",
              "extname": "btree_gist",
              "identity": "public.gbt_bool_consistent(internal,boolean,smallint,oid,internal)",
              "objsubid": 0,
              "refobjid": 39707,
              "refclassid": 3079
            },
            {
              "objid": 40335,
              "classid": 1255,
              "deptype": "e",
              "extname": "btree_gist",
              "identity": "public.gbt_bool_compress(internal)",
              "objsubid": 0,
              "refobjid": 39707,
              "refclassid": 3079
            },
            {
              "objid": 40336,
              "classid": 1255,
              "deptype": "e",
              "extname": "btree_gist",
              "identity": "public.gbt_bool_fetch(internal)",
              "objsubid": 0,
              "refobjid": 39707,
              "refclassid": 3079
            },
            {
              "objid": 40337,
              "classid": 1255,
              "deptype": "e",
              "extname": "btree_gist",
              "identity": "public.gbt_bool_penalty(internal,internal,internal)",
              "objsubid": 0,
              "refobjid": 39707,
              "refclassid": 3079
            },
            {
              "objid": 40338,
              "classid": 1255,
              "deptype": "e",
              "extname": "btree_gist",
              "identity": "public.gbt_bool_picksplit(internal,internal)",
              "objsubid": 0,
              "refobjid": 39707,
              "refclassid": 3079
            },
            {
              "objid": 40339,
              "classid": 1255,
              "deptype": "e",
              "extname": "btree_gist",
              "identity": "public.gbt_bool_union(internal,internal)",
              "objsubid": 0,
              "refobjid": 39707,
              "refclassid": 3079
            },
            {
              "objid": 40340,
              "classid": 1255,
              "deptype": "e",
              "extname": "btree_gist",
              "identity": "public.gbt_bool_same(gbtreekey2,gbtreekey2,internal)",
              "objsubid": 0,
              "refobjid": 39707,
              "refclassid": 3079
            },
            {
              "objid": 39764,
              "classid": 2616,
              "deptype": "e",
              "extname": "btree_gist",
              "identity": "39764",
              "objsubid": 0,
              "refobjid": 39707,
              "refclassid": 3079
            },
            {
              "objid": 39790,
              "classid": 2616,
              "deptype": "e",
              "extname": "btree_gist",
              "identity": "39790",
              "objsubid": 0,
              "refobjid": 39707,
              "refclassid": 3079
            },
            {
              "objid": 39816,
              "classid": 2616,
              "deptype": "e",
              "extname": "btree_gist",
              "identity": "39816",
              "objsubid": 0,
              "refobjid": 39707,
              "refclassid": 3079
            },
            {
              "objid": 39842,
              "classid": 2616,
              "deptype": "e",
              "extname": "btree_gist",
              "identity": "39842",
              "objsubid": 0,
              "refobjid": 39707,
              "refclassid": 3079
            },
            {
              "objid": 39868,
              "classid": 2616,
              "deptype": "e",
              "extname": "btree_gist",
              "identity": "39868",
              "objsubid": 0,
              "refobjid": 39707,
              "refclassid": 3079
            },
            {
              "objid": 39894,
              "classid": 2616,
              "deptype": "e",
              "extname": "btree_gist",
              "identity": "39894",
              "objsubid": 0,
              "refobjid": 39707,
              "refclassid": 3079
            },
            {
              "objid": 39923,
              "classid": 2616,
              "deptype": "e",
              "extname": "btree_gist",
              "identity": "39923",
              "objsubid": 0,
              "refobjid": 39707,
              "refclassid": 3079
            },
            {
              "objid": 39941,
              "classid": 2616,
              "deptype": "e",
              "extname": "btree_gist",
              "identity": "39941",
              "objsubid": 0,
              "refobjid": 39707,
              "refclassid": 3079
            },
            {
              "objid": 39969,
              "classid": 2616,
              "deptype": "e",
              "extname": "btree_gist",
              "identity": "39969",
              "objsubid": 0,
              "refobjid": 39707,
              "refclassid": 3079
            },
            {
              "objid": 39987,
              "classid": 2616,
              "deptype": "e",
              "extname": "btree_gist",
              "identity": "39987",
              "objsubid": 0,
              "refobjid": 39707,
              "refclassid": 3079
            },
            {
              "objid": 40010,
              "classid": 2616,
              "deptype": "e",
              "extname": "btree_gist",
              "identity": "40010",
              "objsubid": 0,
              "refobjid": 39707,
              "refclassid": 3079
            },
            {
              "objid": 40037,
              "classid": 2616,
              "deptype": "e",
              "extname": "btree_gist",
              "identity": "40037",
              "objsubid": 0,
              "refobjid": 39707,
              "refclassid": 3079
            },
            {
              "objid": 40063,
              "classid": 2616,
              "deptype": "e",
              "extname": "btree_gist",
              "identity": "40063",
              "objsubid": 0,
              "refobjid": 39707,
              "refclassid": 3079
            },
            {
              "objid": 40088,
              "classid": 2616,
              "deptype": "e",
              "extname": "btree_gist",
              "identity": "40088",
              "objsubid": 0,
              "refobjid": 39707,
              "refclassid": 3079
            },
            {
              "objid": 40112,
              "classid": 2616,
              "deptype": "e",
              "extname": "btree_gist",
              "identity": "40112",
              "objsubid": 0,
              "refobjid": 39707,
              "refclassid": 3079
            },
            {
              "objid": 40128,
              "classid": 2616,
              "deptype": "e",
              "extname": "btree_gist",
              "identity": "40128",
              "objsubid": 0,
              "refobjid": 39707,
              "refclassid": 3079
            },
            {
              "objid": 40150,
              "classid": 2616,
              "deptype": "e",
              "extname": "btree_gist",
              "identity": "40150",
              "objsubid": 0,
              "refobjid": 39707,
              "refclassid": 3079
            },
            {
              "objid": 40172,
              "classid": 2616,
              "deptype": "e",
              "extname": "btree_gist",
              "identity": "40172",
              "objsubid": 0,
              "refobjid": 39707,
              "refclassid": 3079
            },
            {
              "objid": 40194,
              "classid": 2616,
              "deptype": "e",
              "extname": "btree_gist",
              "identity": "40194",
              "objsubid": 0,
              "refobjid": 39707,
              "refclassid": 3079
            },
            {
              "objid": 40210,
              "classid": 2616,
              "deptype": "e",
              "extname": "btree_gist",
              "identity": "40210",
              "objsubid": 0,
              "refobjid": 39707,
              "refclassid": 3079
            },
            {
              "objid": 40232,
              "classid": 2616,
              "deptype": "e",
              "extname": "btree_gist",
              "identity": "40232",
              "objsubid": 0,
              "refobjid": 39707,
              "refclassid": 3079
            },
            {
              "objid": 40247,
              "classid": 2616,
              "deptype": "e",
              "extname": "btree_gist",
              "identity": "40247",
              "objsubid": 0,
              "refobjid": 39707,
              "refclassid": 3079
            },
            {
              "objid": 40269,
              "classid": 2616,
              "deptype": "e",
              "extname": "btree_gist",
              "identity": "40269",
              "objsubid": 0,
              "refobjid": 39707,
              "refclassid": 3079
            },
            {
              "objid": 40292,
              "classid": 2616,
              "deptype": "e",
              "extname": "btree_gist",
              "identity": "40292",
              "objsubid": 0,
              "refobjid": 39707,
              "refclassid": 3079
            },
            {
              "objid": 40315,
              "classid": 2616,
              "deptype": "e",
              "extname": "btree_gist",
              "identity": "40315",
              "objsubid": 0,
              "refobjid": 39707,
              "refclassid": 3079
            },
            {
              "objid": 40342,
              "classid": 2616,
              "deptype": "e",
              "extname": "btree_gist",
              "identity": "40342",
              "objsubid": 0,
              "refobjid": 39707,
              "refclassid": 3079
            },
            {
              "objid": 39729,
              "classid": 2617,
              "deptype": "e",
              "extname": "btree_gist",
              "identity": "39729",
              "objsubid": 0,
              "refobjid": 39707,
              "refclassid": 3079
            },
            {
              "objid": 39731,
              "classid": 2617,
              "deptype": "e",
              "extname": "btree_gist",
              "identity": "39731",
              "objsubid": 0,
              "refobjid": 39707,
              "refclassid": 3079
            },
            {
              "objid": 39733,
              "classid": 2617,
              "deptype": "e",
              "extname": "btree_gist",
              "identity": "39733",
              "objsubid": 0,
              "refobjid": 39707,
              "refclassid": 3079
            },
            {
              "objid": 39735,
              "classid": 2617,
              "deptype": "e",
              "extname": "btree_gist",
              "identity": "39735",
              "objsubid": 0,
              "refobjid": 39707,
              "refclassid": 3079
            },
            {
              "objid": 39737,
              "classid": 2617,
              "deptype": "e",
              "extname": "btree_gist",
              "identity": "39737",
              "objsubid": 0,
              "refobjid": 39707,
              "refclassid": 3079
            },
            {
              "objid": 39739,
              "classid": 2617,
              "deptype": "e",
              "extname": "btree_gist",
              "identity": "39739",
              "objsubid": 0,
              "refobjid": 39707,
              "refclassid": 3079
            },
            {
              "objid": 39741,
              "classid": 2617,
              "deptype": "e",
              "extname": "btree_gist",
              "identity": "39741",
              "objsubid": 0,
              "refobjid": 39707,
              "refclassid": 3079
            },
            {
              "objid": 39743,
              "classid": 2617,
              "deptype": "e",
              "extname": "btree_gist",
              "identity": "39743",
              "objsubid": 0,
              "refobjid": 39707,
              "refclassid": 3079
            },
            {
              "objid": 39745,
              "classid": 2617,
              "deptype": "e",
              "extname": "btree_gist",
              "identity": "39745",
              "objsubid": 0,
              "refobjid": 39707,
              "refclassid": 3079
            },
            {
              "objid": 39747,
              "classid": 2617,
              "deptype": "e",
              "extname": "btree_gist",
              "identity": "39747",
              "objsubid": 0,
              "refobjid": 39707,
              "refclassid": 3079
            },
            {
              "objid": 39749,
              "classid": 2617,
              "deptype": "e",
              "extname": "btree_gist",
              "identity": "39749",
              "objsubid": 0,
              "refobjid": 39707,
              "refclassid": 3079
            },
            {
              "objid": 39751,
              "classid": 2617,
              "deptype": "e",
              "extname": "btree_gist",
              "identity": "39751",
              "objsubid": 0,
              "refobjid": 39707,
              "refclassid": 3079
            },
            {
              "objid": 39763,
              "classid": 2753,
              "deptype": "e",
              "extname": "btree_gist",
              "identity": "39763",
              "objsubid": 0,
              "refobjid": 39707,
              "refclassid": 3079
            },
            {
              "objid": 39789,
              "classid": 2753,
              "deptype": "e",
              "extname": "btree_gist",
              "identity": "39789",
              "objsubid": 0,
              "refobjid": 39707,
              "refclassid": 3079
            },
            {
              "objid": 39815,
              "classid": 2753,
              "deptype": "e",
              "extname": "btree_gist",
              "identity": "39815",
              "objsubid": 0,
              "refobjid": 39707,
              "refclassid": 3079
            },
            {
              "objid": 39841,
              "classid": 2753,
              "deptype": "e",
              "extname": "btree_gist",
              "identity": "39841",
              "objsubid": 0,
              "refobjid": 39707,
              "refclassid": 3079
            },
            {
              "objid": 39867,
              "classid": 2753,
              "deptype": "e",
              "extname": "btree_gist",
              "identity": "39867",
              "objsubid": 0,
              "refobjid": 39707,
              "refclassid": 3079
            },
            {
              "objid": 39893,
              "classid": 2753,
              "deptype": "e",
              "extname": "btree_gist",
              "identity": "39893",
              "objsubid": 0,
              "refobjid": 39707,
              "refclassid": 3079
            },
            {
              "objid": 39922,
              "classid": 2753,
              "deptype": "e",
              "extname": "btree_gist",
              "identity": "39922",
              "objsubid": 0,
              "refobjid": 39707,
              "refclassid": 3079
            },
            {
              "objid": 39940,
              "classid": 2753,
              "deptype": "e",
              "extname": "btree_gist",
              "identity": "39940",
              "objsubid": 0,
              "refobjid": 39707,
              "refclassid": 3079
            },
            {
              "objid": 39968,
              "classid": 2753,
              "deptype": "e",
              "extname": "btree_gist",
              "identity": "39968",
              "objsubid": 0,
              "refobjid": 39707,
              "refclassid": 3079
            },
            {
              "objid": 39986,
              "classid": 2753,
              "deptype": "e",
              "extname": "btree_gist",
              "identity": "39986",
              "objsubid": 0,
              "refobjid": 39707,
              "refclassid": 3079
            },
            {
              "objid": 40009,
              "classid": 2753,
              "deptype": "e",
              "extname": "btree_gist",
              "identity": "40009",
              "objsubid": 0,
              "refobjid": 39707,
              "refclassid": 3079
            },
            {
              "objid": 40036,
              "classid": 2753,
              "deptype": "e",
              "extname": "btree_gist",
              "identity": "40036",
              "objsubid": 0,
              "refobjid": 39707,
              "refclassid": 3079
            },
            {
              "objid": 40062,
              "classid": 2753,
              "deptype": "e",
              "extname": "btree_gist",
              "identity": "40062",
              "objsubid": 0,
              "refobjid": 39707,
              "refclassid": 3079
            },
            {
              "objid": 40087,
              "classid": 2753,
              "deptype": "e",
              "extname": "btree_gist",
              "identity": "40087",
              "objsubid": 0,
              "refobjid": 39707,
              "refclassid": 3079
            },
            {
              "objid": 40111,
              "classid": 2753,
              "deptype": "e",
              "extname": "btree_gist",
              "identity": "40111",
              "objsubid": 0,
              "refobjid": 39707,
              "refclassid": 3079
            },
            {
              "objid": 40127,
              "classid": 2753,
              "deptype": "e",
              "extname": "btree_gist",
              "identity": "40127",
              "objsubid": 0,
              "refobjid": 39707,
              "refclassid": 3079
            },
            {
              "objid": 40149,
              "classid": 2753,
              "deptype": "e",
              "extname": "btree_gist",
              "identity": "40149",
              "objsubid": 0,
              "refobjid": 39707,
              "refclassid": 3079
            },
            {
              "objid": 40171,
              "classid": 2753,
              "deptype": "e",
              "extname": "btree_gist",
              "identity": "40171",
              "objsubid": 0,
              "refobjid": 39707,
              "refclassid": 3079
            },
            {
              "objid": 40193,
              "classid": 2753,
              "deptype": "e",
              "extname": "btree_gist",
              "identity": "40193",
              "objsubid": 0,
              "refobjid": 39707,
              "refclassid": 3079
            },
            {
              "objid": 40209,
              "classid": 2753,
              "deptype": "e",
              "extname": "btree_gist",
              "identity": "40209",
              "objsubid": 0,
              "refobjid": 39707,
              "refclassid": 3079
            },
            {
              "objid": 40231,
              "classid": 2753,
              "deptype": "e",
              "extname": "btree_gist",
              "identity": "40231",
              "objsubid": 0,
              "refobjid": 39707,
              "refclassid": 3079
            },
            {
              "objid": 40246,
              "classid": 2753,
              "deptype": "e",
              "extname": "btree_gist",
              "identity": "40246",
              "objsubid": 0,
              "refobjid": 39707,
              "refclassid": 3079
            },
            {
              "objid": 40268,
              "classid": 2753,
              "deptype": "e",
              "extname": "btree_gist",
              "identity": "40268",
              "objsubid": 0,
              "refobjid": 39707,
              "refclassid": 3079
            },
            {
              "objid": 40291,
              "classid": 2753,
              "deptype": "e",
              "extname": "btree_gist",
              "identity": "40291",
              "objsubid": 0,
              "refobjid": 39707,
              "refclassid": 3079
            },
            {
              "objid": 40314,
              "classid": 2753,
              "deptype": "e",
              "extname": "btree_gist",
              "identity": "40314",
              "objsubid": 0,
              "refobjid": 39707,
              "refclassid": 3079
            },
            {
              "objid": 40341,
              "classid": 2753,
              "deptype": "e",
              "extname": "btree_gist",
              "identity": "40341",
              "objsubid": 0,
              "refobjid": 39707,
              "refclassid": 3079
            }
          ]
        },
        "afterQualification": {
          "extensionPresent": true,
          "memberCount": 264,
          "identities": [
            "39729",
            "39731",
            "39733",
            "39735",
            "39737",
            "39739",
            "39741",
            "39743",
            "39745",
            "39747",
            "39749",
            "39751",
            "39763",
            "39764",
            "39789",
            "39790",
            "39815",
            "39816",
            "39841",
            "39842",
            "39867",
            "39868",
            "39893",
            "39894",
            "39922",
            "39923",
            "39940",
            "39941",
            "39968",
            "39969",
            "39986",
            "39987",
            "40009",
            "40010",
            "40036",
            "40037",
            "40062",
            "40063",
            "40087",
            "40088",
            "40111",
            "40112",
            "40127",
            "40128",
            "40149",
            "40150",
            "40171",
            "40172",
            "40193",
            "40194",
            "40209",
            "40210",
            "40231",
            "40232",
            "40246",
            "40247",
            "40268",
            "40269",
            "40291",
            "40292",
            "40314",
            "40315",
            "40341",
            "40342",
            "public._gbtreekey16",
            "public._gbtreekey2",
            "public._gbtreekey32",
            "public._gbtreekey4",
            "public._gbtreekey8",
            "public._gbtreekey_var",
            "public.cash_dist(money,money)",
            "public.date_dist(date,date)",
            "public.float4_dist(real,real)",
            "public.float8_dist(double precision,double precision)",
            "public.gbt_bit_compress(internal)",
            "public.gbt_bit_consistent(internal,bit,smallint,oid,internal)",
            "public.gbt_bit_penalty(internal,internal,internal)",
            "public.gbt_bit_picksplit(internal,internal)",
            "public.gbt_bit_same(gbtreekey_var,gbtreekey_var,internal)",
            "public.gbt_bit_union(internal,internal)",
            "public.gbt_bool_compress(internal)",
            "public.gbt_bool_consistent(internal,boolean,smallint,oid,internal)",
            "public.gbt_bool_fetch(internal)",
            "public.gbt_bool_penalty(internal,internal,internal)",
            "public.gbt_bool_picksplit(internal,internal)",
            "public.gbt_bool_same(gbtreekey2,gbtreekey2,internal)",
            "public.gbt_bool_union(internal,internal)",
            "public.gbt_bpchar_compress(internal)",
            "public.gbt_bpchar_consistent(internal,character,smallint,oid,internal)",
            "public.gbt_bytea_compress(internal)",
            "public.gbt_bytea_consistent(internal,bytea,smallint,oid,internal)",
            "public.gbt_bytea_penalty(internal,internal,internal)",
            "public.gbt_bytea_picksplit(internal,internal)",
            "public.gbt_bytea_same(gbtreekey_var,gbtreekey_var,internal)",
            "public.gbt_bytea_union(internal,internal)",
            "public.gbt_cash_compress(internal)",
            "public.gbt_cash_consistent(internal,money,smallint,oid,internal)",
            "public.gbt_cash_distance(internal,money,smallint,oid,internal)",
            "public.gbt_cash_fetch(internal)",
            "public.gbt_cash_penalty(internal,internal,internal)",
            "public.gbt_cash_picksplit(internal,internal)",
            "public.gbt_cash_same(gbtreekey16,gbtreekey16,internal)",
            "public.gbt_cash_union(internal,internal)",
            "public.gbt_date_compress(internal)",
            "public.gbt_date_consistent(internal,date,smallint,oid,internal)",
            "public.gbt_date_distance(internal,date,smallint,oid,internal)",
            "public.gbt_date_fetch(internal)",
            "public.gbt_date_penalty(internal,internal,internal)",
            "public.gbt_date_picksplit(internal,internal)",
            "public.gbt_date_same(gbtreekey8,gbtreekey8,internal)",
            "public.gbt_date_union(internal,internal)",
            "public.gbt_decompress(internal)",
            "public.gbt_enum_compress(internal)",
            "public.gbt_enum_consistent(internal,anyenum,smallint,oid,internal)",
            "public.gbt_enum_fetch(internal)",
            "public.gbt_enum_penalty(internal,internal,internal)",
            "public.gbt_enum_picksplit(internal,internal)",
            "public.gbt_enum_same(gbtreekey8,gbtreekey8,internal)",
            "public.gbt_enum_union(internal,internal)",
            "public.gbt_float4_compress(internal)",
            "public.gbt_float4_consistent(internal,real,smallint,oid,internal)",
            "public.gbt_float4_distance(internal,real,smallint,oid,internal)",
            "public.gbt_float4_fetch(internal)",
            "public.gbt_float4_penalty(internal,internal,internal)",
            "public.gbt_float4_picksplit(internal,internal)",
            "public.gbt_float4_same(gbtreekey8,gbtreekey8,internal)",
            "public.gbt_float4_union(internal,internal)",
            "public.gbt_float8_compress(internal)",
            "public.gbt_float8_consistent(internal,double precision,smallint,oid,internal)",
            "public.gbt_float8_distance(internal,double precision,smallint,oid,internal)",
            "public.gbt_float8_fetch(internal)",
            "public.gbt_float8_penalty(internal,internal,internal)",
            "public.gbt_float8_picksplit(internal,internal)",
            "public.gbt_float8_same(gbtreekey16,gbtreekey16,internal)",
            "public.gbt_float8_union(internal,internal)",
            "public.gbt_inet_compress(internal)",
            "public.gbt_inet_consistent(internal,inet,smallint,oid,internal)",
            "public.gbt_inet_penalty(internal,internal,internal)",
            "public.gbt_inet_picksplit(internal,internal)",
            "public.gbt_inet_same(gbtreekey16,gbtreekey16,internal)",
            "public.gbt_inet_union(internal,internal)",
            "public.gbt_int2_compress(internal)",
            "public.gbt_int2_consistent(internal,smallint,smallint,oid,internal)",
            "public.gbt_int2_distance(internal,smallint,smallint,oid,internal)",
            "public.gbt_int2_fetch(internal)",
            "public.gbt_int2_penalty(internal,internal,internal)",
            "public.gbt_int2_picksplit(internal,internal)",
            "public.gbt_int2_same(gbtreekey4,gbtreekey4,internal)",
            "public.gbt_int2_union(internal,internal)",
            "public.gbt_int4_compress(internal)",
            "public.gbt_int4_consistent(internal,integer,smallint,oid,internal)",
            "public.gbt_int4_distance(internal,integer,smallint,oid,internal)",
            "public.gbt_int4_fetch(internal)",
            "public.gbt_int4_penalty(internal,internal,internal)",
            "public.gbt_int4_picksplit(internal,internal)",
            "public.gbt_int4_same(gbtreekey8,gbtreekey8,internal)",
            "public.gbt_int4_union(internal,internal)",
            "public.gbt_int8_compress(internal)",
            "public.gbt_int8_consistent(internal,bigint,smallint,oid,internal)",
            "public.gbt_int8_distance(internal,bigint,smallint,oid,internal)",
            "public.gbt_int8_fetch(internal)",
            "public.gbt_int8_penalty(internal,internal,internal)",
            "public.gbt_int8_picksplit(internal,internal)",
            "public.gbt_int8_same(gbtreekey16,gbtreekey16,internal)",
            "public.gbt_int8_union(internal,internal)",
            "public.gbt_intv_compress(internal)",
            "public.gbt_intv_consistent(internal,interval,smallint,oid,internal)",
            "public.gbt_intv_decompress(internal)",
            "public.gbt_intv_distance(internal,interval,smallint,oid,internal)",
            "public.gbt_intv_fetch(internal)",
            "public.gbt_intv_penalty(internal,internal,internal)",
            "public.gbt_intv_picksplit(internal,internal)",
            "public.gbt_intv_same(gbtreekey32,gbtreekey32,internal)",
            "public.gbt_intv_union(internal,internal)",
            "public.gbt_macad8_compress(internal)",
            "public.gbt_macad8_consistent(internal,macaddr8,smallint,oid,internal)",
            "public.gbt_macad8_fetch(internal)",
            "public.gbt_macad8_penalty(internal,internal,internal)",
            "public.gbt_macad8_picksplit(internal,internal)",
            "public.gbt_macad8_same(gbtreekey16,gbtreekey16,internal)",
            "public.gbt_macad8_union(internal,internal)",
            "public.gbt_macad_compress(internal)",
            "public.gbt_macad_consistent(internal,macaddr,smallint,oid,internal)",
            "public.gbt_macad_fetch(internal)",
            "public.gbt_macad_penalty(internal,internal,internal)",
            "public.gbt_macad_picksplit(internal,internal)",
            "public.gbt_macad_same(gbtreekey16,gbtreekey16,internal)",
            "public.gbt_macad_union(internal,internal)",
            "public.gbt_numeric_compress(internal)",
            "public.gbt_numeric_consistent(internal,numeric,smallint,oid,internal)",
            "public.gbt_numeric_penalty(internal,internal,internal)",
            "public.gbt_numeric_picksplit(internal,internal)",
            "public.gbt_numeric_same(gbtreekey_var,gbtreekey_var,internal)",
            "public.gbt_numeric_union(internal,internal)",
            "public.gbt_oid_compress(internal)",
            "public.gbt_oid_consistent(internal,oid,smallint,oid,internal)",
            "public.gbt_oid_distance(internal,oid,smallint,oid,internal)",
            "public.gbt_oid_fetch(internal)",
            "public.gbt_oid_penalty(internal,internal,internal)",
            "public.gbt_oid_picksplit(internal,internal)",
            "public.gbt_oid_same(gbtreekey8,gbtreekey8,internal)",
            "public.gbt_oid_union(internal,internal)",
            "public.gbt_text_compress(internal)",
            "public.gbt_text_consistent(internal,text,smallint,oid,internal)",
            "public.gbt_text_penalty(internal,internal,internal)",
            "public.gbt_text_picksplit(internal,internal)",
            "public.gbt_text_same(gbtreekey_var,gbtreekey_var,internal)",
            "public.gbt_text_union(internal,internal)",
            "public.gbt_time_compress(internal)",
            "public.gbt_time_consistent(internal,time without time zone,smallint,oid,internal)",
            "public.gbt_time_distance(internal,time without time zone,smallint,oid,internal)",
            "public.gbt_time_fetch(internal)",
            "public.gbt_time_penalty(internal,internal,internal)",
            "public.gbt_time_picksplit(internal,internal)",
            "public.gbt_time_same(gbtreekey16,gbtreekey16,internal)",
            "public.gbt_time_union(internal,internal)",
            "public.gbt_timetz_compress(internal)",
            "public.gbt_timetz_consistent(internal,time with time zone,smallint,oid,internal)",
            "public.gbt_ts_compress(internal)",
            "public.gbt_ts_consistent(internal,timestamp without time zone,smallint,oid,internal)",
            "public.gbt_ts_distance(internal,timestamp without time zone,smallint,oid,internal)",
            "public.gbt_ts_fetch(internal)",
            "public.gbt_ts_penalty(internal,internal,internal)",
            "public.gbt_ts_picksplit(internal,internal)",
            "public.gbt_ts_same(gbtreekey16,gbtreekey16,internal)",
            "public.gbt_ts_union(internal,internal)",
            "public.gbt_tstz_compress(internal)",
            "public.gbt_tstz_consistent(internal,timestamp with time zone,smallint,oid,internal)",
            "public.gbt_tstz_distance(internal,timestamp with time zone,smallint,oid,internal)",
            "public.gbt_uuid_compress(internal)",
            "public.gbt_uuid_consistent(internal,uuid,smallint,oid,internal)",
            "public.gbt_uuid_fetch(internal)",
            "public.gbt_uuid_penalty(internal,internal,internal)",
            "public.gbt_uuid_picksplit(internal,internal)",
            "public.gbt_uuid_same(gbtreekey32,gbtreekey32,internal)",
            "public.gbt_uuid_union(internal,internal)",
            "public.gbt_var_decompress(internal)",
            "public.gbt_var_fetch(internal)",
            "public.gbtreekey16",
            "public.gbtreekey16_in(cstring)",
            "public.gbtreekey16_out(gbtreekey16)",
            "public.gbtreekey2",
            "public.gbtreekey2_in(cstring)",
            "public.gbtreekey2_out(gbtreekey2)",
            "public.gbtreekey32",
            "public.gbtreekey32_in(cstring)",
            "public.gbtreekey32_out(gbtreekey32)",
            "public.gbtreekey4",
            "public.gbtreekey4_in(cstring)",
            "public.gbtreekey4_out(gbtreekey4)",
            "public.gbtreekey8",
            "public.gbtreekey8_in(cstring)",
            "public.gbtreekey8_out(gbtreekey8)",
            "public.gbtreekey_var",
            "public.gbtreekey_var_in(cstring)",
            "public.gbtreekey_var_out(gbtreekey_var)",
            "public.int2_dist(smallint,smallint)",
            "public.int4_dist(integer,integer)",
            "public.int8_dist(bigint,bigint)",
            "public.interval_dist(interval,interval)",
            "public.oid_dist(oid,oid)",
            "public.time_dist(time without time zone,time without time zone)",
            "public.ts_dist(timestamp without time zone,timestamp without time zone)",
            "public.tstz_dist(timestamp with time zone,timestamp with time zone)"
          ],
          "tuples": [
            {
              "objid": 39708,
              "classid": 1247,
              "deptype": "e",
              "extname": "btree_gist",
              "identity": "public.gbtreekey4",
              "objsubid": 0,
              "refobjid": 39707,
              "refclassid": 3079
            },
            {
              "objid": 39711,
              "classid": 1247,
              "deptype": "e",
              "extname": "btree_gist",
              "identity": "public._gbtreekey4",
              "objsubid": 0,
              "refobjid": 39707,
              "refclassid": 3079
            },
            {
              "objid": 39712,
              "classid": 1247,
              "deptype": "e",
              "extname": "btree_gist",
              "identity": "public.gbtreekey8",
              "objsubid": 0,
              "refobjid": 39707,
              "refclassid": 3079
            },
            {
              "objid": 39715,
              "classid": 1247,
              "deptype": "e",
              "extname": "btree_gist",
              "identity": "public._gbtreekey8",
              "objsubid": 0,
              "refobjid": 39707,
              "refclassid": 3079
            },
            {
              "objid": 39716,
              "classid": 1247,
              "deptype": "e",
              "extname": "btree_gist",
              "identity": "public.gbtreekey16",
              "objsubid": 0,
              "refobjid": 39707,
              "refclassid": 3079
            },
            {
              "objid": 39719,
              "classid": 1247,
              "deptype": "e",
              "extname": "btree_gist",
              "identity": "public._gbtreekey16",
              "objsubid": 0,
              "refobjid": 39707,
              "refclassid": 3079
            },
            {
              "objid": 39720,
              "classid": 1247,
              "deptype": "e",
              "extname": "btree_gist",
              "identity": "public.gbtreekey32",
              "objsubid": 0,
              "refobjid": 39707,
              "refclassid": 3079
            },
            {
              "objid": 39723,
              "classid": 1247,
              "deptype": "e",
              "extname": "btree_gist",
              "identity": "public._gbtreekey32",
              "objsubid": 0,
              "refobjid": 39707,
              "refclassid": 3079
            },
            {
              "objid": 39724,
              "classid": 1247,
              "deptype": "e",
              "extname": "btree_gist",
              "identity": "public.gbtreekey_var",
              "objsubid": 0,
              "refobjid": 39707,
              "refclassid": 3079
            },
            {
              "objid": 39727,
              "classid": 1247,
              "deptype": "e",
              "extname": "btree_gist",
              "identity": "public._gbtreekey_var",
              "objsubid": 0,
              "refobjid": 39707,
              "refclassid": 3079
            },
            {
              "objid": 40330,
              "classid": 1247,
              "deptype": "e",
              "extname": "btree_gist",
              "identity": "public.gbtreekey2",
              "objsubid": 0,
              "refobjid": 39707,
              "refclassid": 3079
            },
            {
              "objid": 40333,
              "classid": 1247,
              "deptype": "e",
              "extname": "btree_gist",
              "identity": "public._gbtreekey2",
              "objsubid": 0,
              "refobjid": 39707,
              "refclassid": 3079
            },
            {
              "objid": 39709,
              "classid": 1255,
              "deptype": "e",
              "extname": "btree_gist",
              "identity": "public.gbtreekey4_in(cstring)",
              "objsubid": 0,
              "refobjid": 39707,
              "refclassid": 3079
            },
            {
              "objid": 39710,
              "classid": 1255,
              "deptype": "e",
              "extname": "btree_gist",
              "identity": "public.gbtreekey4_out(gbtreekey4)",
              "objsubid": 0,
              "refobjid": 39707,
              "refclassid": 3079
            },
            {
              "objid": 39713,
              "classid": 1255,
              "deptype": "e",
              "extname": "btree_gist",
              "identity": "public.gbtreekey8_in(cstring)",
              "objsubid": 0,
              "refobjid": 39707,
              "refclassid": 3079
            },
            {
              "objid": 39714,
              "classid": 1255,
              "deptype": "e",
              "extname": "btree_gist",
              "identity": "public.gbtreekey8_out(gbtreekey8)",
              "objsubid": 0,
              "refobjid": 39707,
              "refclassid": 3079
            },
            {
              "objid": 39717,
              "classid": 1255,
              "deptype": "e",
              "extname": "btree_gist",
              "identity": "public.gbtreekey16_in(cstring)",
              "objsubid": 0,
              "refobjid": 39707,
              "refclassid": 3079
            },
            {
              "objid": 39718,
              "classid": 1255,
              "deptype": "e",
              "extname": "btree_gist",
              "identity": "public.gbtreekey16_out(gbtreekey16)",
              "objsubid": 0,
              "refobjid": 39707,
              "refclassid": 3079
            },
            {
              "objid": 39721,
              "classid": 1255,
              "deptype": "e",
              "extname": "btree_gist",
              "identity": "public.gbtreekey32_in(cstring)",
              "objsubid": 0,
              "refobjid": 39707,
              "refclassid": 3079
            },
            {
              "objid": 39722,
              "classid": 1255,
              "deptype": "e",
              "extname": "btree_gist",
              "identity": "public.gbtreekey32_out(gbtreekey32)",
              "objsubid": 0,
              "refobjid": 39707,
              "refclassid": 3079
            },
            {
              "objid": 39725,
              "classid": 1255,
              "deptype": "e",
              "extname": "btree_gist",
              "identity": "public.gbtreekey_var_in(cstring)",
              "objsubid": 0,
              "refobjid": 39707,
              "refclassid": 3079
            },
            {
              "objid": 39726,
              "classid": 1255,
              "deptype": "e",
              "extname": "btree_gist",
              "identity": "public.gbtreekey_var_out(gbtreekey_var)",
              "objsubid": 0,
              "refobjid": 39707,
              "refclassid": 3079
            },
            {
              "objid": 39728,
              "classid": 1255,
              "deptype": "e",
              "extname": "btree_gist",
              "identity": "public.cash_dist(money,money)",
              "objsubid": 0,
              "refobjid": 39707,
              "refclassid": 3079
            },
            {
              "objid": 39730,
              "classid": 1255,
              "deptype": "e",
              "extname": "btree_gist",
              "identity": "public.date_dist(date,date)",
              "objsubid": 0,
              "refobjid": 39707,
              "refclassid": 3079
            },
            {
              "objid": 39732,
              "classid": 1255,
              "deptype": "e",
              "extname": "btree_gist",
              "identity": "public.float4_dist(real,real)",
              "objsubid": 0,
              "refobjid": 39707,
              "refclassid": 3079
            },
            {
              "objid": 39734,
              "classid": 1255,
              "deptype": "e",
              "extname": "btree_gist",
              "identity": "public.float8_dist(double precision,double precision)",
              "objsubid": 0,
              "refobjid": 39707,
              "refclassid": 3079
            },
            {
              "objid": 39736,
              "classid": 1255,
              "deptype": "e",
              "extname": "btree_gist",
              "identity": "public.int2_dist(smallint,smallint)",
              "objsubid": 0,
              "refobjid": 39707,
              "refclassid": 3079
            },
            {
              "objid": 39738,
              "classid": 1255,
              "deptype": "e",
              "extname": "btree_gist",
              "identity": "public.int4_dist(integer,integer)",
              "objsubid": 0,
              "refobjid": 39707,
              "refclassid": 3079
            },
            {
              "objid": 39740,
              "classid": 1255,
              "deptype": "e",
              "extname": "btree_gist",
              "identity": "public.int8_dist(bigint,bigint)",
              "objsubid": 0,
              "refobjid": 39707,
              "refclassid": 3079
            },
            {
              "objid": 39742,
              "classid": 1255,
              "deptype": "e",
              "extname": "btree_gist",
              "identity": "public.interval_dist(interval,interval)",
              "objsubid": 0,
              "refobjid": 39707,
              "refclassid": 3079
            },
            {
              "objid": 39744,
              "classid": 1255,
              "deptype": "e",
              "extname": "btree_gist",
              "identity": "public.oid_dist(oid,oid)",
              "objsubid": 0,
              "refobjid": 39707,
              "refclassid": 3079
            },
            {
              "objid": 39746,
              "classid": 1255,
              "deptype": "e",
              "extname": "btree_gist",
              "identity": "public.time_dist(time without time zone,time without time zone)",
              "objsubid": 0,
              "refobjid": 39707,
              "refclassid": 3079
            },
            {
              "objid": 39748,
              "classid": 1255,
              "deptype": "e",
              "extname": "btree_gist",
              "identity": "public.ts_dist(timestamp without time zone,timestamp without time zone)",
              "objsubid": 0,
              "refobjid": 39707,
              "refclassid": 3079
            },
            {
              "objid": 39750,
              "classid": 1255,
              "deptype": "e",
              "extname": "btree_gist",
              "identity": "public.tstz_dist(timestamp with time zone,timestamp with time zone)",
              "objsubid": 0,
              "refobjid": 39707,
              "refclassid": 3079
            },
            {
              "objid": 39752,
              "classid": 1255,
              "deptype": "e",
              "extname": "btree_gist",
              "identity": "public.gbt_oid_consistent(internal,oid,smallint,oid,internal)",
              "objsubid": 0,
              "refobjid": 39707,
              "refclassid": 3079
            },
            {
              "objid": 39753,
              "classid": 1255,
              "deptype": "e",
              "extname": "btree_gist",
              "identity": "public.gbt_oid_distance(internal,oid,smallint,oid,internal)",
              "objsubid": 0,
              "refobjid": 39707,
              "refclassid": 3079
            },
            {
              "objid": 39754,
              "classid": 1255,
              "deptype": "e",
              "extname": "btree_gist",
              "identity": "public.gbt_oid_fetch(internal)",
              "objsubid": 0,
              "refobjid": 39707,
              "refclassid": 3079
            },
            {
              "objid": 39755,
              "classid": 1255,
              "deptype": "e",
              "extname": "btree_gist",
              "identity": "public.gbt_oid_compress(internal)",
              "objsubid": 0,
              "refobjid": 39707,
              "refclassid": 3079
            },
            {
              "objid": 39756,
              "classid": 1255,
              "deptype": "e",
              "extname": "btree_gist",
              "identity": "public.gbt_decompress(internal)",
              "objsubid": 0,
              "refobjid": 39707,
              "refclassid": 3079
            },
            {
              "objid": 39757,
              "classid": 1255,
              "deptype": "e",
              "extname": "btree_gist",
              "identity": "public.gbt_var_decompress(internal)",
              "objsubid": 0,
              "refobjid": 39707,
              "refclassid": 3079
            },
            {
              "objid": 39758,
              "classid": 1255,
              "deptype": "e",
              "extname": "btree_gist",
              "identity": "public.gbt_var_fetch(internal)",
              "objsubid": 0,
              "refobjid": 39707,
              "refclassid": 3079
            },
            {
              "objid": 39759,
              "classid": 1255,
              "deptype": "e",
              "extname": "btree_gist",
              "identity": "public.gbt_oid_penalty(internal,internal,internal)",
              "objsubid": 0,
              "refobjid": 39707,
              "refclassid": 3079
            },
            {
              "objid": 39760,
              "classid": 1255,
              "deptype": "e",
              "extname": "btree_gist",
              "identity": "public.gbt_oid_picksplit(internal,internal)",
              "objsubid": 0,
              "refobjid": 39707,
              "refclassid": 3079
            },
            {
              "objid": 39761,
              "classid": 1255,
              "deptype": "e",
              "extname": "btree_gist",
              "identity": "public.gbt_oid_union(internal,internal)",
              "objsubid": 0,
              "refobjid": 39707,
              "refclassid": 3079
            },
            {
              "objid": 39762,
              "classid": 1255,
              "deptype": "e",
              "extname": "btree_gist",
              "identity": "public.gbt_oid_same(gbtreekey8,gbtreekey8,internal)",
              "objsubid": 0,
              "refobjid": 39707,
              "refclassid": 3079
            },
            {
              "objid": 39781,
              "classid": 1255,
              "deptype": "e",
              "extname": "btree_gist",
              "identity": "public.gbt_int2_consistent(internal,smallint,smallint,oid,internal)",
              "objsubid": 0,
              "refobjid": 39707,
              "refclassid": 3079
            },
            {
              "objid": 39782,
              "classid": 1255,
              "deptype": "e",
              "extname": "btree_gist",
              "identity": "public.gbt_int2_distance(internal,smallint,smallint,oid,internal)",
              "objsubid": 0,
              "refobjid": 39707,
              "refclassid": 3079
            },
            {
              "objid": 39783,
              "classid": 1255,
              "deptype": "e",
              "extname": "btree_gist",
              "identity": "public.gbt_int2_compress(internal)",
              "objsubid": 0,
              "refobjid": 39707,
              "refclassid": 3079
            },
            {
              "objid": 39784,
              "classid": 1255,
              "deptype": "e",
              "extname": "btree_gist",
              "identity": "public.gbt_int2_fetch(internal)",
              "objsubid": 0,
              "refobjid": 39707,
              "refclassid": 3079
            },
            {
              "objid": 39785,
              "classid": 1255,
              "deptype": "e",
              "extname": "btree_gist",
              "identity": "public.gbt_int2_penalty(internal,internal,internal)",
              "objsubid": 0,
              "refobjid": 39707,
              "refclassid": 3079
            },
            {
              "objid": 39786,
              "classid": 1255,
              "deptype": "e",
              "extname": "btree_gist",
              "identity": "public.gbt_int2_picksplit(internal,internal)",
              "objsubid": 0,
              "refobjid": 39707,
              "refclassid": 3079
            },
            {
              "objid": 39787,
              "classid": 1255,
              "deptype": "e",
              "extname": "btree_gist",
              "identity": "public.gbt_int2_union(internal,internal)",
              "objsubid": 0,
              "refobjid": 39707,
              "refclassid": 3079
            },
            {
              "objid": 39788,
              "classid": 1255,
              "deptype": "e",
              "extname": "btree_gist",
              "identity": "public.gbt_int2_same(gbtreekey4,gbtreekey4,internal)",
              "objsubid": 0,
              "refobjid": 39707,
              "refclassid": 3079
            },
            {
              "objid": 39807,
              "classid": 1255,
              "deptype": "e",
              "extname": "btree_gist",
              "identity": "public.gbt_int4_consistent(internal,integer,smallint,oid,internal)",
              "objsubid": 0,
              "refobjid": 39707,
              "refclassid": 3079
            },
            {
              "objid": 39808,
              "classid": 1255,
              "deptype": "e",
              "extname": "btree_gist",
              "identity": "public.gbt_int4_distance(internal,integer,smallint,oid,internal)",
              "objsubid": 0,
              "refobjid": 39707,
              "refclassid": 3079
            },
            {
              "objid": 39809,
              "classid": 1255,
              "deptype": "e",
              "extname": "btree_gist",
              "identity": "public.gbt_int4_compress(internal)",
              "objsubid": 0,
              "refobjid": 39707,
              "refclassid": 3079
            },
            {
              "objid": 39810,
              "classid": 1255,
              "deptype": "e",
              "extname": "btree_gist",
              "identity": "public.gbt_int4_fetch(internal)",
              "objsubid": 0,
              "refobjid": 39707,
              "refclassid": 3079
            },
            {
              "objid": 39811,
              "classid": 1255,
              "deptype": "e",
              "extname": "btree_gist",
              "identity": "public.gbt_int4_penalty(internal,internal,internal)",
              "objsubid": 0,
              "refobjid": 39707,
              "refclassid": 3079
            },
            {
              "objid": 39812,
              "classid": 1255,
              "deptype": "e",
              "extname": "btree_gist",
              "identity": "public.gbt_int4_picksplit(internal,internal)",
              "objsubid": 0,
              "refobjid": 39707,
              "refclassid": 3079
            },
            {
              "objid": 39813,
              "classid": 1255,
              "deptype": "e",
              "extname": "btree_gist",
              "identity": "public.gbt_int4_union(internal,internal)",
              "objsubid": 0,
              "refobjid": 39707,
              "refclassid": 3079
            },
            {
              "objid": 39814,
              "classid": 1255,
              "deptype": "e",
              "extname": "btree_gist",
              "identity": "public.gbt_int4_same(gbtreekey8,gbtreekey8,internal)",
              "objsubid": 0,
              "refobjid": 39707,
              "refclassid": 3079
            },
            {
              "objid": 39833,
              "classid": 1255,
              "deptype": "e",
              "extname": "btree_gist",
              "identity": "public.gbt_int8_consistent(internal,bigint,smallint,oid,internal)",
              "objsubid": 0,
              "refobjid": 39707,
              "refclassid": 3079
            },
            {
              "objid": 39834,
              "classid": 1255,
              "deptype": "e",
              "extname": "btree_gist",
              "identity": "public.gbt_int8_distance(internal,bigint,smallint,oid,internal)",
              "objsubid": 0,
              "refobjid": 39707,
              "refclassid": 3079
            },
            {
              "objid": 39835,
              "classid": 1255,
              "deptype": "e",
              "extname": "btree_gist",
              "identity": "public.gbt_int8_compress(internal)",
              "objsubid": 0,
              "refobjid": 39707,
              "refclassid": 3079
            },
            {
              "objid": 39836,
              "classid": 1255,
              "deptype": "e",
              "extname": "btree_gist",
              "identity": "public.gbt_int8_fetch(internal)",
              "objsubid": 0,
              "refobjid": 39707,
              "refclassid": 3079
            },
            {
              "objid": 39837,
              "classid": 1255,
              "deptype": "e",
              "extname": "btree_gist",
              "identity": "public.gbt_int8_penalty(internal,internal,internal)",
              "objsubid": 0,
              "refobjid": 39707,
              "refclassid": 3079
            },
            {
              "objid": 39838,
              "classid": 1255,
              "deptype": "e",
              "extname": "btree_gist",
              "identity": "public.gbt_int8_picksplit(internal,internal)",
              "objsubid": 0,
              "refobjid": 39707,
              "refclassid": 3079
            },
            {
              "objid": 39839,
              "classid": 1255,
              "deptype": "e",
              "extname": "btree_gist",
              "identity": "public.gbt_int8_union(internal,internal)",
              "objsubid": 0,
              "refobjid": 39707,
              "refclassid": 3079
            },
            {
              "objid": 39840,
              "classid": 1255,
              "deptype": "e",
              "extname": "btree_gist",
              "identity": "public.gbt_int8_same(gbtreekey16,gbtreekey16,internal)",
              "objsubid": 0,
              "refobjid": 39707,
              "refclassid": 3079
            },
            {
              "objid": 39859,
              "classid": 1255,
              "deptype": "e",
              "extname": "btree_gist",
              "identity": "public.gbt_float4_consistent(internal,real,smallint,oid,internal)",
              "objsubid": 0,
              "refobjid": 39707,
              "refclassid": 3079
            },
            {
              "objid": 39860,
              "classid": 1255,
              "deptype": "e",
              "extname": "btree_gist",
              "identity": "public.gbt_float4_distance(internal,real,smallint,oid,internal)",
              "objsubid": 0,
              "refobjid": 39707,
              "refclassid": 3079
            },
            {
              "objid": 39861,
              "classid": 1255,
              "deptype": "e",
              "extname": "btree_gist",
              "identity": "public.gbt_float4_compress(internal)",
              "objsubid": 0,
              "refobjid": 39707,
              "refclassid": 3079
            },
            {
              "objid": 39862,
              "classid": 1255,
              "deptype": "e",
              "extname": "btree_gist",
              "identity": "public.gbt_float4_fetch(internal)",
              "objsubid": 0,
              "refobjid": 39707,
              "refclassid": 3079
            },
            {
              "objid": 39863,
              "classid": 1255,
              "deptype": "e",
              "extname": "btree_gist",
              "identity": "public.gbt_float4_penalty(internal,internal,internal)",
              "objsubid": 0,
              "refobjid": 39707,
              "refclassid": 3079
            },
            {
              "objid": 39864,
              "classid": 1255,
              "deptype": "e",
              "extname": "btree_gist",
              "identity": "public.gbt_float4_picksplit(internal,internal)",
              "objsubid": 0,
              "refobjid": 39707,
              "refclassid": 3079
            },
            {
              "objid": 39865,
              "classid": 1255,
              "deptype": "e",
              "extname": "btree_gist",
              "identity": "public.gbt_float4_union(internal,internal)",
              "objsubid": 0,
              "refobjid": 39707,
              "refclassid": 3079
            },
            {
              "objid": 39866,
              "classid": 1255,
              "deptype": "e",
              "extname": "btree_gist",
              "identity": "public.gbt_float4_same(gbtreekey8,gbtreekey8,internal)",
              "objsubid": 0,
              "refobjid": 39707,
              "refclassid": 3079
            },
            {
              "objid": 39885,
              "classid": 1255,
              "deptype": "e",
              "extname": "btree_gist",
              "identity": "public.gbt_float8_consistent(internal,double precision,smallint,oid,internal)",
              "objsubid": 0,
              "refobjid": 39707,
              "refclassid": 3079
            },
            {
              "objid": 39886,
              "classid": 1255,
              "deptype": "e",
              "extname": "btree_gist",
              "identity": "public.gbt_float8_distance(internal,double precision,smallint,oid,internal)",
              "objsubid": 0,
              "refobjid": 39707,
              "refclassid": 3079
            },
            {
              "objid": 39887,
              "classid": 1255,
              "deptype": "e",
              "extname": "btree_gist",
              "identity": "public.gbt_float8_compress(internal)",
              "objsubid": 0,
              "refobjid": 39707,
              "refclassid": 3079
            },
            {
              "objid": 39888,
              "classid": 1255,
              "deptype": "e",
              "extname": "btree_gist",
              "identity": "public.gbt_float8_fetch(internal)",
              "objsubid": 0,
              "refobjid": 39707,
              "refclassid": 3079
            },
            {
              "objid": 39889,
              "classid": 1255,
              "deptype": "e",
              "extname": "btree_gist",
              "identity": "public.gbt_float8_penalty(internal,internal,internal)",
              "objsubid": 0,
              "refobjid": 39707,
              "refclassid": 3079
            },
            {
              "objid": 39890,
              "classid": 1255,
              "deptype": "e",
              "extname": "btree_gist",
              "identity": "public.gbt_float8_picksplit(internal,internal)",
              "objsubid": 0,
              "refobjid": 39707,
              "refclassid": 3079
            },
            {
              "objid": 39891,
              "classid": 1255,
              "deptype": "e",
              "extname": "btree_gist",
              "identity": "public.gbt_float8_union(internal,internal)",
              "objsubid": 0,
              "refobjid": 39707,
              "refclassid": 3079
            },
            {
              "objid": 39892,
              "classid": 1255,
              "deptype": "e",
              "extname": "btree_gist",
              "identity": "public.gbt_float8_same(gbtreekey16,gbtreekey16,internal)",
              "objsubid": 0,
              "refobjid": 39707,
              "refclassid": 3079
            },
            {
              "objid": 39911,
              "classid": 1255,
              "deptype": "e",
              "extname": "btree_gist",
              "identity": "public.gbt_ts_consistent(internal,timestamp without time zone,smallint,oid,internal)",
              "objsubid": 0,
              "refobjid": 39707,
              "refclassid": 3079
            },
            {
              "objid": 39912,
              "classid": 1255,
              "deptype": "e",
              "extname": "btree_gist",
              "identity": "public.gbt_ts_distance(internal,timestamp without time zone,smallint,oid,internal)",
              "objsubid": 0,
              "refobjid": 39707,
              "refclassid": 3079
            },
            {
              "objid": 39913,
              "classid": 1255,
              "deptype": "e",
              "extname": "btree_gist",
              "identity": "public.gbt_tstz_consistent(internal,timestamp with time zone,smallint,oid,internal)",
              "objsubid": 0,
              "refobjid": 39707,
              "refclassid": 3079
            },
            {
              "objid": 39914,
              "classid": 1255,
              "deptype": "e",
              "extname": "btree_gist",
              "identity": "public.gbt_tstz_distance(internal,timestamp with time zone,smallint,oid,internal)",
              "objsubid": 0,
              "refobjid": 39707,
              "refclassid": 3079
            },
            {
              "objid": 39915,
              "classid": 1255,
              "deptype": "e",
              "extname": "btree_gist",
              "identity": "public.gbt_ts_compress(internal)",
              "objsubid": 0,
              "refobjid": 39707,
              "refclassid": 3079
            },
            {
              "objid": 39916,
              "classid": 1255,
              "deptype": "e",
              "extname": "btree_gist",
              "identity": "public.gbt_tstz_compress(internal)",
              "objsubid": 0,
              "refobjid": 39707,
              "refclassid": 3079
            },
            {
              "objid": 39917,
              "classid": 1255,
              "deptype": "e",
              "extname": "btree_gist",
              "identity": "public.gbt_ts_fetch(internal)",
              "objsubid": 0,
              "refobjid": 39707,
              "refclassid": 3079
            },
            {
              "objid": 39918,
              "classid": 1255,
              "deptype": "e",
              "extname": "btree_gist",
              "identity": "public.gbt_ts_penalty(internal,internal,internal)",
              "objsubid": 0,
              "refobjid": 39707,
              "refclassid": 3079
            },
            {
              "objid": 39919,
              "classid": 1255,
              "deptype": "e",
              "extname": "btree_gist",
              "identity": "public.gbt_ts_picksplit(internal,internal)",
              "objsubid": 0,
              "refobjid": 39707,
              "refclassid": 3079
            },
            {
              "objid": 39920,
              "classid": 1255,
              "deptype": "e",
              "extname": "btree_gist",
              "identity": "public.gbt_ts_union(internal,internal)",
              "objsubid": 0,
              "refobjid": 39707,
              "refclassid": 3079
            },
            {
              "objid": 39921,
              "classid": 1255,
              "deptype": "e",
              "extname": "btree_gist",
              "identity": "public.gbt_ts_same(gbtreekey16,gbtreekey16,internal)",
              "objsubid": 0,
              "refobjid": 39707,
              "refclassid": 3079
            },
            {
              "objid": 39958,
              "classid": 1255,
              "deptype": "e",
              "extname": "btree_gist",
              "identity": "public.gbt_time_consistent(internal,time without time zone,smallint,oid,internal)",
              "objsubid": 0,
              "refobjid": 39707,
              "refclassid": 3079
            },
            {
              "objid": 39959,
              "classid": 1255,
              "deptype": "e",
              "extname": "btree_gist",
              "identity": "public.gbt_time_distance(internal,time without time zone,smallint,oid,internal)",
              "objsubid": 0,
              "refobjid": 39707,
              "refclassid": 3079
            },
            {
              "objid": 39960,
              "classid": 1255,
              "deptype": "e",
              "extname": "btree_gist",
              "identity": "public.gbt_timetz_consistent(internal,time with time zone,smallint,oid,internal)",
              "objsubid": 0,
              "refobjid": 39707,
              "refclassid": 3079
            },
            {
              "objid": 39961,
              "classid": 1255,
              "deptype": "e",
              "extname": "btree_gist",
              "identity": "public.gbt_time_compress(internal)",
              "objsubid": 0,
              "refobjid": 39707,
              "refclassid": 3079
            },
            {
              "objid": 39962,
              "classid": 1255,
              "deptype": "e",
              "extname": "btree_gist",
              "identity": "public.gbt_timetz_compress(internal)",
              "objsubid": 0,
              "refobjid": 39707,
              "refclassid": 3079
            },
            {
              "objid": 39963,
              "classid": 1255,
              "deptype": "e",
              "extname": "btree_gist",
              "identity": "public.gbt_time_fetch(internal)",
              "objsubid": 0,
              "refobjid": 39707,
              "refclassid": 3079
            },
            {
              "objid": 39964,
              "classid": 1255,
              "deptype": "e",
              "extname": "btree_gist",
              "identity": "public.gbt_time_penalty(internal,internal,internal)",
              "objsubid": 0,
              "refobjid": 39707,
              "refclassid": 3079
            },
            {
              "objid": 39965,
              "classid": 1255,
              "deptype": "e",
              "extname": "btree_gist",
              "identity": "public.gbt_time_picksplit(internal,internal)",
              "objsubid": 0,
              "refobjid": 39707,
              "refclassid": 3079
            },
            {
              "objid": 39966,
              "classid": 1255,
              "deptype": "e",
              "extname": "btree_gist",
              "identity": "public.gbt_time_union(internal,internal)",
              "objsubid": 0,
              "refobjid": 39707,
              "refclassid": 3079
            },
            {
              "objid": 39967,
              "classid": 1255,
              "deptype": "e",
              "extname": "btree_gist",
              "identity": "public.gbt_time_same(gbtreekey16,gbtreekey16,internal)",
              "objsubid": 0,
              "refobjid": 39707,
              "refclassid": 3079
            },
            {
              "objid": 40001,
              "classid": 1255,
              "deptype": "e",
              "extname": "btree_gist",
              "identity": "public.gbt_date_consistent(internal,date,smallint,oid,internal)",
              "objsubid": 0,
              "refobjid": 39707,
              "refclassid": 3079
            },
            {
              "objid": 40002,
              "classid": 1255,
              "deptype": "e",
              "extname": "btree_gist",
              "identity": "public.gbt_date_distance(internal,date,smallint,oid,internal)",
              "objsubid": 0,
              "refobjid": 39707,
              "refclassid": 3079
            },
            {
              "objid": 40003,
              "classid": 1255,
              "deptype": "e",
              "extname": "btree_gist",
              "identity": "public.gbt_date_compress(internal)",
              "objsubid": 0,
              "refobjid": 39707,
              "refclassid": 3079
            },
            {
              "objid": 40004,
              "classid": 1255,
              "deptype": "e",
              "extname": "btree_gist",
              "identity": "public.gbt_date_fetch(internal)",
              "objsubid": 0,
              "refobjid": 39707,
              "refclassid": 3079
            },
            {
              "objid": 40005,
              "classid": 1255,
              "deptype": "e",
              "extname": "btree_gist",
              "identity": "public.gbt_date_penalty(internal,internal,internal)",
              "objsubid": 0,
              "refobjid": 39707,
              "refclassid": 3079
            },
            {
              "objid": 40006,
              "classid": 1255,
              "deptype": "e",
              "extname": "btree_gist",
              "identity": "public.gbt_date_picksplit(internal,internal)",
              "objsubid": 0,
              "refobjid": 39707,
              "refclassid": 3079
            },
            {
              "objid": 40007,
              "classid": 1255,
              "deptype": "e",
              "extname": "btree_gist",
              "identity": "public.gbt_date_union(internal,internal)",
              "objsubid": 0,
              "refobjid": 39707,
              "refclassid": 3079
            },
            {
              "objid": 40008,
              "classid": 1255,
              "deptype": "e",
              "extname": "btree_gist",
              "identity": "public.gbt_date_same(gbtreekey8,gbtreekey8,internal)",
              "objsubid": 0,
              "refobjid": 39707,
              "refclassid": 3079
            },
            {
              "objid": 40027,
              "classid": 1255,
              "deptype": "e",
              "extname": "btree_gist",
              "identity": "public.gbt_intv_consistent(internal,interval,smallint,oid,internal)",
              "objsubid": 0,
              "refobjid": 39707,
              "refclassid": 3079
            },
            {
              "objid": 40028,
              "classid": 1255,
              "deptype": "e",
              "extname": "btree_gist",
              "identity": "public.gbt_intv_distance(internal,interval,smallint,oid,internal)",
              "objsubid": 0,
              "refobjid": 39707,
              "refclassid": 3079
            },
            {
              "objid": 40029,
              "classid": 1255,
              "deptype": "e",
              "extname": "btree_gist",
              "identity": "public.gbt_intv_compress(internal)",
              "objsubid": 0,
              "refobjid": 39707,
              "refclassid": 3079
            },
            {
              "objid": 40030,
              "classid": 1255,
              "deptype": "e",
              "extname": "btree_gist",
              "identity": "public.gbt_intv_decompress(internal)",
              "objsubid": 0,
              "refobjid": 39707,
              "refclassid": 3079
            },
            {
              "objid": 40031,
              "classid": 1255,
              "deptype": "e",
              "extname": "btree_gist",
              "identity": "public.gbt_intv_fetch(internal)",
              "objsubid": 0,
              "refobjid": 39707,
              "refclassid": 3079
            },
            {
              "objid": 40032,
              "classid": 1255,
              "deptype": "e",
              "extname": "btree_gist",
              "identity": "public.gbt_intv_penalty(internal,internal,internal)",
              "objsubid": 0,
              "refobjid": 39707,
              "refclassid": 3079
            },
            {
              "objid": 40033,
              "classid": 1255,
              "deptype": "e",
              "extname": "btree_gist",
              "identity": "public.gbt_intv_picksplit(internal,internal)",
              "objsubid": 0,
              "refobjid": 39707,
              "refclassid": 3079
            },
            {
              "objid": 40034,
              "classid": 1255,
              "deptype": "e",
              "extname": "btree_gist",
              "identity": "public.gbt_intv_union(internal,internal)",
              "objsubid": 0,
              "refobjid": 39707,
              "refclassid": 3079
            },
            {
              "objid": 40035,
              "classid": 1255,
              "deptype": "e",
              "extname": "btree_gist",
              "identity": "public.gbt_intv_same(gbtreekey32,gbtreekey32,internal)",
              "objsubid": 0,
              "refobjid": 39707,
              "refclassid": 3079
            },
            {
              "objid": 40054,
              "classid": 1255,
              "deptype": "e",
              "extname": "btree_gist",
              "identity": "public.gbt_cash_consistent(internal,money,smallint,oid,internal)",
              "objsubid": 0,
              "refobjid": 39707,
              "refclassid": 3079
            },
            {
              "objid": 40055,
              "classid": 1255,
              "deptype": "e",
              "extname": "btree_gist",
              "identity": "public.gbt_cash_distance(internal,money,smallint,oid,internal)",
              "objsubid": 0,
              "refobjid": 39707,
              "refclassid": 3079
            },
            {
              "objid": 40056,
              "classid": 1255,
              "deptype": "e",
              "extname": "btree_gist",
              "identity": "public.gbt_cash_compress(internal)",
              "objsubid": 0,
              "refobjid": 39707,
              "refclassid": 3079
            },
            {
              "objid": 40057,
              "classid": 1255,
              "deptype": "e",
              "extname": "btree_gist",
              "identity": "public.gbt_cash_fetch(internal)",
              "objsubid": 0,
              "refobjid": 39707,
              "refclassid": 3079
            },
            {
              "objid": 40058,
              "classid": 1255,
              "deptype": "e",
              "extname": "btree_gist",
              "identity": "public.gbt_cash_penalty(internal,internal,internal)",
              "objsubid": 0,
              "refobjid": 39707,
              "refclassid": 3079
            },
            {
              "objid": 40059,
              "classid": 1255,
              "deptype": "e",
              "extname": "btree_gist",
              "identity": "public.gbt_cash_picksplit(internal,internal)",
              "objsubid": 0,
              "refobjid": 39707,
              "refclassid": 3079
            },
            {
              "objid": 40060,
              "classid": 1255,
              "deptype": "e",
              "extname": "btree_gist",
              "identity": "public.gbt_cash_union(internal,internal)",
              "objsubid": 0,
              "refobjid": 39707,
              "refclassid": 3079
            },
            {
              "objid": 40061,
              "classid": 1255,
              "deptype": "e",
              "extname": "btree_gist",
              "identity": "public.gbt_cash_same(gbtreekey16,gbtreekey16,internal)",
              "objsubid": 0,
              "refobjid": 39707,
              "refclassid": 3079
            },
            {
              "objid": 40080,
              "classid": 1255,
              "deptype": "e",
              "extname": "btree_gist",
              "identity": "public.gbt_macad_consistent(internal,macaddr,smallint,oid,internal)",
              "objsubid": 0,
              "refobjid": 39707,
              "refclassid": 3079
            },
            {
              "objid": 40081,
              "classid": 1255,
              "deptype": "e",
              "extname": "btree_gist",
              "identity": "public.gbt_macad_compress(internal)",
              "objsubid": 0,
              "refobjid": 39707,
              "refclassid": 3079
            },
            {
              "objid": 40082,
              "classid": 1255,
              "deptype": "e",
              "extname": "btree_gist",
              "identity": "public.gbt_macad_fetch(internal)",
              "objsubid": 0,
              "refobjid": 39707,
              "refclassid": 3079
            },
            {
              "objid": 40083,
              "classid": 1255,
              "deptype": "e",
              "extname": "btree_gist",
              "identity": "public.gbt_macad_penalty(internal,internal,internal)",
              "objsubid": 0,
              "refobjid": 39707,
              "refclassid": 3079
            },
            {
              "objid": 40084,
              "classid": 1255,
              "deptype": "e",
              "extname": "btree_gist",
              "identity": "public.gbt_macad_picksplit(internal,internal)",
              "objsubid": 0,
              "refobjid": 39707,
              "refclassid": 3079
            },
            {
              "objid": 40085,
              "classid": 1255,
              "deptype": "e",
              "extname": "btree_gist",
              "identity": "public.gbt_macad_union(internal,internal)",
              "objsubid": 0,
              "refobjid": 39707,
              "refclassid": 3079
            },
            {
              "objid": 40086,
              "classid": 1255,
              "deptype": "e",
              "extname": "btree_gist",
              "identity": "public.gbt_macad_same(gbtreekey16,gbtreekey16,internal)",
              "objsubid": 0,
              "refobjid": 39707,
              "refclassid": 3079
            },
            {
              "objid": 40103,
              "classid": 1255,
              "deptype": "e",
              "extname": "btree_gist",
              "identity": "public.gbt_text_consistent(internal,text,smallint,oid,internal)",
              "objsubid": 0,
              "refobjid": 39707,
              "refclassid": 3079
            },
            {
              "objid": 40104,
              "classid": 1255,
              "deptype": "e",
              "extname": "btree_gist",
              "identity": "public.gbt_bpchar_consistent(internal,character,smallint,oid,internal)",
              "objsubid": 0,
              "refobjid": 39707,
              "refclassid": 3079
            },
            {
              "objid": 40105,
              "classid": 1255,
              "deptype": "e",
              "extname": "btree_gist",
              "identity": "public.gbt_text_compress(internal)",
              "objsubid": 0,
              "refobjid": 39707,
              "refclassid": 3079
            },
            {
              "objid": 40106,
              "classid": 1255,
              "deptype": "e",
              "extname": "btree_gist",
              "identity": "public.gbt_bpchar_compress(internal)",
              "objsubid": 0,
              "refobjid": 39707,
              "refclassid": 3079
            },
            {
              "objid": 40107,
              "classid": 1255,
              "deptype": "e",
              "extname": "btree_gist",
              "identity": "public.gbt_text_penalty(internal,internal,internal)",
              "objsubid": 0,
              "refobjid": 39707,
              "refclassid": 3079
            },
            {
              "objid": 40108,
              "classid": 1255,
              "deptype": "e",
              "extname": "btree_gist",
              "identity": "public.gbt_text_picksplit(internal,internal)",
              "objsubid": 0,
              "refobjid": 39707,
              "refclassid": 3079
            },
            {
              "objid": 40109,
              "classid": 1255,
              "deptype": "e",
              "extname": "btree_gist",
              "identity": "public.gbt_text_union(internal,internal)",
              "objsubid": 0,
              "refobjid": 39707,
              "refclassid": 3079
            },
            {
              "objid": 40110,
              "classid": 1255,
              "deptype": "e",
              "extname": "btree_gist",
              "identity": "public.gbt_text_same(gbtreekey_var,gbtreekey_var,internal)",
              "objsubid": 0,
              "refobjid": 39707,
              "refclassid": 3079
            },
            {
              "objid": 40143,
              "classid": 1255,
              "deptype": "e",
              "extname": "btree_gist",
              "identity": "public.gbt_bytea_consistent(internal,bytea,smallint,oid,internal)",
              "objsubid": 0,
              "refobjid": 39707,
              "refclassid": 3079
            },
            {
              "objid": 40144,
              "classid": 1255,
              "deptype": "e",
              "extname": "btree_gist",
              "identity": "public.gbt_bytea_compress(internal)",
              "objsubid": 0,
              "refobjid": 39707,
              "refclassid": 3079
            },
            {
              "objid": 40145,
              "classid": 1255,
              "deptype": "e",
              "extname": "btree_gist",
              "identity": "public.gbt_bytea_penalty(internal,internal,internal)",
              "objsubid": 0,
              "refobjid": 39707,
              "refclassid": 3079
            },
            {
              "objid": 40146,
              "classid": 1255,
              "deptype": "e",
              "extname": "btree_gist",
              "identity": "public.gbt_bytea_picksplit(internal,internal)",
              "objsubid": 0,
              "refobjid": 39707,
              "refclassid": 3079
            },
            {
              "objid": 40147,
              "classid": 1255,
              "deptype": "e",
              "extname": "btree_gist",
              "identity": "public.gbt_bytea_union(internal,internal)",
              "objsubid": 0,
              "refobjid": 39707,
              "refclassid": 3079
            },
            {
              "objid": 40148,
              "classid": 1255,
              "deptype": "e",
              "extname": "btree_gist",
              "identity": "public.gbt_bytea_same(gbtreekey_var,gbtreekey_var,internal)",
              "objsubid": 0,
              "refobjid": 39707,
              "refclassid": 3079
            },
            {
              "objid": 40165,
              "classid": 1255,
              "deptype": "e",
              "extname": "btree_gist",
              "identity": "public.gbt_numeric_consistent(internal,numeric,smallint,oid,internal)",
              "objsubid": 0,
              "refobjid": 39707,
              "refclassid": 3079
            },
            {
              "objid": 40166,
              "classid": 1255,
              "deptype": "e",
              "extname": "btree_gist",
              "identity": "public.gbt_numeric_compress(internal)",
              "objsubid": 0,
              "refobjid": 39707,
              "refclassid": 3079
            },
            {
              "objid": 40167,
              "classid": 1255,
              "deptype": "e",
              "extname": "btree_gist",
              "identity": "public.gbt_numeric_penalty(internal,internal,internal)",
              "objsubid": 0,
              "refobjid": 39707,
              "refclassid": 3079
            },
            {
              "objid": 40168,
              "classid": 1255,
              "deptype": "e",
              "extname": "btree_gist",
              "identity": "public.gbt_numeric_picksplit(internal,internal)",
              "objsubid": 0,
              "refobjid": 39707,
              "refclassid": 3079
            },
            {
              "objid": 40169,
              "classid": 1255,
              "deptype": "e",
              "extname": "btree_gist",
              "identity": "public.gbt_numeric_union(internal,internal)",
              "objsubid": 0,
              "refobjid": 39707,
              "refclassid": 3079
            },
            {
              "objid": 40170,
              "classid": 1255,
              "deptype": "e",
              "extname": "btree_gist",
              "identity": "public.gbt_numeric_same(gbtreekey_var,gbtreekey_var,internal)",
              "objsubid": 0,
              "refobjid": 39707,
              "refclassid": 3079
            },
            {
              "objid": 40187,
              "classid": 1255,
              "deptype": "e",
              "extname": "btree_gist",
              "identity": "public.gbt_bit_consistent(internal,bit,smallint,oid,internal)",
              "objsubid": 0,
              "refobjid": 39707,
              "refclassid": 3079
            },
            {
              "objid": 40188,
              "classid": 1255,
              "deptype": "e",
              "extname": "btree_gist",
              "identity": "public.gbt_bit_compress(internal)",
              "objsubid": 0,
              "refobjid": 39707,
              "refclassid": 3079
            },
            {
              "objid": 40189,
              "classid": 1255,
              "deptype": "e",
              "extname": "btree_gist",
              "identity": "public.gbt_bit_penalty(internal,internal,internal)",
              "objsubid": 0,
              "refobjid": 39707,
              "refclassid": 3079
            },
            {
              "objid": 40190,
              "classid": 1255,
              "deptype": "e",
              "extname": "btree_gist",
              "identity": "public.gbt_bit_picksplit(internal,internal)",
              "objsubid": 0,
              "refobjid": 39707,
              "refclassid": 3079
            },
            {
              "objid": 40191,
              "classid": 1255,
              "deptype": "e",
              "extname": "btree_gist",
              "identity": "public.gbt_bit_union(internal,internal)",
              "objsubid": 0,
              "refobjid": 39707,
              "refclassid": 3079
            },
            {
              "objid": 40192,
              "classid": 1255,
              "deptype": "e",
              "extname": "btree_gist",
              "identity": "public.gbt_bit_same(gbtreekey_var,gbtreekey_var,internal)",
              "objsubid": 0,
              "refobjid": 39707,
              "refclassid": 3079
            },
            {
              "objid": 40225,
              "classid": 1255,
              "deptype": "e",
              "extname": "btree_gist",
              "identity": "public.gbt_inet_consistent(internal,inet,smallint,oid,internal)",
              "objsubid": 0,
              "refobjid": 39707,
              "refclassid": 3079
            },
            {
              "objid": 40226,
              "classid": 1255,
              "deptype": "e",
              "extname": "btree_gist",
              "identity": "public.gbt_inet_compress(internal)",
              "objsubid": 0,
              "refobjid": 39707,
              "refclassid": 3079
            },
            {
              "objid": 40227,
              "classid": 1255,
              "deptype": "e",
              "extname": "btree_gist",
              "identity": "public.gbt_inet_penalty(internal,internal,internal)",
              "objsubid": 0,
              "refobjid": 39707,
              "refclassid": 3079
            },
            {
              "objid": 40228,
              "classid": 1255,
              "deptype": "e",
              "extname": "btree_gist",
              "identity": "public.gbt_inet_picksplit(internal,internal)",
              "objsubid": 0,
              "refobjid": 39707,
              "refclassid": 3079
            },
            {
              "objid": 40229,
              "classid": 1255,
              "deptype": "e",
              "extname": "btree_gist",
              "identity": "public.gbt_inet_union(internal,internal)",
              "objsubid": 0,
              "refobjid": 39707,
              "refclassid": 3079
            },
            {
              "objid": 40230,
              "classid": 1255,
              "deptype": "e",
              "extname": "btree_gist",
              "identity": "public.gbt_inet_same(gbtreekey16,gbtreekey16,internal)",
              "objsubid": 0,
              "refobjid": 39707,
              "refclassid": 3079
            },
            {
              "objid": 40261,
              "classid": 1255,
              "deptype": "e",
              "extname": "btree_gist",
              "identity": "public.gbt_uuid_consistent(internal,uuid,smallint,oid,internal)",
              "objsubid": 0,
              "refobjid": 39707,
              "refclassid": 3079
            },
            {
              "objid": 40262,
              "classid": 1255,
              "deptype": "e",
              "extname": "btree_gist",
              "identity": "public.gbt_uuid_fetch(internal)",
              "objsubid": 0,
              "refobjid": 39707,
              "refclassid": 3079
            },
            {
              "objid": 40263,
              "classid": 1255,
              "deptype": "e",
              "extname": "btree_gist",
              "identity": "public.gbt_uuid_compress(internal)",
              "objsubid": 0,
              "refobjid": 39707,
              "refclassid": 3079
            },
            {
              "objid": 40264,
              "classid": 1255,
              "deptype": "e",
              "extname": "btree_gist",
              "identity": "public.gbt_uuid_penalty(internal,internal,internal)",
              "objsubid": 0,
              "refobjid": 39707,
              "refclassid": 3079
            },
            {
              "objid": 40265,
              "classid": 1255,
              "deptype": "e",
              "extname": "btree_gist",
              "identity": "public.gbt_uuid_picksplit(internal,internal)",
              "objsubid": 0,
              "refobjid": 39707,
              "refclassid": 3079
            },
            {
              "objid": 40266,
              "classid": 1255,
              "deptype": "e",
              "extname": "btree_gist",
              "identity": "public.gbt_uuid_union(internal,internal)",
              "objsubid": 0,
              "refobjid": 39707,
              "refclassid": 3079
            },
            {
              "objid": 40267,
              "classid": 1255,
              "deptype": "e",
              "extname": "btree_gist",
              "identity": "public.gbt_uuid_same(gbtreekey32,gbtreekey32,internal)",
              "objsubid": 0,
              "refobjid": 39707,
              "refclassid": 3079
            },
            {
              "objid": 40284,
              "classid": 1255,
              "deptype": "e",
              "extname": "btree_gist",
              "identity": "public.gbt_macad8_consistent(internal,macaddr8,smallint,oid,internal)",
              "objsubid": 0,
              "refobjid": 39707,
              "refclassid": 3079
            },
            {
              "objid": 40285,
              "classid": 1255,
              "deptype": "e",
              "extname": "btree_gist",
              "identity": "public.gbt_macad8_compress(internal)",
              "objsubid": 0,
              "refobjid": 39707,
              "refclassid": 3079
            },
            {
              "objid": 40286,
              "classid": 1255,
              "deptype": "e",
              "extname": "btree_gist",
              "identity": "public.gbt_macad8_fetch(internal)",
              "objsubid": 0,
              "refobjid": 39707,
              "refclassid": 3079
            },
            {
              "objid": 40287,
              "classid": 1255,
              "deptype": "e",
              "extname": "btree_gist",
              "identity": "public.gbt_macad8_penalty(internal,internal,internal)",
              "objsubid": 0,
              "refobjid": 39707,
              "refclassid": 3079
            },
            {
              "objid": 40288,
              "classid": 1255,
              "deptype": "e",
              "extname": "btree_gist",
              "identity": "public.gbt_macad8_picksplit(internal,internal)",
              "objsubid": 0,
              "refobjid": 39707,
              "refclassid": 3079
            },
            {
              "objid": 40289,
              "classid": 1255,
              "deptype": "e",
              "extname": "btree_gist",
              "identity": "public.gbt_macad8_union(internal,internal)",
              "objsubid": 0,
              "refobjid": 39707,
              "refclassid": 3079
            },
            {
              "objid": 40290,
              "classid": 1255,
              "deptype": "e",
              "extname": "btree_gist",
              "identity": "public.gbt_macad8_same(gbtreekey16,gbtreekey16,internal)",
              "objsubid": 0,
              "refobjid": 39707,
              "refclassid": 3079
            },
            {
              "objid": 40307,
              "classid": 1255,
              "deptype": "e",
              "extname": "btree_gist",
              "identity": "public.gbt_enum_consistent(internal,anyenum,smallint,oid,internal)",
              "objsubid": 0,
              "refobjid": 39707,
              "refclassid": 3079
            },
            {
              "objid": 40308,
              "classid": 1255,
              "deptype": "e",
              "extname": "btree_gist",
              "identity": "public.gbt_enum_compress(internal)",
              "objsubid": 0,
              "refobjid": 39707,
              "refclassid": 3079
            },
            {
              "objid": 40309,
              "classid": 1255,
              "deptype": "e",
              "extname": "btree_gist",
              "identity": "public.gbt_enum_fetch(internal)",
              "objsubid": 0,
              "refobjid": 39707,
              "refclassid": 3079
            },
            {
              "objid": 40310,
              "classid": 1255,
              "deptype": "e",
              "extname": "btree_gist",
              "identity": "public.gbt_enum_penalty(internal,internal,internal)",
              "objsubid": 0,
              "refobjid": 39707,
              "refclassid": 3079
            },
            {
              "objid": 40311,
              "classid": 1255,
              "deptype": "e",
              "extname": "btree_gist",
              "identity": "public.gbt_enum_picksplit(internal,internal)",
              "objsubid": 0,
              "refobjid": 39707,
              "refclassid": 3079
            },
            {
              "objid": 40312,
              "classid": 1255,
              "deptype": "e",
              "extname": "btree_gist",
              "identity": "public.gbt_enum_union(internal,internal)",
              "objsubid": 0,
              "refobjid": 39707,
              "refclassid": 3079
            },
            {
              "objid": 40313,
              "classid": 1255,
              "deptype": "e",
              "extname": "btree_gist",
              "identity": "public.gbt_enum_same(gbtreekey8,gbtreekey8,internal)",
              "objsubid": 0,
              "refobjid": 39707,
              "refclassid": 3079
            },
            {
              "objid": 40331,
              "classid": 1255,
              "deptype": "e",
              "extname": "btree_gist",
              "identity": "public.gbtreekey2_in(cstring)",
              "objsubid": 0,
              "refobjid": 39707,
              "refclassid": 3079
            },
            {
              "objid": 40332,
              "classid": 1255,
              "deptype": "e",
              "extname": "btree_gist",
              "identity": "public.gbtreekey2_out(gbtreekey2)",
              "objsubid": 0,
              "refobjid": 39707,
              "refclassid": 3079
            },
            {
              "objid": 40334,
              "classid": 1255,
              "deptype": "e",
              "extname": "btree_gist",
              "identity": "public.gbt_bool_consistent(internal,boolean,smallint,oid,internal)",
              "objsubid": 0,
              "refobjid": 39707,
              "refclassid": 3079
            },
            {
              "objid": 40335,
              "classid": 1255,
              "deptype": "e",
              "extname": "btree_gist",
              "identity": "public.gbt_bool_compress(internal)",
              "objsubid": 0,
              "refobjid": 39707,
              "refclassid": 3079
            },
            {
              "objid": 40336,
              "classid": 1255,
              "deptype": "e",
              "extname": "btree_gist",
              "identity": "public.gbt_bool_fetch(internal)",
              "objsubid": 0,
              "refobjid": 39707,
              "refclassid": 3079
            },
            {
              "objid": 40337,
              "classid": 1255,
              "deptype": "e",
              "extname": "btree_gist",
              "identity": "public.gbt_bool_penalty(internal,internal,internal)",
              "objsubid": 0,
              "refobjid": 39707,
              "refclassid": 3079
            },
            {
              "objid": 40338,
              "classid": 1255,
              "deptype": "e",
              "extname": "btree_gist",
              "identity": "public.gbt_bool_picksplit(internal,internal)",
              "objsubid": 0,
              "refobjid": 39707,
              "refclassid": 3079
            },
            {
              "objid": 40339,
              "classid": 1255,
              "deptype": "e",
              "extname": "btree_gist",
              "identity": "public.gbt_bool_union(internal,internal)",
              "objsubid": 0,
              "refobjid": 39707,
              "refclassid": 3079
            },
            {
              "objid": 40340,
              "classid": 1255,
              "deptype": "e",
              "extname": "btree_gist",
              "identity": "public.gbt_bool_same(gbtreekey2,gbtreekey2,internal)",
              "objsubid": 0,
              "refobjid": 39707,
              "refclassid": 3079
            },
            {
              "objid": 39764,
              "classid": 2616,
              "deptype": "e",
              "extname": "btree_gist",
              "identity": "39764",
              "objsubid": 0,
              "refobjid": 39707,
              "refclassid": 3079
            },
            {
              "objid": 39790,
              "classid": 2616,
              "deptype": "e",
              "extname": "btree_gist",
              "identity": "39790",
              "objsubid": 0,
              "refobjid": 39707,
              "refclassid": 3079
            },
            {
              "objid": 39816,
              "classid": 2616,
              "deptype": "e",
              "extname": "btree_gist",
              "identity": "39816",
              "objsubid": 0,
              "refobjid": 39707,
              "refclassid": 3079
            },
            {
              "objid": 39842,
              "classid": 2616,
              "deptype": "e",
              "extname": "btree_gist",
              "identity": "39842",
              "objsubid": 0,
              "refobjid": 39707,
              "refclassid": 3079
            },
            {
              "objid": 39868,
              "classid": 2616,
              "deptype": "e",
              "extname": "btree_gist",
              "identity": "39868",
              "objsubid": 0,
              "refobjid": 39707,
              "refclassid": 3079
            },
            {
              "objid": 39894,
              "classid": 2616,
              "deptype": "e",
              "extname": "btree_gist",
              "identity": "39894",
              "objsubid": 0,
              "refobjid": 39707,
              "refclassid": 3079
            },
            {
              "objid": 39923,
              "classid": 2616,
              "deptype": "e",
              "extname": "btree_gist",
              "identity": "39923",
              "objsubid": 0,
              "refobjid": 39707,
              "refclassid": 3079
            },
            {
              "objid": 39941,
              "classid": 2616,
              "deptype": "e",
              "extname": "btree_gist",
              "identity": "39941",
              "objsubid": 0,
              "refobjid": 39707,
              "refclassid": 3079
            },
            {
              "objid": 39969,
              "classid": 2616,
              "deptype": "e",
              "extname": "btree_gist",
              "identity": "39969",
              "objsubid": 0,
              "refobjid": 39707,
              "refclassid": 3079
            },
            {
              "objid": 39987,
              "classid": 2616,
              "deptype": "e",
              "extname": "btree_gist",
              "identity": "39987",
              "objsubid": 0,
              "refobjid": 39707,
              "refclassid": 3079
            },
            {
              "objid": 40010,
              "classid": 2616,
              "deptype": "e",
              "extname": "btree_gist",
              "identity": "40010",
              "objsubid": 0,
              "refobjid": 39707,
              "refclassid": 3079
            },
            {
              "objid": 40037,
              "classid": 2616,
              "deptype": "e",
              "extname": "btree_gist",
              "identity": "40037",
              "objsubid": 0,
              "refobjid": 39707,
              "refclassid": 3079
            },
            {
              "objid": 40063,
              "classid": 2616,
              "deptype": "e",
              "extname": "btree_gist",
              "identity": "40063",
              "objsubid": 0,
              "refobjid": 39707,
              "refclassid": 3079
            },
            {
              "objid": 40088,
              "classid": 2616,
              "deptype": "e",
              "extname": "btree_gist",
              "identity": "40088",
              "objsubid": 0,
              "refobjid": 39707,
              "refclassid": 3079
            },
            {
              "objid": 40112,
              "classid": 2616,
              "deptype": "e",
              "extname": "btree_gist",
              "identity": "40112",
              "objsubid": 0,
              "refobjid": 39707,
              "refclassid": 3079
            },
            {
              "objid": 40128,
              "classid": 2616,
              "deptype": "e",
              "extname": "btree_gist",
              "identity": "40128",
              "objsubid": 0,
              "refobjid": 39707,
              "refclassid": 3079
            },
            {
              "objid": 40150,
              "classid": 2616,
              "deptype": "e",
              "extname": "btree_gist",
              "identity": "40150",
              "objsubid": 0,
              "refobjid": 39707,
              "refclassid": 3079
            },
            {
              "objid": 40172,
              "classid": 2616,
              "deptype": "e",
              "extname": "btree_gist",
              "identity": "40172",
              "objsubid": 0,
              "refobjid": 39707,
              "refclassid": 3079
            },
            {
              "objid": 40194,
              "classid": 2616,
              "deptype": "e",
              "extname": "btree_gist",
              "identity": "40194",
              "objsubid": 0,
              "refobjid": 39707,
              "refclassid": 3079
            },
            {
              "objid": 40210,
              "classid": 2616,
              "deptype": "e",
              "extname": "btree_gist",
              "identity": "40210",
              "objsubid": 0,
              "refobjid": 39707,
              "refclassid": 3079
            },
            {
              "objid": 40232,
              "classid": 2616,
              "deptype": "e",
              "extname": "btree_gist",
              "identity": "40232",
              "objsubid": 0,
              "refobjid": 39707,
              "refclassid": 3079
            },
            {
              "objid": 40247,
              "classid": 2616,
              "deptype": "e",
              "extname": "btree_gist",
              "identity": "40247",
              "objsubid": 0,
              "refobjid": 39707,
              "refclassid": 3079
            },
            {
              "objid": 40269,
              "classid": 2616,
              "deptype": "e",
              "extname": "btree_gist",
              "identity": "40269",
              "objsubid": 0,
              "refobjid": 39707,
              "refclassid": 3079
            },
            {
              "objid": 40292,
              "classid": 2616,
              "deptype": "e",
              "extname": "btree_gist",
              "identity": "40292",
              "objsubid": 0,
              "refobjid": 39707,
              "refclassid": 3079
            },
            {
              "objid": 40315,
              "classid": 2616,
              "deptype": "e",
              "extname": "btree_gist",
              "identity": "40315",
              "objsubid": 0,
              "refobjid": 39707,
              "refclassid": 3079
            },
            {
              "objid": 40342,
              "classid": 2616,
              "deptype": "e",
              "extname": "btree_gist",
              "identity": "40342",
              "objsubid": 0,
              "refobjid": 39707,
              "refclassid": 3079
            },
            {
              "objid": 39729,
              "classid": 2617,
              "deptype": "e",
              "extname": "btree_gist",
              "identity": "39729",
              "objsubid": 0,
              "refobjid": 39707,
              "refclassid": 3079
            },
            {
              "objid": 39731,
              "classid": 2617,
              "deptype": "e",
              "extname": "btree_gist",
              "identity": "39731",
              "objsubid": 0,
              "refobjid": 39707,
              "refclassid": 3079
            },
            {
              "objid": 39733,
              "classid": 2617,
              "deptype": "e",
              "extname": "btree_gist",
              "identity": "39733",
              "objsubid": 0,
              "refobjid": 39707,
              "refclassid": 3079
            },
            {
              "objid": 39735,
              "classid": 2617,
              "deptype": "e",
              "extname": "btree_gist",
              "identity": "39735",
              "objsubid": 0,
              "refobjid": 39707,
              "refclassid": 3079
            },
            {
              "objid": 39737,
              "classid": 2617,
              "deptype": "e",
              "extname": "btree_gist",
              "identity": "39737",
              "objsubid": 0,
              "refobjid": 39707,
              "refclassid": 3079
            },
            {
              "objid": 39739,
              "classid": 2617,
              "deptype": "e",
              "extname": "btree_gist",
              "identity": "39739",
              "objsubid": 0,
              "refobjid": 39707,
              "refclassid": 3079
            },
            {
              "objid": 39741,
              "classid": 2617,
              "deptype": "e",
              "extname": "btree_gist",
              "identity": "39741",
              "objsubid": 0,
              "refobjid": 39707,
              "refclassid": 3079
            },
            {
              "objid": 39743,
              "classid": 2617,
              "deptype": "e",
              "extname": "btree_gist",
              "identity": "39743",
              "objsubid": 0,
              "refobjid": 39707,
              "refclassid": 3079
            },
            {
              "objid": 39745,
              "classid": 2617,
              "deptype": "e",
              "extname": "btree_gist",
              "identity": "39745",
              "objsubid": 0,
              "refobjid": 39707,
              "refclassid": 3079
            },
            {
              "objid": 39747,
              "classid": 2617,
              "deptype": "e",
              "extname": "btree_gist",
              "identity": "39747",
              "objsubid": 0,
              "refobjid": 39707,
              "refclassid": 3079
            },
            {
              "objid": 39749,
              "classid": 2617,
              "deptype": "e",
              "extname": "btree_gist",
              "identity": "39749",
              "objsubid": 0,
              "refobjid": 39707,
              "refclassid": 3079
            },
            {
              "objid": 39751,
              "classid": 2617,
              "deptype": "e",
              "extname": "btree_gist",
              "identity": "39751",
              "objsubid": 0,
              "refobjid": 39707,
              "refclassid": 3079
            },
            {
              "objid": 39763,
              "classid": 2753,
              "deptype": "e",
              "extname": "btree_gist",
              "identity": "39763",
              "objsubid": 0,
              "refobjid": 39707,
              "refclassid": 3079
            },
            {
              "objid": 39789,
              "classid": 2753,
              "deptype": "e",
              "extname": "btree_gist",
              "identity": "39789",
              "objsubid": 0,
              "refobjid": 39707,
              "refclassid": 3079
            },
            {
              "objid": 39815,
              "classid": 2753,
              "deptype": "e",
              "extname": "btree_gist",
              "identity": "39815",
              "objsubid": 0,
              "refobjid": 39707,
              "refclassid": 3079
            },
            {
              "objid": 39841,
              "classid": 2753,
              "deptype": "e",
              "extname": "btree_gist",
              "identity": "39841",
              "objsubid": 0,
              "refobjid": 39707,
              "refclassid": 3079
            },
            {
              "objid": 39867,
              "classid": 2753,
              "deptype": "e",
              "extname": "btree_gist",
              "identity": "39867",
              "objsubid": 0,
              "refobjid": 39707,
              "refclassid": 3079
            },
            {
              "objid": 39893,
              "classid": 2753,
              "deptype": "e",
              "extname": "btree_gist",
              "identity": "39893",
              "objsubid": 0,
              "refobjid": 39707,
              "refclassid": 3079
            },
            {
              "objid": 39922,
              "classid": 2753,
              "deptype": "e",
              "extname": "btree_gist",
              "identity": "39922",
              "objsubid": 0,
              "refobjid": 39707,
              "refclassid": 3079
            },
            {
              "objid": 39940,
              "classid": 2753,
              "deptype": "e",
              "extname": "btree_gist",
              "identity": "39940",
              "objsubid": 0,
              "refobjid": 39707,
              "refclassid": 3079
            },
            {
              "objid": 39968,
              "classid": 2753,
              "deptype": "e",
              "extname": "btree_gist",
              "identity": "39968",
              "objsubid": 0,
              "refobjid": 39707,
              "refclassid": 3079
            },
            {
              "objid": 39986,
              "classid": 2753,
              "deptype": "e",
              "extname": "btree_gist",
              "identity": "39986",
              "objsubid": 0,
              "refobjid": 39707,
              "refclassid": 3079
            },
            {
              "objid": 40009,
              "classid": 2753,
              "deptype": "e",
              "extname": "btree_gist",
              "identity": "40009",
              "objsubid": 0,
              "refobjid": 39707,
              "refclassid": 3079
            },
            {
              "objid": 40036,
              "classid": 2753,
              "deptype": "e",
              "extname": "btree_gist",
              "identity": "40036",
              "objsubid": 0,
              "refobjid": 39707,
              "refclassid": 3079
            },
            {
              "objid": 40062,
              "classid": 2753,
              "deptype": "e",
              "extname": "btree_gist",
              "identity": "40062",
              "objsubid": 0,
              "refobjid": 39707,
              "refclassid": 3079
            },
            {
              "objid": 40087,
              "classid": 2753,
              "deptype": "e",
              "extname": "btree_gist",
              "identity": "40087",
              "objsubid": 0,
              "refobjid": 39707,
              "refclassid": 3079
            },
            {
              "objid": 40111,
              "classid": 2753,
              "deptype": "e",
              "extname": "btree_gist",
              "identity": "40111",
              "objsubid": 0,
              "refobjid": 39707,
              "refclassid": 3079
            },
            {
              "objid": 40127,
              "classid": 2753,
              "deptype": "e",
              "extname": "btree_gist",
              "identity": "40127",
              "objsubid": 0,
              "refobjid": 39707,
              "refclassid": 3079
            },
            {
              "objid": 40149,
              "classid": 2753,
              "deptype": "e",
              "extname": "btree_gist",
              "identity": "40149",
              "objsubid": 0,
              "refobjid": 39707,
              "refclassid": 3079
            },
            {
              "objid": 40171,
              "classid": 2753,
              "deptype": "e",
              "extname": "btree_gist",
              "identity": "40171",
              "objsubid": 0,
              "refobjid": 39707,
              "refclassid": 3079
            },
            {
              "objid": 40193,
              "classid": 2753,
              "deptype": "e",
              "extname": "btree_gist",
              "identity": "40193",
              "objsubid": 0,
              "refobjid": 39707,
              "refclassid": 3079
            },
            {
              "objid": 40209,
              "classid": 2753,
              "deptype": "e",
              "extname": "btree_gist",
              "identity": "40209",
              "objsubid": 0,
              "refobjid": 39707,
              "refclassid": 3079
            },
            {
              "objid": 40231,
              "classid": 2753,
              "deptype": "e",
              "extname": "btree_gist",
              "identity": "40231",
              "objsubid": 0,
              "refobjid": 39707,
              "refclassid": 3079
            },
            {
              "objid": 40246,
              "classid": 2753,
              "deptype": "e",
              "extname": "btree_gist",
              "identity": "40246",
              "objsubid": 0,
              "refobjid": 39707,
              "refclassid": 3079
            },
            {
              "objid": 40268,
              "classid": 2753,
              "deptype": "e",
              "extname": "btree_gist",
              "identity": "40268",
              "objsubid": 0,
              "refobjid": 39707,
              "refclassid": 3079
            },
            {
              "objid": 40291,
              "classid": 2753,
              "deptype": "e",
              "extname": "btree_gist",
              "identity": "40291",
              "objsubid": 0,
              "refobjid": 39707,
              "refclassid": 3079
            },
            {
              "objid": 40314,
              "classid": 2753,
              "deptype": "e",
              "extname": "btree_gist",
              "identity": "40314",
              "objsubid": 0,
              "refobjid": 39707,
              "refclassid": 3079
            },
            {
              "objid": 40341,
              "classid": 2753,
              "deptype": "e",
              "extname": "btree_gist",
              "identity": "40341",
              "objsubid": 0,
              "refobjid": 39707,
              "refclassid": 3079
            }
          ]
        },
        "exactSetEqualBeforeAfterReset": true,
        "exactSetEqualAfterResetAfterQual": true,
        "countsAloneInsufficient": true
      }
    },
    {
      "id": "TX_T3_LOCKWAIT_UNAPPROVED_FK_ROLLBACK",
      "kind": "scenario",
      "ok": true,
      "capture": "approved-set-then-lock-wait-then-externally-committed-drift",
      "resetApply": 1,
      "sql": true,
      "observedPhase": "T2_LOCK",
      "commit": false,
      "rollback": null,
      "replay": false,
      "code": "F13_RESET_SQL_FAILED",
      "verdict": "HOLD",
      "executedTransaction": true,
      "note": "holder kept required lock; reset reached T1 and waited; drift committed; T3 rejected before mutation",
      "captureCalls": 1,
      "transportCalls": 1,
      "applyCalls": 1,
      "sqlCalls": 1,
      "mutationPhaseReached": false,
      "processStatus": 3,
      "signal": null,
      "timeout": false,
      "thrown": false,
      "structuredError": null,
      "streams": {
        "capturedBeforeEncode": true,
        "originalStdoutSha256": "e059c7eb074c0e0fddc832e7904f6e4f5c7fdd2cd2ef45177e51b052f82a6f34",
        "originalStdoutByteLength": 474,
        "originalStderrSha256": "159ca70b3d2393c813b7f0a82f3febcc294e579a79c91f0b609f43933f22b282",
        "originalStderrByteLength": 582,
        "packagedStdoutSha256": "e059c7eb074c0e0fddc832e7904f6e4f5c7fdd2cd2ef45177e51b052f82a6f34",
        "packagedStdoutByteLength": 474,
        "packagedStderrSha256": "c2c3fa9c855eb189473bae6aed0ffc8ab37b61ce9f0639635528954f496ea1f5",
        "packagedStderrByteLength": 451,
        "originalByteEqual": false,
        "reconstructedFromSummary": false,
        "transformApplied": true
      },
      "stdout": "{\"schema\" : \"f15-qualification-reset-tx-observation-v1\", \"phase\" : \"T1_BEGIN\", \"event\" : \"began\", \"backendPid\" : 50266, \"datname\" : \"f3_[RUN_OWNED_DB]\", \"applicationName\" : \"f13_qualification_reset\", \"usename\" : \"ubuntu\"}\n{\"schema\" : \"f15-qualification-reset-tx-observation-v1\", \"phase\" : \"T2_LOCK\", \"event\" : \"locked\", \"backendPid\" : 50266, \"datname\" : \"f3_[RUN_OWNED_DB]\", \"applicationName\" : \"f13_qualification_reset\", \"usename\" : \"ubuntu\"}\n",
      "stderr": "psql:[REDACTED_PATH] NOTICE:  F18_RESET_BACKEND pid=50266 datname=f3_[RUN_OWNED_DB] app=f13_qualification_reset\npsql:[REDACTED_PATH] NOTICE:  F18_RESET_LOCK_ACQUIRED pid=50266\npsql:[REDACTED_PATH] ERROR:  F13_UNEXPECTED_OBJECT_OR_DEPENDENCY: live tuple not in FINITE_DEPENDENCY_ALLOWLIST foreign_key|unapproved_accounts_groups_fkey|public.financial_accounts|public.groups\nCONTEXT:  PL/pgSQL function inline_code_block line 123 at RAISE\n",
      "lockWaitObserved": true,
      "lockSamples": [
        {
          "atMs": 0,
          "matched": false,
          "identity": null
        },
        {
          "atMs": 21,
          "matched": false,
          "identity": null
        },
        {
          "atMs": 41,
          "matched": false,
          "identity": null
        },
        {
          "atMs": 61,
          "matched": false,
          "identity": null
        },
        {
          "atMs": 81,
          "matched": false,
          "identity": null
        },
        {
          "atMs": 102,
          "matched": false,
          "identity": null
        },
        {
          "atMs": 122,
          "matched": false,
          "identity": null
        },
        {
          "atMs": 142,
          "matched": false,
          "identity": null
        },
        {
          "atMs": 162,
          "matched": false,
          "identity": null
        },
        {
          "atMs": 182,
          "matched": false,
          "identity": null
        },
        {
          "atMs": 203,
          "matched": false,
          "identity": null
        },
        {
          "atMs": 223,
          "matched": false,
          "identity": null
        },
        {
          "atMs": 243,
          "matched": false,
          "identity": null
        },
        {
          "atMs": 263,
          "matched": false,
          "identity": null
        },
        {
          "atMs": 283,
          "matched": false,
          "identity": null
        },
        {
          "atMs": 303,
          "matched": false,
          "identity": null
        },
        {
          "atMs": 323,
          "matched": false,
          "identity": null
        },
        {
          "atMs": 344,
          "matched": false,
          "identity": null
        },
        {
          "atMs": 364,
          "matched": false,
          "identity": null
        },
        {
          "atMs": 384,
          "matched": false,
          "identity": null
        },
        {
          "atMs": 404,
          "matched": false,
          "identity": null
        },
        {
          "atMs": 424,
          "matched": false,
          "identity": null
        },
        {
          "atMs": 444,
          "matched": false,
          "identity": null
        },
        {
          "atMs": 464,
          "matched": false,
          "identity": null
        },
        {
          "atMs": 485,
          "matched": false,
          "identity": null
        },
        {
          "atMs": 505,
          "matched": false,
          "identity": null
        },
        {
          "atMs": 525,
          "matched": false,
          "identity": null
        },
        {
          "atMs": 545,
          "matched": false,
          "identity": null
        },
        {
          "atMs": 565,
          "matched": false,
          "identity": null
        },
        {
          "atMs": 585,
          "matched": false,
          "identity": null
        },
        {
          "atMs": 605,
          "matched": false,
          "identity": null
        },
        {
          "atMs": 626,
          "matched": false,
          "identity": null
        },
        {
          "atMs": 646,
          "matched": false,
          "identity": null
        },
        {
          "atMs": 666,
          "matched": false,
          "identity": null
        },
        {
          "atMs": 686,
          "matched": false,
          "identity": null
        },
        {
          "atMs": 706,
          "matched": false,
          "identity": null
        },
        {
          "atMs": 726,
          "matched": false,
          "identity": null
        },
        {
          "atMs": 747,
          "matched": false,
          "identity": null
        },
        {
          "atMs": 767,
          "matched": false,
          "identity": null
        },
        {
          "atMs": 787,
          "matched": false,
          "identity": null
        },
        {
          "atMs": 807,
          "matched": false,
          "identity": null
        },
        {
          "atMs": 827,
          "matched": false,
          "identity": null
        },
        {
          "atMs": 848,
          "matched": false,
          "identity": null
        },
        {
          "atMs": 868,
          "matched": false,
          "identity": null
        },
        {
          "atMs": 888,
          "matched": false,
          "identity": null
        },
        {
          "atMs": 908,
          "matched": false,
          "identity": null
        },
        {
          "atMs": 928,
          "matched": false,
          "identity": null
        },
        {
          "atMs": 948,
          "matched": false,
          "identity": null
        },
        {
          "atMs": 969,
          "matched": false,
          "identity": null
        },
        {
          "atMs": 989,
          "matched": false,
          "identity": null
        },
        {
          "atMs": 1009,
          "matched": false,
          "identity": null
        },
        {
          "atMs": 1029,
          "matched": false,
          "identity": null
        },
        {
          "atMs": 1050,
          "matched": false,
          "identity": null
        },
        {
          "atMs": 1070,
          "matched": true,
          "identity": {
            "schema": "f15-qualification-reset-tx-observation-v1",
            "phase": "T1_BEGIN",
            "event": "began",
            "backendPid": 50266,
            "datname": "f3_[RUN_OWNED_DB]",
            "applicationName": "f13_qualification_reset",
            "usename": "ubuntu",
            "source": "observation",
            "executionId": "f18_reset_46946_1789877451359_3709f5f89229a",
            "workerPid": 49839,
            "writtenAt": "2026-09-20T04:10:52.431Z"
          }
        },
        {
          "atMs": 25,
          "matched": true,
          "datname": "f3_[RUN_OWNED_DB]",
          "relation": "public.financial_accounts",
          "holder": {
            "pid": 49838,
            "mode": "AccessExclusiveLock",
            "granted": true,
            "locktype": "relation",
            "relation": "public.financial_accounts"
          },
          "resetWaiter": {
            "pid": 50266,
            "mode": "AccessExclusiveLock",
            "granted": false,
            "locktype": "relation",
            "relation": "public.financial_accounts",
            "blockedByHolder": true
          },
          "resetGranted": null
        },
        {
          "atMs": 22,
          "matched": true,
          "acquired": {
            "schema": "f15-qualification-reset-tx-observation-v1",
            "phase": "T2_LOCK",
            "event": "locked",
            "backendPid": 50266,
            "datname": "f3_[RUN_OWNED_DB]",
            "applicationName": "f13_qualification_reset",
            "usename": "ubuntu",
            "source": "observation",
            "executionId": "f18_reset_46946_1789877451359_3709f5f89229a",
            "workerPid": 49839,
            "writtenAt": "2026-09-20T04:10:52.471Z"
          },
          "live": {
            "datname": "f3_[RUN_OWNED_DB]",
            "relation": "public.financial_accounts",
            "holder": null,
            "resetWaiter": null,
            "resetGranted": null
          },
          "t2Same": true,
          "granted": false
        }
      ],
      "preResetCommittedDrift": {
        "retained": "unapproved_accounts_groups_fkey",
        "observedAfterHolderCommit": "unapproved_accounts_groups_fkey"
      },
      "interleaving": {
        "t1ReachedThenWaited": true,
        "resetProcessId": 49839,
        "resetBackendPid": 50266,
        "resetExecutionId": "f18_reset_46946_1789877451359_3709f5f89229a",
        "holderBackendPid": 49838,
        "datname": "f3_[RUN_OWNED_DB]",
        "relation": "public.financial_accounts",
        "holderLock": {
          "pid": 49838,
          "mode": "AccessExclusiveLock",
          "granted": true,
          "locktype": "relation",
          "relation": "public.financial_accounts"
        },
        "waiterLock": {
          "pid": 50266,
          "mode": "AccessExclusiveLock",
          "granted": false,
          "locktype": "relation",
          "relation": "public.financial_accounts",
          "blockedByHolder": true
        },
        "isolation": "READ COMMITTED",
        "inferredFromAnyWaiter": false,
        "inferredFromApplicationNameAlone": false,
        "inferredFromEventTypeAlone": false
      },
      "backendBoundLock": {
        "observation": {
          "resetProcessId": 49839,
          "resetBackendPid": 50266,
          "resetExecutionId": "f18_reset_46946_1789877451359_3709f5f89229a",
          "holderBackendPid": 49838,
          "datname": "f3_[RUN_OWNED_DB]",
          "relation": "public.financial_accounts",
          "holderLock": {
            "pid": 49838,
            "mode": "AccessExclusiveLock",
            "granted": true,
            "locktype": "relation",
            "relation": "public.financial_accounts"
          },
          "waiterLock": {
            "pid": 50266,
            "mode": "AccessExclusiveLock",
            "granted": false,
            "locktype": "relation",
            "relation": "public.financial_accounts",
            "blockedByHolder": true
          },
          "resetWaitOnHolder": {
            "waiterPid": 50266,
            "holderPid": 49838,
            "blockedByHolder": true
          },
          "holderCommitted": true,
          "holderResult": {
            "ok": true
          },
          "committedCatalogChange": true,
          "lockAcquisitionByResetBackend": {
            "resetBackendPid": 50266,
            "relation": "public.financial_accounts",
            "granted": false,
            "t2LockedSameBackend": true,
            "afterHolderCommit": true
          },
          "t3RejectionFromSameReset": {
            "sameResetExecution": true,
            "rejected": true,
            "mutationPhaseReached": false,
            "code": "F13_RESET_SQL_FAILED"
          },
          "appliedSqlIdentity": "3118ee6f1937bfc0e1aa6e752e8aa039e0e4ea297e01fc62a75e22f0cb48f319",
          "postconditionsComplete": true,
          "inferredFromAnyWaiter": false,
          "inferredFromApplicationNameAlone": false,
          "inferredFromEventTypeAlone": false
        },
        "proof": {
          "schema": "f18-qualification-reset-backend-bound-lock-v1",
          "ok": true,
          "pass": true,
          "failures": [],
          "code": null
        }
      },
      "holderCommitted": true,
      "holderResult": {
        "ok": true
      },
      "timedOut": false,
      "status": 3,
      "appliedSqlIdentity": "3118ee6f1937bfc0e1aa6e752e8aa039e0e4ea297e01fc62a75e22f0cb48f319",
      "reparseAttestation": {
        "ok": true,
        "consistent": true,
        "schema": "f18-qualification-reset-stored-process-adapter-v1",
        "parsedOk": true,
        "observationCount": 2,
        "lastEvent": {
          "schema": "f15-qualification-reset-tx-observation-v1",
          "phase": "T2_LOCK",
          "event": "locked",
          "backendPid": 50266,
          "datname": "f3_[RUN_OWNED_DB]",
          "applicationName": "f13_qualification_reset",
          "usename": "ubuntu"
        },
        "interpretedCommitted": false,
        "interpretedVerdictPath": "HOLD",
        "phaseReached": "T2_LOCK",
        "t7CommitAttempted": false,
        "t7CommittedTrue": false,
        "processStatus": 3,
        "processFailed": true,
        "genuineSuccess": false,
        "genuineFailure": true,
        "successClaimedUncommitted": false,
        "failureBecameCommitted": false,
        "mappedProcessStatusToStatus": false
      },
      "processEvidenceRejected": false
    },
    {
      "id": "TX_T3_LOCKWAIT_RETARGETED_FK_ROLLBACK",
      "kind": "scenario",
      "ok": true,
      "capture": "approved-set-then-lock-wait-then-externally-committed-drift",
      "resetApply": 1,
      "sql": true,
      "observedPhase": "T2_LOCK",
      "commit": false,
      "rollback": null,
      "replay": false,
      "code": "F13_RESET_SQL_FAILED",
      "verdict": "HOLD",
      "executedTransaction": true,
      "note": "holder kept memberships lock; reset waited; approved identity retargeted; T3 rejected before mutation",
      "captureCalls": 1,
      "transportCalls": 1,
      "applyCalls": 1,
      "sqlCalls": 1,
      "mutationPhaseReached": false,
      "processStatus": 3,
      "signal": null,
      "timeout": false,
      "thrown": false,
      "structuredError": null,
      "streams": {
        "capturedBeforeEncode": true,
        "originalStdoutSha256": "c49694df380b1d51c2a1e5877d04faf078880b462c6c6ba1f9d486f27a3cd27d",
        "originalStdoutByteLength": 474,
        "originalStderrSha256": "eb740c18ed8fbd259b1bc3d697dd16d20630c8cda884e5eae3048800c09f0f8d",
        "originalStderrByteLength": 571,
        "packagedStdoutSha256": "c49694df380b1d51c2a1e5877d04faf078880b462c6c6ba1f9d486f27a3cd27d",
        "packagedStdoutByteLength": 474,
        "packagedStderrSha256": "b39e72ac7ca6cd057f8e8c3f87da571d9eddb130747ff0d825c5af0a91ef04c0",
        "packagedStderrByteLength": 440,
        "originalByteEqual": false,
        "reconstructedFromSummary": false,
        "transformApplied": true
      },
      "stdout": "{\"schema\" : \"f15-qualification-reset-tx-observation-v1\", \"phase\" : \"T1_BEGIN\", \"event\" : \"began\", \"backendPid\" : 50743, \"datname\" : \"f3_[RUN_OWNED_DB]\", \"applicationName\" : \"f13_qualification_reset\", \"usename\" : \"ubuntu\"}\n{\"schema\" : \"f15-qualification-reset-tx-observation-v1\", \"phase\" : \"T2_LOCK\", \"event\" : \"locked\", \"backendPid\" : 50743, \"datname\" : \"f3_[RUN_OWNED_DB]\", \"applicationName\" : \"f13_qualification_reset\", \"usename\" : \"ubuntu\"}\n",
      "stderr": "psql:[REDACTED_PATH] NOTICE:  F18_RESET_BACKEND pid=50743 datname=f3_[RUN_OWNED_DB] app=f13_qualification_reset\npsql:[REDACTED_PATH] NOTICE:  F18_RESET_LOCK_ACQUIRED pid=50743\npsql:[REDACTED_PATH] ERROR:  F13_UNEXPECTED_OBJECT_OR_DEPENDENCY: live tuple not in FINITE_DEPENDENCY_ALLOWLIST foreign_key|memberships_group_id_fkey|public.memberships|public.profiles\nCONTEXT:  PL/pgSQL function inline_code_block line 123 at RAISE\n",
      "lockWaitObserved": true,
      "lockSamples": [
        {
          "atMs": 0,
          "matched": false,
          "identity": null
        },
        {
          "atMs": 20,
          "matched": false,
          "identity": null
        },
        {
          "atMs": 40,
          "matched": false,
          "identity": null
        },
        {
          "atMs": 60,
          "matched": false,
          "identity": null
        },
        {
          "atMs": 80,
          "matched": false,
          "identity": null
        },
        {
          "atMs": 101,
          "matched": false,
          "identity": null
        },
        {
          "atMs": 121,
          "matched": false,
          "identity": null
        },
        {
          "atMs": 141,
          "matched": false,
          "identity": null
        },
        {
          "atMs": 161,
          "matched": false,
          "identity": null
        },
        {
          "atMs": 181,
          "matched": false,
          "identity": null
        },
        {
          "atMs": 201,
          "matched": false,
          "identity": null
        },
        {
          "atMs": 221,
          "matched": false,
          "identity": null
        },
        {
          "atMs": 241,
          "matched": false,
          "identity": null
        },
        {
          "atMs": 262,
          "matched": false,
          "identity": null
        },
        {
          "atMs": 282,
          "matched": false,
          "identity": null
        },
        {
          "atMs": 302,
          "matched": false,
          "identity": null
        },
        {
          "atMs": 322,
          "matched": false,
          "identity": null
        },
        {
          "atMs": 342,
          "matched": false,
          "identity": null
        },
        {
          "atMs": 362,
          "matched": false,
          "identity": null
        },
        {
          "atMs": 382,
          "matched": false,
          "identity": null
        },
        {
          "atMs": 403,
          "matched": false,
          "identity": null
        },
        {
          "atMs": 423,
          "matched": false,
          "identity": null
        },
        {
          "atMs": 443,
          "matched": false,
          "identity": null
        },
        {
          "atMs": 463,
          "matched": false,
          "identity": null
        },
        {
          "atMs": 483,
          "matched": false,
          "identity": null
        },
        {
          "atMs": 503,
          "matched": false,
          "identity": null
        },
        {
          "atMs": 523,
          "matched": false,
          "identity": null
        },
        {
          "atMs": 544,
          "matched": false,
          "identity": null
        },
        {
          "atMs": 564,
          "matched": false,
          "identity": null
        },
        {
          "atMs": 584,
          "matched": false,
          "identity": null
        },
        {
          "atMs": 604,
          "matched": false,
          "identity": null
        },
        {
          "atMs": 624,
          "matched": false,
          "identity": null
        },
        {
          "atMs": 644,
          "matched": false,
          "identity": null
        },
        {
          "atMs": 665,
          "matched": false,
          "identity": null
        },
        {
          "atMs": 685,
          "matched": false,
          "identity": null
        },
        {
          "atMs": 705,
          "matched": false,
          "identity": null
        },
        {
          "atMs": 725,
          "matched": false,
          "identity": null
        },
        {
          "atMs": 745,
          "matched": false,
          "identity": null
        },
        {
          "atMs": 765,
          "matched": false,
          "identity": null
        },
        {
          "atMs": 786,
          "matched": false,
          "identity": null
        },
        {
          "atMs": 806,
          "matched": false,
          "identity": null
        },
        {
          "atMs": 826,
          "matched": false,
          "identity": null
        },
        {
          "atMs": 846,
          "matched": false,
          "identity": null
        },
        {
          "atMs": 866,
          "matched": false,
          "identity": null
        },
        {
          "atMs": 887,
          "matched": false,
          "identity": null
        },
        {
          "atMs": 907,
          "matched": false,
          "identity": null
        },
        {
          "atMs": 927,
          "matched": false,
          "identity": null
        },
        {
          "atMs": 947,
          "matched": false,
          "identity": null
        },
        {
          "atMs": 967,
          "matched": false,
          "identity": null
        },
        {
          "atMs": 987,
          "matched": false,
          "identity": null
        },
        {
          "atMs": 1008,
          "matched": false,
          "identity": null
        },
        {
          "atMs": 1028,
          "matched": false,
          "identity": null
        },
        {
          "atMs": 1048,
          "matched": false,
          "identity": null
        },
        {
          "atMs": 1068,
          "matched": false,
          "identity": null
        },
        {
          "atMs": 1088,
          "matched": false,
          "identity": null
        },
        {
          "atMs": 1108,
          "matched": false,
          "identity": null
        },
        {
          "atMs": 1128,
          "matched": false,
          "identity": null
        },
        {
          "atMs": 1149,
          "matched": false,
          "identity": null
        },
        {
          "atMs": 1169,
          "matched": false,
          "identity": null
        },
        {
          "atMs": 1189,
          "matched": false,
          "identity": null
        },
        {
          "atMs": 1209,
          "matched": false,
          "identity": null
        },
        {
          "atMs": 1229,
          "matched": true,
          "identity": {
            "schema": "f15-qualification-reset-tx-observation-v1",
            "phase": "T1_BEGIN",
            "event": "began",
            "backendPid": 50743,
            "datname": "f3_[RUN_OWNED_DB]",
            "applicationName": "f13_qualification_reset",
            "usename": "ubuntu",
            "source": "observation",
            "executionId": "f18_reset_46946_1789877453046_a86f17305309d",
            "workerPid": 50315,
            "writtenAt": "2026-09-20T04:10:54.273Z"
          }
        },
        {
          "atMs": 25,
          "matched": true,
          "datname": "f3_[RUN_OWNED_DB]",
          "relation": "public.memberships",
          "holder": {
            "pid": 50314,
            "mode": "AccessExclusiveLock",
            "granted": true,
            "locktype": "relation",
            "relation": "public.memberships"
          },
          "resetWaiter": {
            "pid": 50743,
            "mode": "AccessExclusiveLock",
            "granted": false,
            "locktype": "relation",
            "relation": "public.memberships",
            "blockedByHolder": true
          },
          "resetGranted": null
        },
        {
          "atMs": 23,
          "matched": true,
          "acquired": {
            "schema": "f15-qualification-reset-tx-observation-v1",
            "phase": "T2_LOCK",
            "event": "locked",
            "backendPid": 50743,
            "datname": "f3_[RUN_OWNED_DB]",
            "applicationName": "f13_qualification_reset",
            "usename": "ubuntu",
            "source": "observation",
            "executionId": "f18_reset_46946_1789877453046_a86f17305309d",
            "workerPid": 50315,
            "writtenAt": "2026-09-20T04:10:54.323Z"
          },
          "live": {
            "datname": "f3_[RUN_OWNED_DB]",
            "relation": "public.memberships",
            "holder": null,
            "resetWaiter": null,
            "resetGranted": null
          },
          "t2Same": true,
          "granted": false
        }
      ],
      "preResetCommittedDrift": {
        "retained": "public.profiles",
        "observedAfterHolderCommit": "public.profiles"
      },
      "interleaving": {
        "t1ReachedThenWaited": true,
        "resetProcessId": 50315,
        "resetBackendPid": 50743,
        "resetExecutionId": "f18_reset_46946_1789877453046_a86f17305309d",
        "holderBackendPid": 50314,
        "datname": "f3_[RUN_OWNED_DB]",
        "relation": "public.memberships",
        "holderLock": {
          "pid": 50314,
          "mode": "AccessExclusiveLock",
          "granted": true,
          "locktype": "relation",
          "relation": "public.memberships"
        },
        "waiterLock": {
          "pid": 50743,
          "mode": "AccessExclusiveLock",
          "granted": false,
          "locktype": "relation",
          "relation": "public.memberships",
          "blockedByHolder": true
        },
        "isolation": "READ COMMITTED",
        "inferredFromAnyWaiter": false,
        "inferredFromApplicationNameAlone": false,
        "inferredFromEventTypeAlone": false
      },
      "backendBoundLock": {
        "observation": {
          "resetProcessId": 50315,
          "resetBackendPid": 50743,
          "resetExecutionId": "f18_reset_46946_1789877453046_a86f17305309d",
          "holderBackendPid": 50314,
          "datname": "f3_[RUN_OWNED_DB]",
          "relation": "public.memberships",
          "holderLock": {
            "pid": 50314,
            "mode": "AccessExclusiveLock",
            "granted": true,
            "locktype": "relation",
            "relation": "public.memberships"
          },
          "waiterLock": {
            "pid": 50743,
            "mode": "AccessExclusiveLock",
            "granted": false,
            "locktype": "relation",
            "relation": "public.memberships",
            "blockedByHolder": true
          },
          "resetWaitOnHolder": {
            "waiterPid": 50743,
            "holderPid": 50314,
            "blockedByHolder": true
          },
          "holderCommitted": true,
          "holderResult": {
            "ok": true
          },
          "committedCatalogChange": true,
          "lockAcquisitionByResetBackend": {
            "resetBackendPid": 50743,
            "relation": "public.memberships",
            "granted": false,
            "t2LockedSameBackend": true,
            "afterHolderCommit": true
          },
          "t3RejectionFromSameReset": {
            "sameResetExecution": true,
            "rejected": true,
            "mutationPhaseReached": false,
            "code": "F13_RESET_SQL_FAILED"
          },
          "appliedSqlIdentity": "3118ee6f1937bfc0e1aa6e752e8aa039e0e4ea297e01fc62a75e22f0cb48f319",
          "postconditionsComplete": true,
          "inferredFromAnyWaiter": false,
          "inferredFromApplicationNameAlone": false,
          "inferredFromEventTypeAlone": false
        },
        "proof": {
          "schema": "f18-qualification-reset-backend-bound-lock-v1",
          "ok": true,
          "pass": true,
          "failures": [],
          "code": null
        }
      },
      "holderCommitted": true,
      "holderResult": {
        "ok": true
      },
      "timedOut": false,
      "status": 3,
      "appliedSqlIdentity": "3118ee6f1937bfc0e1aa6e752e8aa039e0e4ea297e01fc62a75e22f0cb48f319",
      "reparseAttestation": {
        "ok": true,
        "consistent": true,
        "schema": "f18-qualification-reset-stored-process-adapter-v1",
        "parsedOk": true,
        "observationCount": 2,
        "lastEvent": {
          "schema": "f15-qualification-reset-tx-observation-v1",
          "phase": "T2_LOCK",
          "event": "locked",
          "backendPid": 50743,
          "datname": "f3_[RUN_OWNED_DB]",
          "applicationName": "f13_qualification_reset",
          "usename": "ubuntu"
        },
        "interpretedCommitted": false,
        "interpretedVerdictPath": "HOLD",
        "phaseReached": "T2_LOCK",
        "t7CommitAttempted": false,
        "t7CommittedTrue": false,
        "processStatus": 3,
        "processFailed": true,
        "genuineSuccess": false,
        "genuineFailure": true,
        "successClaimedUncommitted": false,
        "failureBecameCommitted": false,
        "mappedProcessStatusToStatus": false
      },
      "processEvidenceRejected": false
    }
  ],
  "passCount": 47,
  "failCount": 0,
  "overallOk": true
}
